{"type": "FeatureCollection", "name": "bma_signal_junctions", "crs": {"type": "name", "properties": {"name": "urn:ogc:def:crs:OGC:1.3:CRS84"}}, "features": [{"type": "Feature", "properties": {"code": "1", "name": "อุรุพงษ์", "road_main": "พระรามที่ 6", "road_sub": "เพชรบุรี", "police": "พญาไท", "district": "ราชเทวี", "status": "Y", "controller": "Forth", "match_by": "code"}, "geometry": {"type": "Point", "coordinates": [100.52348, 13.75614]}}, {"type": "Feature", "properties": {"code": "2", "name": "กษัตริย์ศึก", "road_main": "กรุงเกษม", "road_sub": "บำรุงเมือง", "police": "พลับพลาไชย 1", "district": "ป้อมปราบ", "status": "Y", "controller": "Forth", "match_by": "code"}, "geometry": {"type": "Point", "coordinates": [100.51673, 13.74908]}}, {"type": "Feature", "properties": {"code": "3", "name": "ราชประสงค์", "road_main": "พระรามที่ 1", "road_sub": "ราชดำริ", "police": "ลุมพินี", "district": "ปทุมวัน", "status": "Y", "controller": "GeTs", "match_by": "code"}, "geometry": {"type": "Point", "coordinates": [100.54024, 13.74453]}}, {"type": "Feature", "properties": {"code": "4", "name": "บางรัก", "road_main": "เจริญกรุง", "road_sub": "สีลม", "police": "ยานนาวา", "district": "บางรัก", "status": "Y", "controller": "Forth", "match_by": "code"}, "geometry": {"type": "Point", "coordinates": [100.51664, 13.72223]}}, {"type": "Feature", "properties": {"code": "5", "name": "พระโขนง", "road_main": "สุขุมวิท", "road_sub": "พระรามที่ 4 (ซอยสุขุมวิท 71)", "police": "พระโขนง", "district": "คลองเตย", "status": "Y", "controller": "Adaptive", "match_by": "code"}, "geometry": {"type": "Point", "coordinates": [100.59253, 13.71427]}}, {"type": "Feature", "properties": {"code": "6", "name": "สะพานแดง", "road_main": "พระรามที่ 5", "road_sub": "ทหาร/เตชะวณิช", "police": "เตาปูน", "district": "ดุสิต", "status": "Y", "controller": "Forth", "match_by": "code"}, "geometry": {"type": "Point", "coordinates": [100.52995, 13.79346]}}, {"type": "Feature", "properties": {"code": "7", "name": "พรานนก", "road_main": "อิสระภาพ", "road_sub": "พรานนก", "police": "บางกอกน้อย", "district": "บางกอกน้อย", "status": "Y", "controller": "Forth", "match_by": "code"}, "geometry": {"type": "Point", "coordinates": [100.47802, 13.75553]}}, {"type": "Feature", "properties": {"code": "8", "name": "หัวลำโพง", "road_main": "พระรามที่ 4", "road_sub": "มหาพฤฒาราม", "police": "ปทุมวัน", "district": "ปทุมวัน", "status": "Y", "controller": "Forth", "match_by": "code"}, "geometry": {"type": "Point", "coordinates": [100.51631, 13.73785]}}, {"type": "Feature", "properties": {"code": "9", "name": "ป้อมมหากาฬ", "road_main": "ราชดำเนินกลาง", "road_sub": "มหาไชย - พระสุเมรุ", "police": "สำราญราษฎร์", "district": "พระนคร", "status": "Y", "controller": "Forth", "match_by": "code"}, "geometry": {"type": "Point", "coordinates": [100.50515, 13.75602]}}, {"type": "Feature", "properties": {"code": "10", "name": "ผ่านฟ้า", "road_main": "ราชดำเนินนอก", "road_sub": "นครสวรรค์ - หลานหลวง", "police": "นางเลิ้ง", "district": "ป้อมปราบฯ", "status": "Y", "controller": "GeTs", "match_by": "code"}, "geometry": {"type": "Point", "coordinates": [100.5059, 13.75633]}}, {"type": "Feature", "properties": {"code": "11", "name": "มัฆวาน", "road_main": "ราชดำเนินนอก", "road_sub": "กรุงเกษม ", "police": "นางเลิ้ง", "district": "พระนคร", "status": "Y", "controller": "Forth", "match_by": "code"}, "geometry": {"type": "Point", "coordinates": [100.50928, 13.76339]}}, {"type": "Feature", "properties": {"code": "12", "name": "จ.ป.ร.", "road_main": "ราชดำเนินนอก", "road_sub": "วิสุทธิกษัตริย์ - จักรพรรดิพงษ์", "police": "นางเลิ้ง", "district": "พระนคร", "status": "Y", "controller": "Forth", "match_by": "code"}, "geometry": {"type": "Point", "coordinates": [100.50768, 13.75997]}}, {"type": "Feature", "properties": {"code": "13", "name": "ผ่านพิภพลีลา", "road_main": "ราชดำเนินกลาง", "road_sub": "ราชดำเนินใน ", "police": "ชนะสงคราม", "district": "พระนคร", "status": "Y", "controller": "Forth", "match_by": "code"}, "geometry": {"type": "Point", "coordinates": [100.49479, 13.75703]}}, {"type": "Feature", "properties": {"code": "14", "name": "การเรือน", "road_main": "ราชวิถี", "road_sub": "ราชสีมา", "police": "สามเสน", "district": "ดุสิต", "status": "Y", "controller": "Forth", "match_by": "code"}, "geometry": {"type": "Point", "coordinates": [100.51174, 13.77687]}}, {"type": "Feature", "properties": {"code": "15", "name": "วัดเบญจฯ", "road_main": "พระรามที่ 5", "road_sub": "ศรีอยุธยา", "police": "ดุสิต", "district": "ดุสิต", "status": "Y", "controller": "Forth", "match_by": "code"}, "geometry": {"type": "Point", "coordinates": [100.51525, 13.76652]}}, {"type": "Feature", "properties": {"code": "16", "name": "ศรีย่าน", "road_main": "สามเสน", "road_sub": "นครไชยศรี", "police": "สามเสน", "district": "ดุสิต", "status": "Y", "controller": "Forth", "match_by": "code"}, "geometry": {"type": "Point", "coordinates": [100.51179, 13.78536]}}, {"type": "Feature", "properties": {"code": "17", "name": "ซังฮี้", "road_main": "สามเสน", "road_sub": "ราชวิถี", "police": "สามเสน", "district": "ดุสิต", "status": "Y", "controller": "Forth", "match_by": "code"}, "geometry": {"type": "Point", "coordinates": [100.50844, 13.77837]}}, {"type": "Feature", "properties": {"code": "18", "name": "ราชเทวี", "road_main": "พญาไท", "road_sub": "เพชรบุรี", "police": "พญาไท", "district": "ราชเทวี", "status": "Y", "controller": "Forth", "match_by": "code"}, "geometry": {"type": "Point", "coordinates": [100.53178, 13.75324]}}, {"type": "Feature", "properties": {"code": "19", "name": "สามเหลี่ยมดินแดง", "road_main": "ราชวิถี", "road_sub": "ราชปรารภ - ดินแดง", "police": "ดินแดง", "district": "ราชเทวี", "status": "Y", "controller": "Forth", "match_by": "code"}, "geometry": {"type": "Point", "coordinates": [100.54276, 13.76279]}}, {"type": "Feature", "properties": {"code": "20", "name": "เพลินจิต", "road_main": "เพลินจิต", "road_sub": "วิทยุ", "police": "ลุมพินี", "district": "ปทุมวัน", "status": "Y", "controller": "Adaptive", "match_by": "code"}, "geometry": {"type": "Point", "coordinates": [100.54756, 13.74333]}}, {"type": "Feature", "properties": {"code": "21", "name": "อุ่ทองใน", "road_main": "ราชวิถี", "road_sub": "พิชัย - อู่ทองใน", "police": "ดุสิต", "district": "ดุสิต", "status": "Y", "controller": "Forth", "match_by": "code"}, "geometry": {"type": "Point", "coordinates": [100.51492, 13.77543]}}, {"type": "Feature", "properties": {"code": "22", "name": "ประตูน้ำ", "road_main": "เพชรบุรี", "road_sub": "ราชปรารถ", "police": "พญาไท", "district": "ราชเทวี", "status": "Y", "controller": "Adaptive", "match_by": "code"}, "geometry": {"type": "Point", "coordinates": [100.54109, 13.74996]}}, {"type": "Feature", "properties": {"code": "23", "name": "ศูนย์รักษาความปลอดภัย", "road_main": "ลาดปลาเค้า", "road_sub": "ลาดปลาเค้า 81", "police": "บางเขน", "district": "บางเขน", "status": "Y", "controller": "Forth", "match_by": "code"}, "geometry": {"type": "Point", "coordinates": [100.60914, 13.85605]}}, {"type": "Feature", "properties": {"code": "24", "name": "จุฬา 12", "road_main": "พญาไท", "road_sub": "จุฬาซอย 12", "police": "ปทุมวัน", "district": "ปทุมวัน", "status": "Y", "controller": "Adaptive", "match_by": "code"}, "geometry": {"type": "Point", "coordinates": [100.53023, 13.74273]}}, {"type": "Feature", "properties": {"code": "25", "name": "ลาดพร้าว 71 - สังคมสงเคราะห์", "road_main": "ลาดพร้าว 71", "road_sub": "สังคมสงเคราะห์", "police": "โชคชัย", "district": "ลาดพร้าว", "status": "Y", "controller": "Forth", "match_by": "code"}, "geometry": {"type": "Point", "coordinates": [100.60909, 13.79506]}}, {"type": "Feature", "properties": {"code": "26", "name": "เทวกรรม", "road_main": "นครสวรรค์", "road_sub": "กรุงเกษม - ลูกหลวง", "police": "นางเลิ้ง", "district": "ป้อมปราบฯ", "status": "Y", "controller": "Forth", "match_by": "code"}, "geometry": {"type": "Point", "coordinates": [100.51269, 13.76008]}}, {"type": "Feature", "properties": {"code": "27", "name": "วังหิน", "road_main": "เสนานิคม 1", "road_sub": "สุขาภิบาล-บางกะปิ", "police": "โชคชัย", "district": "ลาดพร้าว", "status": "Y", "controller": "Forth", "match_by": "code"}, "geometry": {"type": "Point", "coordinates": [100.5918, 13.83187]}}, {"type": "Feature", "properties": {"code": "28", "name": "ราชวัตร", "road_main": "พระรามที่ 5", "road_sub": "นครไชยศรี", "police": "ดุสิต", "district": "ดุสิต", "status": "Y", "controller": "Forth", "match_by": "code"}, "geometry": {"type": "Point", "coordinates": [100.52233, 13.7795]}}, {"type": "Feature", "properties": {"code": "29", "name": "ห้าแยกพลับพลาไชย", "road_main": "หลวง", "road_sub": "พลับพลาไชย - ไมตรีจิต", "police": "พลับพลาไชย 1", "district": "ป้อมปราบฯ", "status": "Y", "controller": "Forth", "match_by": "code"}, "geometry": {"type": "Point", "coordinates": [100.51179, 13.7464]}}, {"type": "Feature", "properties": {"code": "30", "name": "รพ.กลาง", "road_main": "หลวง", "road_sub": "เสือป่า", "police": "พลับพลาไชย 1", "district": "ป้อมปราบฯ", "status": "Y", "controller": "Forth", "match_by": "code"}, "geometry": {"type": "Point", "coordinates": [100.51035, 13.74689]}}, {"type": "Feature", "properties": {"code": "31", "name": "พิชัย", "road_main": "พิชัย", "road_sub": "นครไชยศรี", "police": "สามเสน", "district": "ดุสิต", "status": "Y", "controller": "Forth", "match_by": "code"}, "geometry": {"type": "Point", "coordinates": [100.51804, 13.7819]}}, {"type": "Feature", "properties": {"code": "32", "name": "จักรพรรดิพงษ์", "road_main": "นครสวรรค์", "road_sub": "จักรพรรดิพงษ์", "police": "นางเลิ้ง", "district": "ป้อมปราบฯ", "status": "Y", "controller": "Forth", "match_by": "code"}, "geometry": {"type": "Point", "coordinates": [100.50951, 13.75825]}}, {"type": "Feature", "properties": {"code": "33", "name": "ตรอกจันทน์", "road_main": "เจริญกรุง", "road_sub": "จันทน์", "police": "วัดวัดพระยาไกร", "district": "บางคอแหลม", "status": "Y", "controller": "Forth", "match_by": "code"}, "geometry": {"type": "Point", "coordinates": [100.51136, 13.71011]}}, {"type": "Feature", "properties": {"code": "34", "name": "นางเลิ้ง", "road_main": "นครสวรรค์", "road_sub": "พิษณุโลก", "police": "นางเลิ้ง", "district": "ดุสิต", "status": "Y", "controller": "Forth", "match_by": "code"}, "geometry": {"type": "Point", "coordinates": [100.51542, 13.76167]}}, {"type": "Feature", "properties": {"code": "35", "name": "เสาวณี", "road_main": "ศรีอยุธยา", "road_sub": "สวรรคโลก", "police": "ดุสิต", "district": "ดุสิต", "status": "Y", "controller": "GeTs", "match_by": "code"}, "geometry": {"type": "Point", "coordinates": [100.52293, 13.76306]}}, {"type": "Feature", "properties": {"code": "36", "name": "เมอริคิงส์", "road_main": "มหาไชย", "road_sub": "เยาวราช", "police": "พระราชวัง", "district": "พระนคร", "status": "Y", "controller": "Forth", "match_by": "code"}, "geometry": {"type": "Point", "coordinates": [100.50262, 13.74504]}}, {"type": "Feature", "properties": {"code": "37", "name": "สะพานขาว", "road_main": "หลานหลวง", "road_sub": "กรุงเกษม - ลูกหลวง", "police": "นางเลิ้ง", "district": "ป้อมปราบฯ", "status": "Y", "controller": "GeTs", "match_by": "code"}, "geometry": {"type": "Point", "coordinates": [100.51608, 13.75659]}}, {"type": "Feature", "properties": {"code": "38", "name": "สะพานควาย", "road_main": "พหลโยธิน", "road_sub": "ประดิพัทธ์", "police": "บางซื่อ", "district": "พญาไท", "status": "Y", "controller": "Forth", "match_by": "code"}, "geometry": {"type": "Point", "coordinates": [100.54828, 13.78977]}}, {"type": "Feature", "properties": {"code": "39", "name": "ตึกชัย", "road_main": "ราชวิถี", "road_sub": "พระรามที่ 6", "police": "พญาไท", "district": "ราชเทวี", "status": "Y", "controller": "GeTs", "match_by": "code"}, "geometry": {"type": "Point", "coordinates": [100.52876, 13.76923]}}, {"type": "Feature", "properties": {"code": "40", "name": "ยมราช", "road_main": "เพชรบุรี", "road_sub": "สวรรคโลก - หลานหลวง - พิษณุโลก", "police": "นางเลิ้ง", "district": "ดุสิต", "status": "Y", "controller": "GeTs", "match_by": "code"}, "geometry": {"type": "Point", "coordinates": [100.52054, 13.75728]}}, {"type": "Feature", "properties": {"code": "41", "name": "เฉลิมเผ่า", "road_main": "พระรามที่ 1", "road_sub": "อังรีดูนังต์", "police": "ปทุมวัน", "district": "ปทุมวัน", "status": "Y", "controller": "Forth", "match_by": "code"}, "geometry": {"type": "Point", "coordinates": [100.53588, 13.74528]}}, {"type": "Feature", "properties": {"code": "42", "name": "ชิดลม", "road_main": "เพลินจิต", "road_sub": "ชิดลม", "police": "ลุมพินี", "district": "ปทุมวัน", "status": "Y", "controller": "Forth", "match_by": "code"}, "geometry": {"type": "Point", "coordinates": [100.54386, 13.74397]}}, {"type": "Feature", "properties": {"code": "43", "name": "ด่วนเพลินจิต", "road_main": "เพลินจิต", "road_sub": "ทางขึ้นทางด่วน", "police": "ลุมพินี", "district": "ปทุมวัน", "status": "Y", "controller": "Forth", "match_by": "code"}, "geometry": {"type": "Point", "coordinates": [100.55025, 13.74288]}}, {"type": "Feature", "properties": {"code": "44", "name": "แม้นศรี", "road_main": "บำรุงเมือง", "road_sub": "วรจักร - จักรพรรดิพงษ์", "police": "พลับพลาไชย 1", "district": "ป้อมปราบฯ", "status": "Y", "controller": "Forth", "match_by": "code"}, "geometry": {"type": "Point", "coordinates": [100.50875, 13.75188]}}, {"type": "Feature", "properties": {"code": "45", "name": "โรงกรองน้ำ", "road_main": "พระรามที่ 6", "road_sub": "นครไชยศรี", "police": "พญาไท", "district": "พญาไท", "status": "Y", "controller": "Forth", "match_by": "code"}, "geometry": {"type": "Point", "coordinates": [100.53106, 13.77505]}}, {"type": "Feature", "properties": {"code": "46", "name": "หมอมี", "road_main": "เจริญกรุง", "road_sub": "พระรามที่ 4 - มิตรพันธ์", "police": "พลับพลาไชย 2", "district": "สัมพันธวงศ์", "status": "Y", "controller": "Forth", "match_by": "code"}, "geometry": {"type": "Point", "coordinates": [100.5123, 13.74043]}}, {"type": "Feature", "properties": {"code": "47", "name": "เฉลิมบุรี", "road_main": "เยาวราช", "road_sub": "ทรงสวัสดิ์", "police": "จักรวรรดิ", "district": "สัมพันธวงศ์", "status": "Y", "controller": "Forth", "match_by": "code"}, "geometry": {"type": "Point", "coordinates": [100.51146, 13.73944]}}, {"type": "Feature", "properties": {"code": "48", "name": "ลำพูนไชย", "road_main": "เจริญกรุง", "road_sub": "ลำพูนไชย", "police": "พลับพลาไชย 2", "district": "สัมพันธวงศ์", "status": "Y", "controller": "Forth", "match_by": "code"}, "geometry": {"type": "Point", "coordinates": [100.5126, 13.7393]}}, {"type": "Feature", "properties": {"code": "49", "name": "ราชวงศ์", "road_main": "เยาวราช", "road_sub": "ราชวงศ์", "police": "จักรวรรดิ", "district": "สัมพันธวงศ์", "status": "Y", "controller": "Forth", "match_by": "code"}, "geometry": {"type": "Point", "coordinates": [100.50698, 13.74236]}}, {"type": "Feature", "properties": {"code": "50", "name": "วัดตึก", "road_main": "เยาวราช", "road_sub": "จักรวรรดิ", "police": "จักรวรรดิ", "district": "สัมพันธวงศ์", "status": "Y", "controller": "Forth", "match_by": "code"}, "geometry": {"type": "Point", "coordinates": [100.50446, 13.74416]}}, {"type": "Feature", "properties": {"code": "51", "name": "ศาลาแดง", "road_main": "พระรามที่ 4", "road_sub": "สีลม - ราชดำริ", "police": "ทุ่งมหาเมฆ", "district": "บางรัก", "status": "Y", "controller": "Forth", "match_by": "code"}, "geometry": {"type": "Point", "coordinates": [100.53666, 13.72951]}}, {"type": "Feature", "properties": {"code": "52", "name": "เสือป่า", "road_main": "เจริญกรุง", "road_sub": "เสือป่า", "police": "พลับพลาไชย 1", "district": "สัมพันธวงศ์", "status": "Y", "controller": "Forth", "match_by": "code"}, "geometry": {"type": "Point", "coordinates": [100.50801, 13.74379]}}, {"type": "Feature", "properties": {"code": "53", "name": "เอส.เอ.บี.", "road_main": "เจริญกรุง", "road_sub": "วรจักร", "police": "พลับพลาไชย 1", "district": "สัมพันธวงศ์", "status": "Y", "controller": "Forth", "match_by": "code"}, "geometry": {"type": "Point", "coordinates": [100.50568, 13.74562]}}, {"type": "Feature", "properties": {"code": "54", "name": "อุภัย", "road_main": "ราชวิถี", "road_sub": "สวรรคโลก", "police": "ดุสิต", "district": "ดุสิต", "status": "Y", "controller": "Adaptive", "match_by": "code"}, "geometry": {"type": "Point", "coordinates": [100.52593, 13.77047]}}, {"type": "Feature", "properties": {"code": "55", "name": "เฉลิมกรุง", "road_main": "เจริญกรุง", "road_sub": "ตรีเพชร - ตีทอง", "police": "สำราญราษฎร์", "district": "พระนคร", "status": "Y", "controller": "Forth", "match_by": "code"}, "geometry": {"type": "Point", "coordinates": [100.49975, 13.74714]}}, {"type": "Feature", "properties": {"code": "56", "name": "สามยอด", "road_main": "เจริญกรุง", "road_sub": "มหาไชย", "police": "สำราญราษฎร์", "district": "พระนคร", "status": "Y", "controller": "Forth", "match_by": "code"}, "geometry": {"type": "Point", "coordinates": [100.50321, 13.74698]}}, {"type": "Feature", "properties": {"code": "57", "name": "หลานหลวง", "road_main": "หลานหลวง", "road_sub": "จักพรรดิพงษ์", "police": "นางเลิ้ง", "district": "ป้อมปราบฯ", "status": "Y", "controller": "GeTs", "match_by": "code"}, "geometry": {"type": "Point", "coordinates": [100.50964, 13.75643]}}, {"type": "Feature", "properties": {"code": "58", "name": "บางลำพู", "road_main": "สามเสน", "road_sub": "จักรพงษ์ - พระสุเมรุ", "police": "ชนะสงคราม", "district": "พระนคร", "status": "Y", "controller": "Forth", "match_by": "code"}, "geometry": {"type": "Point", "coordinates": [100.49828, 13.76218]}}, {"type": "Feature", "properties": {"code": "59", "name": "บางขุนพรหม", "road_main": "สามเสน", "road_sub": "วิสุทธิกษัตริย์", "police": "ชนะสงคราม", "district": "พระนคร", "status": "Y", "controller": "Forth", "match_by": "code"}, "geometry": {"type": "Point", "coordinates": [100.50113, 13.76694]}}, {"type": "Feature", "properties": {"code": "60", "name": "บ้านแขก", "road_main": "ประชาธิปก", "road_sub": "อิสรภาพ", "police": "บุปผาราม", "district": "คลองสาน", "status": "Y", "controller": "Forth", "match_by": "code"}, "geometry": {"type": "Point", "coordinates": [100.49468, 13.73088]}}, {"type": "Feature", "properties": {"code": "61", "name": "ท่าดินแดง", "road_main": "สมเด็จเจ้าพระยา", "road_sub": "ท่าดินแดง", "police": "สมเด็จเจ้าพระยา", "district": "คลองสาน", "status": "Y", "controller": "Forth", "match_by": "code"}, "geometry": {"type": "Point", "coordinates": [100.50222, 13.7323]}}, {"type": "Feature", "properties": {"code": "62", "name": "ขัตติยานี", "road_main": "สุโขทัย", "road_sub": "พิชัย", "police": "ดุสิต", "district": "ดุสิต", "status": "Y", "controller": "Forth", "match_by": "code"}, "geometry": {"type": "Point", "coordinates": [100.51636, 13.77847]}}, {"type": "Feature", "properties": {"code": "63", "name": "อังรีดูนังต์", "road_main": "พระรามที่ 4", "road_sub": "อังรีดูนังต์ - สุรวงศ์", "police": "ปทุมวัน", "district": "ปทุมวัน", "status": "Y", "controller": "Forth", "match_by": "code"}, "geometry": {"type": "Point", "coordinates": [100.53364, 13.73078]}}, {"type": "Feature", "properties": {"code": "64", "name": "หน้าจุฬาฯ", "road_main": "พญาไท", "road_sub": "ทางเข้า-ออกจุฬาฯ", "police": "ปทุมวัน", "district": "ปทุมวัน", "status": "Y", "controller": "Forth", "match_by": "code"}, "geometry": {"type": "Point", "coordinates": [100.52964, 13.73871]}}, {"type": "Feature", "properties": {"code": "65", "name": "วชิระ", "road_main": "สามเสน", "road_sub": "สุโขทัย", "police": "สามเสน", "district": "ดุสิต", "status": "Y", "controller": "Forth", "match_by": "code"}, "geometry": {"type": "Point", "coordinates": [100.50979, 13.78128]}}, {"type": "Feature", "properties": {"code": "66", "name": "สาธุ-จันทน์", "road_main": "จันทน์", "road_sub": "สาธุประดิษฐ์", "police": "ยานนาวา", "district": "สาทร", "status": "Y", "controller": "Forth", "match_by": "code"}, "geometry": {"type": "Point", "coordinates": [100.52867, 13.70589]}}, {"type": "Feature", "properties": {"code": "67", "name": "เพชรพระราม", "road_main": "เพชรบุรี", "road_sub": "บรรทัดทอง", "police": "พญาไท", "district": "ราชเทวี", "status": "Y", "controller": "Forth", "match_by": "code"}, "geometry": {"type": "Point", "coordinates": [100.52689, 13.75497]}}, {"type": "Feature", "properties": {"code": "68", "name": "กล้วยน้ำไท", "road_main": "พระรามที่ 4", "road_sub": "ซอยกล้วยน้ำไท", "police": "ทองหล่อ", "district": "คลองเตย", "status": "Y", "controller": "Forth", "match_by": "code"}, "geometry": {"type": "Point", "coordinates": [100.58403, 13.71292]}}, {"type": "Feature", "properties": {"code": "69", "name": "ราชวิถี", "road_main": "ราชวิถี", "road_sub": "พระรามที่ 5", "police": "ดุสิต", "district": "ดุสิต", "status": "Y", "controller": "Forth", "match_by": "code"}, "geometry": {"type": "Point", "coordinates": [100.51908, 13.77358]}}, {"type": "Feature", "properties": {"code": "70", "name": "สำราญราษฎร์", "road_main": "บำรุงเมือง", "road_sub": "มหาไชย", "police": "สำราญราษฎร์", "district": "พระนคร", "status": "Y", "controller": "Forth", "match_by": "code"}, "geometry": {"type": "Point", "coordinates": [100.5045, 13.75213]}}, {"type": "Feature", "properties": {"code": "71", "name": "สี่เสาเทเวศร์", "road_main": "สามเสน", "road_sub": "ศรีอยุธยา", "police": "สามเสน", "district": "ดุสิต", "status": "Y", "controller": "Forth", "match_by": "code"}, "geometry": {"type": "Point", "coordinates": [100.50501, 13.77115]}}, {"type": "Feature", "properties": {"code": "72", "name": "เทเวศร์", "road_main": "สามเสน", "road_sub": "กรุงเกษม", "police": "ชนะสงคราม", "district": "พระนคร", "status": "Y", "controller": "Forth", "match_by": "code"}, "geometry": {"type": "Point", "coordinates": [100.50373, 13.76962]}}, {"type": "Feature", "properties": {"code": "73", "name": "สำนักงานเขตดินแดง", "road_main": "มิตรไมตรี", "road_sub": "มิตรไมตรี ซอย 2", "police": "ดดินแดง", "district": "ดินแดง", "status": null, "controller": "Forth", "match_by": "code"}, "geometry": {"type": "Point", "coordinates": [100.50546, 13.75215]}}, {"type": "Feature", "properties": {"code": "74", "name": "วังแดง", "road_main": "พิษณุโลก", "road_sub": "ราชสีมา", "police": "สามเสน", "district": "ดุสิต", "status": "Y", "controller": "Forth", "match_by": "code"}, "geometry": {"type": "Point", "coordinates": [100.50763, 13.76833]}}, {"type": "Feature", "properties": {"code": "75", "name": "หอประชุม ทบ.", "road_main": "ศรีอยุธยา", "road_sub": "ราชสีมา", "police": "สามเสน", "district": "ดุสิต", "status": "Y", "controller": "Forth", "match_by": "code"}, "geometry": {"type": "Point", "coordinates": [100.50825, 13.76968]}}, {"type": "Feature", "properties": {"code": "76", "name": "สวนมิสกวัน", "road_main": "ราชดำเนินนอก", "road_sub": "พิษณุโลก", "police": "ดุสิต", "district": "ดุสิต", "status": "Y", "controller": "Forth", "match_by": "code"}, "geometry": {"type": "Point", "coordinates": [100.51044, 13.76589]}}, {"type": "Feature", "properties": {"code": "77", "name": "วิสุทธิกษัตริย์", "road_main": "ประชาธิปไตย", "road_sub": "วิสุทธิกษัตริย์", "police": "นางเลิ้ง", "district": "พระนคร", "status": "Y", "controller": "Forth", "match_by": "code"}, "geometry": {"type": "Point", "coordinates": [100.50433, 13.76248]}}, {"type": "Feature", "properties": {"code": "78", "name": "สะพานวันชาติ", "road_main": "ประชาธิปไตย", "road_sub": "พระสุเมรุ", "police": "นางเลิ้ง", "district": "พระนคร", "status": "Y", "controller": "Forth", "match_by": "code"}, "geometry": {"type": "Point", "coordinates": [100.50248, 13.75939]}}, {"type": "Feature", "properties": {"code": "79", "name": "คอกวัว", "road_main": "ราชดำเนินกลาง", "road_sub": "ตะนาว", "police": "ชนะสงคราม", "district": "พระนคร", "status": "Y", "controller": "GeTs", "match_by": "code"}, "geometry": {"type": "Point", "coordinates": [100.49894, 13.75726]}}, {"type": "Feature", "properties": {"code": "80", "name": "วรจักร", "road_main": "หลวง", "road_sub": "วรจักร", "police": "พลับพลาไชย 1", "district": "ป้อมปราบฯ", "status": "Y", "controller": "Forth", "match_by": "code"}, "geometry": {"type": "Point", "coordinates": [100.507, 13.74804]}}, {"type": "Feature", "properties": {"code": "81", "name": "สะพานมอญ", "road_main": "เจริญกรุง", "road_sub": "อัษฎางค์", "police": "พระราชวัง", "district": "พระนคร", "status": "Y", "controller": "Forth", "match_by": "code"}, "geometry": {"type": "Point", "coordinates": [100.49644, 13.7473]}}, {"type": "Feature", "properties": {"code": "82", "name": "เจริญผล", "road_main": "พระรามที่ 1", "road_sub": "บรรทัดทอง", "police": "ปทุมวัน", "district": "ปทุมวัน", "status": "Y", "controller": "Forth", "match_by": "code"}, "geometry": {"type": "Point", "coordinates": [100.52375, 13.74742]}}, {"type": "Feature", "properties": {"code": "83", "name": "ประชาเกษม (เมล์แดง)", "road_main": "ประชาธิปไตย", "road_sub": "กรุงเกษม", "police": "นางเลิ้ง", "district": "พระนคร", "status": "Y", "controller": "Forth", "match_by": "code"}, "geometry": {"type": "Point", "coordinates": [100.50662, 13.76633]}}, {"type": "Feature", "properties": {"code": "84", "name": "อู่ทองนอก", "road_main": "ราชสีมา", "road_sub": "อู่ทองนอก", "police": "สามเสน", "district": "ดุสิต", "status": "Y", "controller": "Forth", "match_by": "code"}, "geometry": {"type": "Point", "coordinates": [100.5094, 13.77206]}}, {"type": "Feature", "properties": {"code": "85", "name": "สวนรื่นฤดี", "road_main": "ราชสีมา", "road_sub": "สุโขทัย", "police": "สามเสน", "district": "ดุสิต", "status": "Y", "controller": "Forth", "match_by": "code"}, "geometry": {"type": "Point", "coordinates": [100.51315, 13.77983]}}, {"type": "Feature", "properties": {"code": "86", "name": "เกษะโกมล", "road_main": "พระรามที่ 5", "road_sub": "เศรษฐศิริ", "police": "ดุสิต", "district": "ดุสิต", "status": "Y", "controller": "Forth", "match_by": "code"}, "geometry": {"type": "Point", "coordinates": [100.52441, 13.78333]}}, {"type": "Feature", "properties": {"code": "87", "name": "สะพานเหลือง", "road_main": "พระรามที่ 4", "road_sub": "บรรทัดทอง", "police": "ปทุมวัน", "district": "ปทุมวัน", "status": "Y", "controller": "Forth", "match_by": "code"}, "geometry": {"type": "Point", "coordinates": [100.52158, 13.73574]}}, {"type": "Feature", "properties": {"code": "88", "name": "สามย่าน", "road_main": "พระรามที่ 4", "road_sub": "พญาไท", "police": "ปทุมวัน", "district": "ปทุมวัน", "status": "Y", "controller": "Forth", "match_by": "code"}, "geometry": {"type": "Point", "coordinates": [100.52875, 13.73281]}}, {"type": "Feature", "properties": {"code": "90", "name": "กำแพงเพชร", "road_main": "พหลโยธิน", "road_sub": "กำแพงเพชร", "police": "บางชื่อ", "district": "จตุจักร", "status": "Y", "controller": "Forth", "match_by": "code"}, "geometry": {"type": "Point", "coordinates": [100.55111, 13.79794]}}, {"type": "Feature", "properties": {"code": "91", "name": "คลองสาน", "road_main": "ลาดหญ้า", "road_sub": "เจริญนคร", "police": "สมเด็จเจ้าพระยา", "district": "คลองสาน", "status": "Y", "controller": "Forth", "match_by": "code"}, "geometry": {"type": "Point", "coordinates": [100.50866, 13.73004]}}, {"type": "Feature", "properties": {"code": "92", "name": "ซอยอารีย์", "road_main": "สุขุมวิท", "road_sub": "ซอยสุขุมวิท 26 (เชื่อม 495)", "police": "ทองหล่อ", "district": "คลองเตย", "status": "Y", "controller": "Forth", "match_by": "code"}, "geometry": {"type": "Point", "coordinates": [100.57108, 13.72949]}}, {"type": "Feature", "properties": {"code": "93", "name": "ไมตรีจิตต์", "road_main": "พระรามที่ 4", "road_sub": "กรุงเกษม - ไมตรีจิตต์", "police": "พลับพลาไชย", "district": "สัมพันธวงศ์", "status": "Y", "controller": "Forth", "match_by": "code"}, "geometry": {"type": "Point", "coordinates": [100.51539, 13.73818]}}, {"type": "Feature", "properties": {"code": "94", "name": "พาหุรัด", "road_main": "ตรีเพชร", "road_sub": "พาหุรัด", "police": "พระราชวัง", "district": "พระนคร", "status": "Y", "controller": "Forth", "match_by": "code"}, "geometry": {"type": "Point", "coordinates": [100.49936, 13.74514]}}, {"type": "Feature", "properties": {"code": "95", "name": "เกษมราษฎร์", "road_main": "พระรามที่ 4", "road_sub": "ซอยอารีย์/เกษมราษฎร์", "police": "ท่าเรือ", "district": "คลองเตย", "status": "Y", "controller": "GeTs", "match_by": "code"}, "geometry": {"type": "Point", "coordinates": [100.56716, 13.71892]}}, {"type": "Feature", "properties": {"code": "96", "name": "ปทุมวัน", "road_main": "พระรามที่ 1", "road_sub": "พญาไท", "police": "ปทุมวัน", "district": "ปทุมวัน", "status": "Y", "controller": "GeTs", "match_by": "code"}, "geometry": {"type": "Point", "coordinates": [100.53076, 13.74618]}}, {"type": "Feature", "properties": {"code": "97", "name": "เกียกกาย", "road_main": "สามเสน", "road_sub": "ทหาร", "police": "บางโพ", "district": "ดุสิต", "status": "Y", "controller": "GeTs", "match_by": "code"}, "geometry": {"type": "Point", "coordinates": [100.52135, 13.79725]}}, {"type": "Feature", "properties": {"code": "98", "name": "มเหสักข์", "road_main": "สีลม", "road_sub": "มเหสักข์ - สุรศักดิ์", "police": "ยานนาวา", "district": "บางรัก", "status": "Y", "controller": "Forth", "match_by": "code"}, "geometry": {"type": "Point", "coordinates": [100.51926, 13.72314]}}, {"type": "Feature", "properties": {"code": "99", "name": "วิทยุ-เพชร", "road_main": "เพชรบุรีตัดใหม่", "road_sub": "วิทยุ - ทางขึ้นทางด่วนฯ ", "police": "พญาไท", "district": "ราชเทวี", "status": "Y", "controller": "Forth", "match_by": "code"}, "geometry": {"type": "Point", "coordinates": [100.5486, 13.74966]}}, {"type": "Feature", "properties": {"code": "100", "name": "สุโขทัย", "road_main": "พระรามที่ 5", "road_sub": "สุโขทัย", "police": "ดุสิต", "district": "ดุสิต", "status": "Y", "controller": "Forth", "match_by": "code"}, "geometry": {"type": "Point", "coordinates": [100.52071, 13.77655]}}, {"type": "Feature", "properties": {"code": "101", "name": "พาณิชยการ", "road_main": "พระรามที่ 5", "road_sub": "พิษณุโลก", "police": "นางเลิ้ง", "district": "ดุสิต", "status": "Y", "controller": "Forth", "match_by": "code"}, "geometry": {"type": "Point", "coordinates": [100.51349, 13.76331]}}, {"type": "Feature", "properties": {"code": "102", "name": "กองบัญชาการตำรวจตระเวนชายแดน", "road_main": "พหลโยธิน", "road_sub": "ซอยพหลโยธิน 8", "police": "บางซื่อ", "district": "พญาไท", "status": null, "controller": null, "match_by": "code"}, "geometry": {"type": "Point", "coordinates": [100.546, 13.78343]}}, {"type": "Feature", "properties": {"code": "103", "name": "วิทยุ", "road_main": "พระรามที่ 4", "road_sub": "วิทยุ - สาทร", "police": "ทุ่งมหาเมฆ", "district": "สาทร", "status": "Y", "controller": "Forth", "match_by": "code"}, "geometry": {"type": "Point", "coordinates": [100.54445, 13.72629]}}, {"type": "Feature", "properties": {"code": "104", "name": "วัดดวงแข", "road_main": "จารุเมือง", "road_sub": "เจริญเมือง", "police": "ปทุมวัน", "district": "ปทุมวัน", "status": "Y", "controller": "GeTs", "match_by": "code"}, "geometry": {"type": "Point", "coordinates": [100.51973, 13.74059]}}, {"type": "Feature", "properties": {"code": "105", "name": "นานา", "road_main": "สุขุมวิท", "road_sub": "นานา", "police": "ลุมพินี", "district": "วัฒนา", "status": "Y", "controller": "Forth", "match_by": "code"}, "geometry": {"type": "Point", "coordinates": [100.55298, 13.74215]}}, {"type": "Feature", "properties": {"code": "106", "name": "มิตรสัมพันธ์", "road_main": "เพชรบุรีตัดใหม่", "road_sub": "นานาเหนือ - นิคมมักกะสัน", "police": "มักกะสัน", "district": "ราชเทวี", "status": "Y", "controller": "Forth", "match_by": "code"}, "geometry": {"type": "Point", "coordinates": [100.55447, 13.75004]}}, {"type": "Feature", "properties": {"code": "107", "name": "ลาดหญ้า", "road_main": "ลาดหญ้า", "road_sub": "อิสรภาพ - ท่าดินแดง", "police": "สมเด็จเจ้าพระยา", "district": "คลองสาน", "status": "Y", "controller": "Forth", "match_by": "code"}, "geometry": {"type": "Point", "coordinates": [100.50181, 13.7284]}}, {"type": "Feature", "properties": {"code": "108", "name": "บางยี่เรือ", "road_main": "อิทรพิทักษ์ ", "road_sub": "เทอดไท", "police": "บางยี่เรือ", "district": "ธนบุรี", "status": "Y", "controller": "Forth", "match_by": "code"}, "geometry": {"type": "Point", "coordinates": [100.48714, 13.72729]}}, {"type": "Feature", "properties": {"code": "109", "name": "ศรีอยุธยา", "road_main": "พระรามที่ 6", "road_sub": "ศรีอยุธยา", "police": "พญาไท", "district": "ราชเทวี", "status": "Y", "controller": "Forth", "match_by": "code"}, "geometry": {"type": "Point", "coordinates": [100.52571, 13.76181]}}, {"type": "Feature", "properties": {"code": "110", "name": "พญาไท", "road_main": "พญาไท", "road_sub": "ศรีอยุธยา", "police": "พญาไท", "district": "ราชเทวี", "status": "Y", "controller": "Forth", "match_by": "code"}, "geometry": {"type": "Point", "coordinates": [100.53436, 13.75791]}}, {"type": "Feature", "properties": {"code": "111", "name": "ดาวคะนอง", "road_main": "สมเด็จพระเจ้าตากสิน", "road_sub": "จอมทอง", "police": "บุคคโล", "district": "จอมทอง", "status": "Y", "controller": "Forth", "match_by": "code"}, "geometry": {"type": "Point", "coordinates": [100.48194, 13.6939]}}, {"type": "Feature", "properties": {"code": "112", "name": "เรือนจำ", "road_main": "มหาไชย", "road_sub": "หลวง", "police": "สำราญราษฎร์", "district": "พระนคร", "status": "Y", "controller": "Forth", "match_by": "code"}, "geometry": {"type": "Point", "coordinates": [100.50379, 13.74917]}}, {"type": "Feature", "properties": {"code": "113", "name": "คลองตัน", "road_main": "เพชรบุรี-พัฒนาการ", "road_sub": "รามคำแหง - สุขุมวิท 71", "police": "คลองตัน", "district": "สวนหลวง", "status": "Y", "controller": "Forth", "match_by": "code"}, "geometry": {"type": "Point", "coordinates": [100.60078, 13.74099]}}, {"type": "Feature", "properties": {"code": "114", "name": "นพวงศ์", "road_main": "หลวง", "road_sub": "กรุงเกษม", "police": "พลับพลาไชย 1", "district": "ป้อมปราบฯ", "status": "Y", "controller": "Forth", "match_by": "code"}, "geometry": {"type": "Point", "coordinates": [100.51605, 13.7456]}}, {"type": "Feature", "properties": {"code": "115", "name": "อโศก-สุขุม", "road_main": "สุขุมวิท", "road_sub": "อโศก - รัชดาภิเษก", "police": "ทองหล่อ", "district": "วัฒนา", "status": "Y", "controller": "Adaptive", "match_by": "code"}, "geometry": {"type": "Point", "coordinates": [100.56131, 13.73641]}}, {"type": "Feature", "properties": {"code": "116", "name": "เอกมัยใต้", "road_main": "สุขุมวิท", "road_sub": "ซอยสุขุมวิท 63 (เอกมัย)", "police": "ทองหล่อ", "district": "วัฒนา", "status": "Y", "controller": "Forth", "match_by": "code"}, "geometry": {"type": "Point", "coordinates": [100.58442, 13.72005]}}, {"type": "Feature", "properties": {"code": "117", "name": "จอมทอง", "road_main": "จอมทอง", "road_sub": "วุฒากาศ", "police": "บางขุนเทียน", "district": "จอมทอง", "status": "Y", "controller": "Forth", "match_by": "code"}, "geometry": {"type": "Point", "coordinates": [100.46728, 13.69904]}}, {"type": "Feature", "properties": {"code": "118", "name": "คลองเตย", "road_main": "พระรามที่ 4", "road_sub": "สุนทรโกษา", "police": "ท่าเรือ", "district": "คลองเตย", "status": "Y", "controller": "Forth", "match_by": "code"}, "geometry": {"type": "Point", "coordinates": [100.55761, 13.72081]}}, {"type": "Feature", "properties": {"code": "119", "name": "มะลิทอง", "road_main": "วุฒากาศ", "road_sub": "เทอดไท", "police": "ตลาดพูล", "district": "ธนบุรี", "status": "Y", "controller": "Forth", "match_by": "code"}, "geometry": {"type": "Point", "coordinates": [100.47256, 13.71953]}}, {"type": "Feature", "properties": {"code": "120", "name": "โพธิ์สามต้น", "road_main": "อิสระภาพ", "road_sub": "วังเดิม", "police": "บางกอกใหญ่", "district": "บางกอกใหญ่", "status": "Y", "controller": "Forth", "match_by": "code"}, "geometry": {"type": "Point", "coordinates": [100.48389, 13.74044]}}, {"type": "Feature", "properties": {"code": "121", "name": "เตาปูน", "road_main": "ประชาราษฎร์", "road_sub": "ประชาราษฎร์สาย 2", "police": "เตาปูน", "district": "บางซื่อ", "status": "Y", "controller": "Forth", "match_by": "code"}, "geometry": {"type": "Point", "coordinates": [100.53088, 13.80639]}}, {"type": "Feature", "properties": {"code": "122", "name": "บางโพ", "road_main": "ประชาราษฎร์สาย 1", "road_sub": "ประชาราษฎร์ สาย 2", "police": "บางโพ", "district": "บางซื่อ", "status": "Y", "controller": "Forth", "match_by": "code"}, "geometry": {"type": "Point", "coordinates": [100.52156, 13.8064]}}, {"type": "Feature", "properties": {"code": "123", "name": "พระรามที่ 4", "road_main": "รัชดาภิเษก", "road_sub": "พระรามที่ 4", "police": "ท่าเรือ", "district": "คลองเตย", "status": "Y", "controller": "GeTs", "match_by": "code"}, "geometry": {"type": "Point", "coordinates": [100.55907, 13.72023]}}, {"type": "Feature", "properties": {"code": "124", "name": "อ่อนนุช", "road_main": "สุขุมวิท", "road_sub": "สุขุมวิท 77 (อ่อนนุช)", "police": "พระโขนง", "district": "วัฒนา", "status": "Y", "controller": "Forth", "match_by": "code"}, "geometry": {"type": "Point", "coordinates": [100.59943, 13.7089]}}, {"type": "Feature", "properties": {"code": "125", "name": "อารีย์สัมพันธ์", "road_main": "พระรามที่ 6", "road_sub": "ซอยอารีย์สัมพันธ์", "police": "พญาไท", "district": "พญาไท", "status": "Y", "controller": "Forth", "match_by": "code"}, "geometry": {"type": "Point", "coordinates": [100.53375, 13.78167]}}, {"type": "Feature", "properties": {"code": "126", "name": "วิชัยยุทธ", "road_main": "พระรามที่ 6", "road_sub": "ซอยเศรษฐศิริ", "police": "พญาไท", "district": "พญาไท", "status": "Y", "controller": "Forth", "match_by": "code"}, "geometry": {"type": "Point", "coordinates": [100.53309, 13.78003]}}, {"type": "Feature", "properties": {"code": "127", "name": "มไหสวรรย์", "road_main": "สมเด็จพระเจ้าตากสิน", "road_sub": "รัชดาภิเษก - มไหสวรรย์", "police": "บุคคโล", "district": "ธนบุรี", "status": "Y", "controller": "Forth", "match_by": "code"}, "geometry": {"type": "Point", "coordinates": [100.48568, 13.7047]}}, {"type": "Feature", "properties": {"code": "128", "name": "บางขุนนนท์", "road_main": "จรัญสนิทวงค์", "road_sub": "บางขุนนนท์", "police": "บางขุนนนท์", "district": "บางกอกน้อย", "status": "Y", "controller": "Forth", "match_by": "code"}, "geometry": {"type": "Point", "coordinates": [100.4739, 13.76389]}}, {"type": "Feature", "properties": {"code": "129", "name": "บางกระบือ", "road_main": "สามเสน", "road_sub": "อำนวยสงคราม", "police": "สามเสน", "district": "ดุสิต", "status": "Y", "controller": "Forth", "match_by": "code"}, "geometry": {"type": "Point", "coordinates": [100.51463, 13.78937]}}, {"type": "Feature", "properties": {"code": "130", "name": "อุณากรรณ", "road_main": "เจริญกรุง", "road_sub": "อุณากรรณ", "police": "สำราญราษฎร์", "district": "พระนคร", "status": "Y", "controller": "Forth", "match_by": "code"}, "geometry": {"type": "Point", "coordinates": [100.50108, 13.74708]}}, {"type": "Feature", "properties": {"code": "131", "name": "แปลงนาม", "road_main": "เจริญกรุง", "road_sub": "แปลงนาม - พลับพลาไชย", "police": "พลับพลาไชย 2", "district": "ป้อมปราบฯ", "status": "Y", "controller": "Forth", "match_by": "code"}, "geometry": {"type": "Point", "coordinates": [100.51046, 13.7419]}}, {"type": "Feature", "properties": {"code": "132", "name": "ด่วนสุขุมวิท 62", "road_main": "สุขุมวิท", "road_sub": "ซอยสุขุมวิท 62", "police": "พระโขนง", "district": "พระโขนง", "status": "Y", "controller": "Forth", "match_by": "code"}, "geometry": {"type": "Point", "coordinates": [100.60585, 13.69577]}}, {"type": "Feature", "properties": {"code": "133", "name": "ประดิพัทธ์", "road_main": "พระรามที่ 6", "road_sub": "ประดิพัทธ์", "police": "พญาไท", "district": "พญาไท", "status": "Y", "controller": "Forth", "match_by": "code"}, "geometry": {"type": "Point", "coordinates": [100.53789, 13.79188]}}, {"type": "Feature", "properties": {"code": "134", "name": "อโศก - เพชร", "road_main": "เพชรบุรี", "road_sub": "อโศก", "police": "มักกะสัน", "district": "ราชเทวี", "status": "Y", "controller": "Adaptive", "match_by": "code"}, "geometry": {"type": "Point", "coordinates": [100.56339, 13.74894]}}, {"type": "Feature", "properties": {"code": "135", "name": "ด่วนเกษมราษฎร์", "road_main": "เกษมราษฎร์", "road_sub": "ทางด่วน", "police": "ท่าเรือ", "district": "คลองเตย", "status": "Y", "controller": "Adaptive", "match_by": "code"}, "geometry": {"type": "Point", "coordinates": [100.56382, 13.71161]}}, {"type": "Feature", "properties": {"code": "136", "name": "อรุณอมรินทร์", "road_main": "อรุณอมรินทร์", "road_sub": "สมเด็จพระปิ่นเกล้า", "police": "บางยี่ขัน", "district": "บางพลัด", "status": "Y", "controller": "Forth", "match_by": "code"}, "geometry": {"type": "Point", "coordinates": [100.48578, 13.76856]}}, {"type": "Feature", "properties": {"code": "137", "name": "เดโช", "road_main": "สีลม", "road_sub": "เดโช", "police": "ยานนาวา", "district": "บางรัก", "status": "Y", "controller": "Forth", "match_by": "code"}, "geometry": {"type": "Point", "coordinates": [100.52557, 13.72541]}}, {"type": "Feature", "properties": {"code": "138", "name": "บรมราชชนนี", "road_main": "จรัญสนิทวงค์", "road_sub": "พระปิ่นเกล้า -บรมราชนนี", "police": "บางยี่ขัน", "district": "บางพลัด", "status": "Y", "controller": "Forth", "match_by": "code"}, "geometry": {"type": "Point", "coordinates": [100.48191, 13.77331]}}, {"type": "Feature", "properties": {"code": "139", "name": "พระรูป ร.5", "road_main": "ราชดำเนินนอก", "road_sub": "ศรีอยุธยา", "police": "ดุสิต", "district": "ดุสิต", "status": "Y", "controller": "Forth", "match_by": "code"}, "geometry": {"type": "Point", "coordinates": [100.51154, 13.76822]}}, {"type": "Feature", "properties": {"code": "140", "name": "สะพานอ่อน", "road_main": "บรรทัดทอง", "road_sub": "เจริญเมือง", "police": "ปทุมวัน", "district": "ปทุมวัน", "status": "Y", "controller": "Forth", "match_by": "code"}, "geometry": {"type": "Point", "coordinates": [100.52243, 13.74019]}}, {"type": "Feature", "properties": {"code": "141", "name": "สี่พระยา", "road_main": "เจริญกรุง", "road_sub": "สี่พระยา", "police": "บางรัก", "district": "บางรัก", "status": "Y", "controller": "Forth", "match_by": "code"}, "geometry": {"type": "Point", "coordinates": [100.51564, 13.73017]}}, {"type": "Feature", "properties": {"code": "142", "name": "ใต้ด่วนพระราม 4", "road_main": "พระรามที่ 4", "road_sub": "ทางด่วน - เชื้อเพลิง", "police": "ทุ่งมหาเมฆ", "district": "สาทร", "status": "Y", "controller": "Forth", "match_by": "code"}, "geometry": {"type": "Point", "coordinates": [100.55265, 13.72287]}}, {"type": "Feature", "properties": {"code": "143", "name": "หมอเหล็ง", "road_main": "ราชปรารภ", "road_sub": "ศรีอยุธยา", "police": "ดินแดง", "district": "ราชเทวี", "status": "Y", "controller": "GeTs", "match_by": "code"}, "geometry": {"type": "Point", "coordinates": [100.54214, 13.75493]}}, {"type": "Feature", "properties": {"code": "144", "name": "ป้อมเผด็จ", "road_main": "ราชดำเนินใน", "road_sub": "สนามไชย - หน้าพระลาน", "police": "ชนะสงคราม", "district": "พระนคร", "status": "Y", "controller": "Forth", "match_by": "code"}, "geometry": {"type": "Point", "coordinates": [100.49357, 13.75245]}}, {"type": "Feature", "properties": {"code": "145", "name": "ประชาอุทิศ", "road_main": "เทียมร่วมมิตร", "road_sub": "ประชาอุทิศ", "police": "ห้วยขวาง", "district": "ห้วยขวาง", "status": "Y", "controller": "Forth", "match_by": "code"}, "geometry": {"type": "Point", "coordinates": [100.58647, 13.7699]}}, {"type": "Feature", "properties": {"code": "146", "name": "ประชาร่วมมิตร", "road_main": "เทียมร่วมมิตร", "road_sub": "เทียมร่วมมิตร", "police": "ห้วยขวาง", "district": "ห้วยขวาง", "status": "Y", "controller": "Forth", "match_by": "code"}, "geometry": {"type": "Point", "coordinates": [100.58646, 13.76704]}}, {"type": "Feature", "properties": {"code": "147", "name": "เสาชิงช้า", "road_main": "บำรุงเมือง", "road_sub": "ดินสอ - ตีทอง", "police": "สำราญราษฎร์", "district": "พระนคร", "status": "Y", "controller": "Forth", "match_by": "code"}, "geometry": {"type": "Point", "coordinates": [100.50081, 13.7518]}}, {"type": "Feature", "properties": {"code": "148", "name": "บำรุงเมือง", "road_main": "บำรุงเมือง", "road_sub": "อุณากรรณ - ศิริพงษ์", "police": "สำราญราษฎร์", "district": "พระนคร", "status": "Y", "controller": "Forth", "match_by": "code"}, "geometry": {"type": "Point", "coordinates": [100.50191, 13.75171]}}, {"type": "Feature", "properties": {"code": "149", "name": "ร่วมจิตต์", "road_main": "ราชสีมา", "road_sub": "นครไชยศรี", "police": "สามเสน", "district": "ดุสิต", "status": "Y", "controller": "Forth", "match_by": "code"}, "geometry": {"type": "Point", "coordinates": [100.51503, 13.78359]}}, {"type": "Feature", "properties": {"code": "151", "name": "รามคำแหง", "road_main": "รามคำแหง", "road_sub": "พระราม 9", "police": "หัวหมาก", "district": "บางกะปิ", "status": "Y", "controller": "Forth", "match_by": "code"}, "geometry": {"type": "Point", "coordinates": [100.60555, 13.74738]}}, {"type": "Feature", "properties": {"code": "152", "name": "บางพลัด", "road_main": "จรัญสนิทวงค์", "road_sub": "ราชวิถี - สิรินธร", "police": "บางพลัด", "district": "บางพลัด", "status": "Y", "controller": "Forth", "match_by": "code"}, "geometry": {"type": "Point", "coordinates": [100.49453, 13.7846]}}, {"type": "Feature", "properties": {"code": "153", "name": "ท่าพระ", "road_main": "จรัญสนิทวงค์", "road_sub": "เพชรเกษม", "police": "ท่าพระ", "district": "บางกอกใหญ่", "status": "Y", "controller": "Forth", "match_by": "code"}, "geometry": {"type": "Point", "coordinates": [100.47416, 13.72943]}}, {"type": "Feature", "properties": {"code": "154", "name": "ไฟฉาย", "road_main": "จรัญสนิทวงค์", "road_sub": "พรานนก", "police": "บางกอกน้อย", "district": "บางกอกน้อย", "status": "Y", "controller": "Forth", "match_by": "code"}, "geometry": {"type": "Point", "coordinates": [100.46949, 13.7548]}}, {"type": "Feature", "properties": {"code": "155", "name": "พิบูลวัฒนา", "road_main": "พระรามที่ 6", "road_sub": "ซอยพิบูลวัฒนา", "police": "พญาไท", "district": "พญาไท", "status": "Y", "controller": "Forth", "match_by": "code"}, "geometry": {"type": "Point", "coordinates": [100.53552, 13.78609]}}, {"type": "Feature", "properties": {"code": "156", "name": "ประชานุกูล", "road_main": "ประชาชื่น", "road_sub": "รัชดาภิเษก", "police": "ประชาชื่น", "district": "บางซื่อ", "status": "Y", "controller": "Forth", "match_by": "code"}, "geometry": {"type": "Point", "coordinates": [100.53899, 13.83045]}}, {"type": "Feature", "properties": {"code": "157", "name": "วงศ์สว่าง", "road_main": "วงศ์สว่าง", "road_sub": "กรุงเทพ-นนท์ ", "police": "ประชาชื่น", "district": "บางซื่อ", "status": "Y", "controller": "Forth", "match_by": "code"}, "geometry": {"type": "Point", "coordinates": [100.52846, 13.8283]}}, {"type": "Feature", "properties": {"code": "158", "name": "สามแยกบางกะปี", "road_main": "ศรีนครินทร์", "road_sub": "ลาดพร้าว", "police": "ลาดพร้าว", "district": "บางกะปิ", "status": "Y", "controller": "Forth", "match_by": "code"}, "geometry": {"type": "Point", "coordinates": [100.64536, 13.76606]}}, {"type": "Feature", "properties": {"code": "159", "name": "กรมศุลกากร", "road_main": "อาจณรงค์", "road_sub": "เกษมราษฎร์", "police": "ท่าเรือ", "district": "คลองเตย", "status": "Y", "controller": "Adaptive", "match_by": "code"}, "geometry": {"type": "Point", "coordinates": [100.56524, 13.71464]}}, {"type": "Feature", "properties": {"code": "160", "name": "ยุคล 2", "road_main": "บำรุงเมือง", "road_sub": "ยุคล 2", "police": "พลับพลาไชย 1", "district": "ป้อมปราบฯ", "status": "Y", "controller": "Forth", "match_by": "code"}, "geometry": {"type": "Point", "coordinates": [100.512, 13.75073]}}, {"type": "Feature", "properties": {"code": "161", "name": "อนามัย", "road_main": "บำรุงเมือง", "road_sub": "พลับพลาไชย", "police": "พลับพลาไชย 1", "district": "ป้อมปราบฯ", "status": "Y", "controller": "Forth", "match_by": "code"}, "geometry": {"type": "Point", "coordinates": [100.51451, 13.74986]}}, {"type": "Feature", "properties": {"code": "162", "name": "หน่วยบัญชาการทหารพัฒนา", "road_main": "นาวงษ์พัฒนา", "road_sub": "ทางเข้าหน่วยบัญชาการทหารพัฒนา", "police": "ดอนเมือง", "district": "ดอนเมือง", "status": null, "controller": "Forth", "match_by": "code"}, "geometry": {"type": "Point", "coordinates": [100.56878, 13.9385]}}, {"type": "Feature", "properties": {"code": "163", "name": "ใต้ด่วนดินแดง", "road_main": "วิภาวดีรังสิต", "road_sub": "ดินแดง", "police": "ดินแดง", "district": "ดินแดง", "status": "Y", "controller": "Adaptive", "match_by": "code"}, "geometry": {"type": "Point", "coordinates": [100.54808, 13.76389]}}, {"type": "Feature", "properties": {"code": "164", "name": "ประชาสงเคราะห์", "road_main": "ประชาสงเคราะห์", "road_sub": "ดินแดง", "police": "ดินแดง", "district": "ดินแดง", "status": "Y", "controller": "Forth", "match_by": "code"}, "geometry": {"type": "Point", "coordinates": [100.55488, 13.76048]}}, {"type": "Feature", "properties": {"code": "165", "name": "ทุ่งสาธิต", "road_main": "สุขุมวิท", "road_sub": "ซอยวัดทุ่งสาธิต (สุขุมวิท 101/1)", "police": "พระโขนง", "district": "พระโขนง", "status": "Y", "controller": "Forth", "match_by": "code"}, "geometry": {"type": "Point", "coordinates": [100.61053, 13.68431]}}, {"type": "Feature", "properties": {"code": "166", "name": "นางลิ้นจี่", "road_main": "พระรามที่ 3", "road_sub": "นางลิ้นจี่", "police": "ทุ่งมหาเมฆ", "district": "ยานนาวา", "status": "Y", "controller": "Forth", "match_by": "code"}, "geometry": {"type": "Point", "coordinates": [100.54565, 13.70232]}}, {"type": "Feature", "properties": {"code": "167", "name": "สาธุประดิษฐ์", "road_main": "พระรามที่ 3", "road_sub": "สาธุประดิษฐ์", "police": "บางโพงพาง", "district": "ยานนาวา", "status": "Y", "controller": "Forth", "match_by": "code"}, "geometry": {"type": "Point", "coordinates": [100.52909, 13.67906]}}, {"type": "Feature", "properties": {"code": "168", "name": "อุดมสุข", "road_main": "สุขุมวิท", "road_sub": "ซอยอุดมสุข (สุขุมวิท 103)", "police": "พระโขนง", "district": "บางนา", "status": "Y", "controller": "Forth", "match_by": "code"}, "geometry": {"type": "Point", "coordinates": [100.60906, 13.67882]}}, {"type": "Feature", "properties": {"code": "169", "name": "ศูนย์วิจัยใต้", "road_main": "เพชรบุรี", "road_sub": "ซอยศูนย์วิจัย", "police": "มักกะสัน", "district": "ห้วยขวาง", "status": "Y", "controller": "Forth", "match_by": "code"}, "geometry": {"type": "Point", "coordinates": [100.58473, 13.74473]}}, {"type": "Feature", "properties": {"code": "170", "name": "บ่อปลา", "road_main": "สุขาภิบาลบางกะปี", "road_sub": "ถนนโชคชัย 4 (จัสโก)", "police": "โชคชัย", "district": "ลาดพร้าว", "status": "Y", "controller": "Forth", "match_by": "code"}, "geometry": {"type": "Point", "coordinates": [100.59168, 13.8244]}}, {"type": "Feature", "properties": {"code": "171", "name": "ถนนตก", "road_main": "เจริญกรุง", "road_sub": "พระรามที่ 3 ", "police": "วัดวัดพระยาไกร", "district": "บางคอแหลม", "status": "Y", "controller": "Forth", "match_by": "code"}, "geometry": {"type": "Point", "coordinates": [100.49703, 13.69716]}}, {"type": "Feature", "properties": {"code": "172", "name": "เซ็นหลุยส์ (สะพาน 3)", "road_main": "จันทน์", "road_sub": "ซอยพระแม่มารี / ซอยเซ็นหลุยส์", "police": "ยานนาวา", "district": "สาทร", "status": "Y", "controller": "SCAE", "match_by": "code"}, "geometry": {"type": "Point", "coordinates": [100.52676, 13.70627]}}, {"type": "Feature", "properties": {"code": "173", "name": "สรรพาวุธ", "road_main": "สรรพาวุธ", "road_sub": "ทางรถไฟสายเก่า", "police": "บางนา", "district": "บางนา", "status": "Y", "controller": "Adaptive", "match_by": "code"}, "geometry": {"type": "Point", "coordinates": [100.5912, 13.67614]}}, {"type": "Feature", "properties": {"code": "174", "name": "ศิริราช", "road_main": "อรุณอมรินทร์", "road_sub": "พรานนก", "police": "บางกอกน้อย", "district": "บางกอกน้อย", "status": "Y", "controller": "Adaptive", "match_by": "code"}, "geometry": {"type": "Point", "coordinates": [100.4835, 13.75602]}}, {"type": "Feature", "properties": {"code": "175", "name": "สวนป่าวิภาวดี", "road_main": "มิตรไมตรี", "road_sub": "มิตรไมตรี", "police": "ดินแดง", "district": "ดินแดง", "status": "Y", "controller": "Adaptive", "match_by": "code"}, "geometry": {"type": "Point", "coordinates": [100.53066, 13.72723]}}, {"type": "Feature", "properties": {"code": "176", "name": "สี่กั๊กพระยาศรี", "road_main": "เจริญกรุง", "road_sub": "เฟื่องนคร", "police": "พระราชวัง", "district": "พระนคร", "status": "Y", "controller": "Forth", "match_by": "code"}, "geometry": {"type": "Point", "coordinates": [100.49765, 13.74724]}}, {"type": "Feature", "properties": {"code": "177", "name": "สี่กั๊กเสาชิงช้า", "road_main": "บำรุงเมือง", "road_sub": "เฟื่องนคร - ตะนาว", "police": "สำราญราษฎร์", "district": "พระนคร", "status": "Y", "controller": "Forth", "match_by": "code"}, "geometry": {"type": "Point", "coordinates": [100.49819, 13.75147]}}, {"type": "Feature", "properties": {"code": "178", "name": "เจริญใจ", "road_main": "ซอยสุขุมวิท 63 (เอกมัย)", "road_sub": "ซอยเจริญใจ", "police": "ทองหล่อ", "district": "วัฒนา", "status": "Y", "controller": "Forth", "match_by": "code"}, "geometry": {"type": "Point", "coordinates": [100.58646, 13.73081]}}, {"type": "Feature", "properties": {"code": "179", "name": "รัชดา - ลาดพร้าว", "road_main": "ลาดพร้าว", "road_sub": "รัชดาภิเษก", "police": "พหลโยธิน", "district": "จตุจักร", "status": "Y", "controller": "Forth", "match_by": "code"}, "geometry": {"type": "Point", "coordinates": [100.57496, 13.80531]}}, {"type": "Feature", "properties": {"code": "180", "name": "รัชโยธิน", "road_main": "พหลโยธิน", "road_sub": "รัชดาภิเษก", "police": "พหลโยธิน", "district": "จตุจักร", "status": "Y", "controller": "GeTs", "match_by": "code"}, "geometry": {"type": "Point", "coordinates": [100.56811, 13.82704]}}, {"type": "Feature", "properties": {"code": "181", "name": "ทองหล่อ", "road_main": "สุขุมวิท", "road_sub": "ซอยสุขุมวิท 55 (ทองหล่อ)", "police": "ทองหล่อ", "district": "วัฒนา", "status": "Y", "controller": "Forth", "match_by": "code"}, "geometry": {"type": "Point", "coordinates": [100.5794, 13.72361]}}, {"type": "Feature", "properties": {"code": "182", "name": "ลำสาลี", "road_main": "ศรีนครินทร์", "road_sub": "รามคำแหง", "police": "หัวหมาก", "district": "บางกะปิ", "status": "Y", "controller": "Forth", "match_by": "code"}, "geometry": {"type": "Point", "coordinates": [100.64562, 13.76272]}}, {"type": "Feature", "properties": {"code": "183", "name": "พงษ์เพชร", "road_main": "ประชาชื่น", "road_sub": "งามวงศ์วาน", "police": "สภอ. นนทบุรี", "district": "หลักสี่", "status": "Y", "controller": "PEEK", "match_by": "code"}, "geometry": {"type": "Point", "coordinates": [100.5453, 13.8564]}}, {"type": "Feature", "properties": {"code": "184", "name": "พงษ์พระราม", "road_main": "พระรามที่ 6", "road_sub": "พระรามที่ 1", "police": "ปทุมวัน", "district": "ปทุมวัน", "status": "Y", "controller": "Forth", "match_by": "code"}, "geometry": {"type": "Point", "coordinates": [100.52073, 13.74796]}}, {"type": "Feature", "properties": {"code": "185", "name": "มหานคร", "road_main": "พระรามที่ 4", "road_sub": "มหานคร/จารุเมือง", "police": "ปทุมวัน", "district": "ปทุมวัน", "status": "Y", "controller": "Forth", "match_by": "code"}, "geometry": {"type": "Point", "coordinates": [100.51915, 13.73673]}}, {"type": "Feature", "properties": {"code": "186", "name": "บุคคโล", "road_main": "มไหสวรรย์", "road_sub": "เจริญนคร", "police": "บุคคโล", "district": "ธนบุรี", "status": "Y", "controller": "Forth", "match_by": "code"}, "geometry": {"type": "Point", "coordinates": [100.48853, 13.70303]}}, {"type": "Feature", "properties": {"code": "187", "name": "บางกะปิ", "road_main": "ลาดพร้าว", "road_sub": "นวมินทร์ - เสรีไทย", "police": "ลาดพร้าว", "district": "บางกะปิ", "status": "Y", "controller": "Adaptive", "match_by": "code"}, "geometry": {"type": "Point", "coordinates": [100.64789, 13.76638]}}, {"type": "Feature", "properties": {"code": "188", "name": "สุรวงค์-เดโช", "road_main": "สุรวงค์", "road_sub": "เดโช", "police": "บางรัก", "district": "บางรัก", "status": "Y", "controller": "Forth", "match_by": "code"}, "geometry": {"type": "Point", "coordinates": [100.5249, 13.72788]}}, {"type": "Feature", "properties": {"code": "189", "name": "สะพานช้างโรงสี", "road_main": "อัษฎางค์", "road_sub": "บำรุงเมือง", "police": "สำราญราษฎร์", "district": "พระนคร", "status": "Y", "controller": "Forth", "match_by": "code"}, "geometry": {"type": "Point", "coordinates": [100.4964, 13.75126]}}, {"type": "Feature", "properties": {"code": "190", "name": "ซอยสำราญราษฎร์", "road_main": "มหาไชย", "road_sub": "ซอยสำราญราษฎร์", "police": "สำราญราษฎร์", "district": "พระนคร", "status": "Y", "controller": "Forth", "match_by": "code"}, "geometry": {"type": "Point", "coordinates": [100.50464, 13.75269]}}, {"type": "Feature", "properties": {"code": "191", "name": "ซอยพหลโยธิน 7", "road_main": "พหลโยธิน", "road_sub": "ซอยพหลโยธิน 7", "police": "บางซื่อ", "district": "พญาไท", "status": null, "controller": null, "match_by": "code"}, "geometry": {"type": "Point", "coordinates": [100.49648, 13.74539]}}, {"type": "Feature", "properties": {"code": "192", "name": "แฮปปี้แลนด์", "road_main": "ลาดพร้าว", "road_sub": "แฮปปี้แลนด์", "police": "ลาดพร้าว", "district": "บางกะปิ", "status": "Y", "controller": "Forth", "match_by": "code"}, "geometry": {"type": "Point", "coordinates": [100.64196, 13.76785]}}, {"type": "Feature", "properties": {"code": "193", "name": "เทอดดำริ", "road_main": "เทอดดำริ", "road_sub": "ประดิพัทธ์ / กำแพงเพชร 5", "police": "เตาปูน", "district": "ดุสิต", "status": "Y", "controller": "Forth", "match_by": "code"}, "geometry": {"type": "Point", "coordinates": [100.53504, 13.79247]}}, {"type": "Feature", "properties": {"code": "194", "name": "พระราม 9", "road_main": "รัชดาภิเษก", "road_sub": "อโศกดินแดง - พระราม 9", "police": "ดินแดง", "district": "ห้วยขวาง", "status": "Y", "controller": "Forth", "match_by": "code"}, "geometry": {"type": "Point", "coordinates": [100.56498, 13.75606]}}, {"type": "Feature", "properties": {"code": "195", "name": "ประชาชื่น", "road_main": "ประชาชื่น", "road_sub": "ประชาราษฎร์สาย 2", "police": "เตาปูน", "district": "บางซื่อ", "status": "Y", "controller": "Forth", "match_by": "code"}, "geometry": {"type": "Point", "coordinates": [100.53324, 13.80566]}}, {"type": "Feature", "properties": {"code": "196", "name": "ราชดำริ", "road_main": "ราชดำริ", "road_sub": "สารสิน", "police": "ลุมพินี", "district": "ปทุมวัน", "status": "Y", "controller": "GeTs", "match_by": "code"}, "geometry": {"type": "Point", "coordinates": [100.53854, 13.73439]}}, {"type": "Feature", "properties": {"code": "197", "name": "หลังสวน", "road_main": "สารสิน", "road_sub": "หลังสวน", "police": "ลุมพินี", "district": "ปทุมวัน", "status": "Y", "controller": "GeTs", "match_by": "code"}, "geometry": {"type": "Point", "coordinates": [100.54218, 13.73424]}}, {"type": "Feature", "properties": {"code": "198", "name": "สารสิน", "road_main": "วิทยุ", "road_sub": "สารสิน - ซ.ร่วมฤดี", "police": "ลุมพินี", "district": "ปทุมวัน", "status": "Y", "controller": "Forth", "match_by": "code"}, "geometry": {"type": "Point", "coordinates": [100.54606, 13.73474]}}, {"type": "Feature", "properties": {"code": "199", "name": "ณ ระนอง", "road_main": "รัชดาภิเษก", "road_sub": "สุนทรโกษา - ณ ระนอง", "police": "ท่าเรือ", "district": "คลองเตย", "status": "Y", "controller": "GeTs", "match_by": "code"}, "geometry": {"type": "Point", "coordinates": [100.55814, 13.71771]}}, {"type": "Feature", "properties": {"code": "201", "name": "เสนานิคม", "road_main": "พหลโยธิน", "road_sub": "เสนานิคม 1", "police": "พหลโยธิน", "district": "จตุจักร", "status": "Y", "controller": "Forth", "match_by": "code"}, "geometry": {"type": "Point", "coordinates": [100.57219, 13.83393]}}, {"type": "Feature", "properties": {"code": "202", "name": "อ่อนนุช 17", "road_main": "ซอยอ่อนนุช", "road_sub": "อ่อนนุช ซอย 17", "police": "ประเวศ", "district": "สวนหลวง", "status": "Y", "controller": "Forth", "match_by": "code"}, "geometry": {"type": "Point", "coordinates": [100.60999, 13.71141]}}, {"type": "Feature", "properties": {"code": "203", "name": "พัฒนาการ", "road_main": "ศรีนครินทร์", "road_sub": "พัฒนาการ", "police": "ประเวศ", "district": "สวนหลวง", "status": "Y", "controller": "Forth", "match_by": "code"}, "geometry": {"type": "Point", "coordinates": [100.6408, 13.73592]}}, {"type": "Feature", "properties": {"code": "204", "name": "ศรีนุช", "road_main": "ศรีนครินทร์", "road_sub": "อ่อนนุช", "police": "พระโขนง", "district": "สวนหลวง", "status": "Y", "controller": "Forth", "match_by": "code"}, "geometry": {"type": "Point", "coordinates": [100.64375, 13.71275]}}, {"type": "Feature", "properties": {"code": "206", "name": "ห้วยขวาง", "road_main": "รัชดาภิเษก", "road_sub": "ประชาราษฎร์บำเพ็ญ", "police": "ห้วยขวาง", "district": "ห้วยขวาง", "status": "Y", "controller": "Forth", "match_by": "code"}, "geometry": {"type": "Point", "coordinates": [100.57363, 13.77845]}}, {"type": "Feature", "properties": {"code": "207", "name": "รัชดา-สุทธิสาร", "road_main": "รัชดาภิเษก", "road_sub": "ซอยสุทธิสารวินิจฉัย", "police": "สุทธิสาร", "district": "ห้วยขวาง", "status": "Y", "controller": "Forth", "match_by": "code"}, "geometry": {"type": "Point", "coordinates": [100.57422, 13.78973]}}, {"type": "Feature", "properties": {"code": "208", "name": "หมู่บ้านเสรี", "road_main": "รามคำแหง", "road_sub": "ซอยรามคำแหง 24", "police": "หัวหมาก", "district": "บางกะปิ", "status": "Y", "controller": "Forth", "match_by": "code"}, "geometry": {"type": "Point", "coordinates": [100.61354, 13.75539]}}, {"type": "Feature", "properties": {"code": "209", "name": "มหาดไทย", "road_main": "รามคำแหง", "road_sub": "ซอยรามคำแหง 65", "police": "หัวหมาก", "district": "บางกะปิ", "status": "Y", "controller": "GeTs", "match_by": "code"}, "geometry": {"type": "Point", "coordinates": [100.6245, 13.76034]}}, {"type": "Feature", "properties": {"code": "210", "name": "สมเด็จพระเจ้าตากสิน", "road_main": "สมเด็จพระเจ้าตากสิน", "road_sub": "กรุงธนบุรี", "police": "สำเหร่", "district": "ธนบุรี", "status": "Y", "controller": "Forth", "match_by": "code"}, "geometry": {"type": "Point", "coordinates": [100.49119, 13.72068]}}, {"type": "Feature", "properties": {"code": "211", "name": "นิด้า", "road_main": "เสรีไทย", "road_sub": "ศรีบูรพา", "police": "บึ่งกุ่ม", "district": "บึงกุ่ม", "status": "Y", "controller": "Forth", "match_by": "code"}, "geometry": {"type": "Point", "coordinates": [100.65461, 13.77277]}}, {"type": "Feature", "properties": {"code": "212", "name": "เจริญนคร", "road_main": "เจริญนคร", "road_sub": "กรุงธนบุรี (ขาขึ้นสะพานฯ)", "police": "บุคคโล", "district": "คลองสาน", "status": "Y", "controller": "Forth", "match_by": "code"}, "geometry": {"type": "Point", "coordinates": [100.5089, 13.72148]}}, {"type": "Feature", "properties": {"code": "213", "name": "คลองต้นไทร", "road_main": "เจริญนคร", "road_sub": "กรุงธนบุรี (ขาลงสะพานฯ)", "police": "สำเหร่", "district": "คลองสาน", "status": "Y", "controller": "Adaptive", "match_by": "code"}, "geometry": {"type": "Point", "coordinates": [100.50819, 13.71879]}}, {"type": "Feature", "properties": {"code": "214", "name": "สาทร-เจริญกรุง (เฉลิมพันธ์)", "road_main": "สาทรใต้", "road_sub": "เจริญกรุง", "police": "ยานนาวา", "district": "สาทร", "status": "Y", "controller": "Forth", "match_by": "code"}, "geometry": {"type": "Point", "coordinates": [100.51512, 13.71859]}}, {"type": "Feature", "properties": {"code": "215", "name": "สาทร-สุรศักดิ์", "road_main": "สาทร", "road_sub": "สุรศักดิ์ - เจริญราษฎร์", "police": "ยานนาวา", "district": "บางรัก", "status": "Y", "controller": "Forth", "match_by": "code"}, "geometry": {"type": "Point", "coordinates": [100.51983, 13.71883]}}, {"type": "Feature", "properties": {"code": "216", "name": null, "road_main": "นราธิวาสราชนครินทร์", "road_sub": "สุรวงศ์", "police": "บางรัก", "district": "บางรัก", "status": "Y", "controller": "Forth", "match_by": "code"}, "geometry": {"type": "Point", "coordinates": [100.52697, 13.72853]}}, {"type": "Feature", "properties": {"code": "218", "name": "นรารมณ์", "road_main": "นราธิวาสราชนครินทร์", "road_sub": "สีลม", "police": "ทุ่งมหาเมฆ", "district": "บางรัก", "status": "Y", "controller": "Forth", "match_by": "code"}, "geometry": {"type": "Point", "coordinates": [100.52793, 13.72624]}}, {"type": "Feature", "properties": {"code": "219", "name": "รพ.บางรัก", "road_main": "สาทรเหนือ", "road_sub": "ซ.สมาคมโรงเลื่อย", "police": "ทุ่งมหาเมฆ", "district": "สาทร", "status": "Y", "controller": "Forth", "match_by": "code"}, "geometry": {"type": "Point", "coordinates": [100.52785, 13.72116]}}, {"type": "Feature", "properties": {"code": "220", "name": null, "road_main": "นราธิวาสราชนครินทร์", "road_sub": "สาทร เหนือ-ใต้", "police": "ทุ่งมหาเมฆ", "district": "สาทร", "status": "Y", "controller": "Forth", "match_by": "code"}, "geometry": {"type": "Point", "coordinates": [100.53015, 13.72185]}}, {"type": "Feature", "properties": {"code": "221", "name": "สาทร-พิพัฒน์", "road_main": "สาทรเหนือ", "road_sub": "พิพัฒน์ 2", "police": "ทุ่งมหาเมฆ", "district": "บางรัก", "status": "Y", "controller": "Adaptive", "match_by": "code"}, "geometry": {"type": "Point", "coordinates": [100.53407, 13.723]}}, {"type": "Feature", "properties": {"code": "222", "name": "สาทร-คอนแวนต์", "road_main": "สาทรเหนือ", "road_sub": "คอนแวนด์", "police": "ทุ่งมหาเมฆ", "district": "บางรัก", "status": "Y", "controller": "Forth", "match_by": "code"}, "geometry": {"type": "Point", "coordinates": [100.53528, 13.72336]}}, {"type": "Feature", "properties": {"code": "223", "name": "รัชนนทรี", "road_main": "นราธิวาสราชนครินทร์", "road_sub": "รัชดาภิเษก", "police": "ทุ่งมหาเมฆ", "district": "ยานนาวา", "status": "Y", "controller": "Forth", "match_by": "code"}, "geometry": {"type": "Point", "coordinates": [100.54149, 13.70044]}}, {"type": "Feature", "properties": {"code": "224", "name": "วาย เอ็ม ซี เอ", "road_main": "สาทรเหนือ", "road_sub": "สาทรใต้ (สมาคมฝรั่งเศส)", "police": "ทุ่งมหาเมฆ", "district": "สาทร", "status": "Y", "controller": "Forth", "match_by": "code"}, "geometry": {"type": "Point", "coordinates": [100.53869, 13.72433]}}, {"type": "Feature", "properties": {"code": "225", "name": "วงเวียนใหญ่", "road_main": "สมเด็จพระเจ้าตากสิน", "road_sub": "ลาดหญ้า", "police": "บุปผาราม", "district": "ธนบุรี", "status": "Y", "controller": "Adaptive", "match_by": "name"}, "geometry": {"type": "Point", "coordinates": [100.49289, 13.72565]}}, {"type": "Feature", "properties": {"code": "226", "name": "วงเวียนใหญ่", "road_main": "ประชาธิปก", "road_sub": "อินทรพิทักษ์", "police": "บุปผาราม", "district": "ธนบุรี", "status": "Y", "controller": "Adaptive", "match_by": "name"}, "geometry": {"type": "Point", "coordinates": [100.49289, 13.72565]}}, {"type": "Feature", "properties": {"code": "227", "name": "อ.ประชาธิปไตย", "road_main": "ราชดำเนินกลาง", "road_sub": "ดินสอ", "police": "นางเลิ้ง", "district": "พระนคร", "status": "Y", "controller": "Forth", "match_by": "code"}, "geometry": {"type": "Point", "coordinates": [100.50176, 13.75633]}}, {"type": "Feature", "properties": {"code": "229", "name": "พระราม 9 ใหม่", "road_main": "พระราม 9", "road_sub": "เพชรพระราม", "police": "มักกะสัน", "district": "ห้วยขวาง", "status": "Y", "controller": "Forth", "match_by": "code"}, "geometry": {"type": "Point", "coordinates": [100.59919, 13.74951]}}, {"type": "Feature", "properties": {"code": "230", "name": "หพล 2", "road_main": "พหลโยธิน", "road_sub": "พหลโยธิน 2", "police": "พญาไท", "district": "พญาไท", "status": "Y", "controller": "Forth", "match_by": "code"}, "geometry": {"type": "Point", "coordinates": [100.54318, 13.77568]}}, {"type": "Feature", "properties": {"code": "231", "name": "ภาวนา", "road_main": "ลาดพร้าว", "road_sub": "ซอยลาดพร้าว 41", "police": "พหลโยธิน", "district": "ห้วยขวาง", "status": "Y", "controller": "Forth", "match_by": "code"}, "geometry": {"type": "Point", "coordinates": [100.5833, 13.80068]}}, {"type": "Feature", "properties": {"code": "232", "name": null, "road_main": "บรรทัดทอง", "road_sub": "จรัสเมือง", "police": "ปทุมวัน", "district": "ปทุมวัน", "status": "Y", "controller": "Forth", "match_by": "code"}, "geometry": {"type": "Point", "coordinates": [100.52282, 13.74232]}}, {"type": "Feature", "properties": {"code": "233", "name": "สวรรคโลก", "road_main": "สวรรคโลก", "road_sub": "สุโขทัย - สุคันธาราม", "police": "ดุสิต", "district": "ดุสิต", "status": "Y", "controller": "Forth", "match_by": "code"}, "geometry": {"type": "Point", "coordinates": [100.52719, 13.77363]}}, {"type": "Feature", "properties": {"code": "234", "name": "สามเสน", "road_main": "เทอดดำริ", "road_sub": "นครไชยศรี - สวรรคโลก", "police": "ดุสิต", "district": "ดุสิต", "status": "Y", "controller": "Forth", "match_by": "code"}, "geometry": {"type": "Point", "coordinates": [100.52837, 13.77614]}}, {"type": "Feature", "properties": {"code": "235", "name": "เศรษฐศิริ", "road_main": "เทอดดำริ", "road_sub": "ซอยเศรษฐศิริ", "police": "ดุสิต", "district": "ดุสิต", "status": "Y", "controller": "Forth", "match_by": "code"}, "geometry": {"type": "Point", "coordinates": [100.53054, 13.78158]}}, {"type": "Feature", "properties": {"code": "237", "name": "สุขุมวิท 11", "road_main": "สุขุมวิท", "road_sub": "สุขุมวิท 11", "police": "ลุมพินี", "district": "ปทุมวัน", "status": "Y", "controller": "Forth", "match_by": "code"}, "geometry": {"type": "Point", "coordinates": [100.55618, 13.74004]}}, {"type": "Feature", "properties": {"code": "239", "name": "ด่วนพระราม 3", "road_main": "พระรามที่ 3", "road_sub": "ถนนเลียบทางด่วน/รัชดาภิเษก", "police": "บางโพงพาง", "district": "ยานนาวา", "status": "Y", "controller": "Forth", "match_by": "code"}, "geometry": {"type": "Point", "coordinates": [100.52034, 13.68586]}}, {"type": "Feature", "properties": {"code": "240", "name": "ด่วนสาธุ (เชื่อม 723)", "road_main": "สาธุประดิษฐ์", "road_sub": "รัชดาภิเษก", "police": "บางโพงพาง", "district": "ยานนาวา", "status": "Y", "controller": "GeTs", "match_by": "code"}, "geometry": {"type": "Point", "coordinates": [100.53298, 13.69499]}}, {"type": "Feature", "properties": {"code": "241", "name": "ด่วนนางลิ้นจี่", "road_main": "นางลิ้นจี่", "road_sub": "ทางด่วน", "police": "ทุ่งมหาเมฆ", "district": "ยานนาวา", "status": "Y", "controller": "Forth", "match_by": "code"}, "geometry": {"type": "Point", "coordinates": [100.54457, 13.70481]}}, {"type": "Feature", "properties": {"code": "242", "name": "ซอยอมร", "road_main": "นางลิ้นจี่", "road_sub": "ซอยอมร", "police": "ทุ่งมหาเมฆ", "district": "สาทร", "status": "Y", "controller": "Forth", "match_by": "code"}, "geometry": {"type": "Point", "coordinates": [100.54369, 13.70703]}}, {"type": "Feature", "properties": {"code": "243", "name": "จันทน์-นราธิวาส", "road_main": "นราธิวาสราชนครินทร์", "road_sub": "จันทน์", "police": "ทุ่งมหาเมฆ", "district": "สาทร", "status": "Y", "controller": "Forth", "match_by": "code"}, "geometry": {"type": "Point", "coordinates": [100.53764, 13.70716]}}, {"type": "Feature", "properties": {"code": "244", "name": "เทคนิคกรุงเทพ", "road_main": "นางลิ้นจี่", "road_sub": "อาคารสงเคราะห์", "police": "ทุ่งมหาเมฆ", "district": "สาทร", "status": "Y", "controller": "Forth", "match_by": "code"}, "geometry": {"type": "Point", "coordinates": [100.53888, 13.71606]}}, {"type": "Feature", "properties": {"code": "245", "name": "ชุมชนพัฒนาล็อค 4 5 6", "road_main": "อาจณงค์", "road_sub": "ทางขึ้นทางด่วน/ทางเข้าชุมชน", "police": "ท่าเรือ", "district": "คลองเตย", "status": null, "controller": null, "match_by": "code"}, "geometry": {"type": "Point", "coordinates": [100.57669, 13.71212]}}, {"type": "Feature", "properties": {"code": "246", "name": "โชคชัย 4", "road_main": "ลาดพร้าว", "road_sub": "ถนนโชคชัย 4", "police": "โชคชัย", "district": "วังทองหลาง", "status": "Y", "controller": "Forth", "match_by": "code"}, "geometry": {"type": "Point", "coordinates": [100.59376, 13.79482]}}, {"type": "Feature", "properties": {"code": "247", "name": "จันทิมา", "road_main": "ลาดพร้าว", "road_sub": "ซอยลาดพร้าว 80", "police": "โชคชัย", "district": "วังทองหลาง", "status": "Y", "controller": "Forth", "match_by": "code"}, "geometry": {"type": "Point", "coordinates": [100.60516, 13.78844]}}, {"type": "Feature", "properties": {"code": "248", "name": "สวนสน", "road_main": "รามคำแหง", "road_sub": "นวมินทร์", "police": "หัวหมาก", "district": "บางกะปิ", "status": "Y", "controller": "Forth", "match_by": "code"}, "geometry": {"type": "Point", "coordinates": [100.64874, 13.76308]}}, {"type": "Feature", "properties": {"code": "249", "name": "มหาดไทย - ลาดพร้าว", "road_main": "ลาดพร้าว", "road_sub": "ซอยลาดพร้าว 122", "police": "ลาดพร้าว", "district": "วังทองหลาง", "status": "Y", "controller": "Forth", "match_by": "code"}, "geometry": {"type": "Point", "coordinates": [100.62427, 13.77776]}}, {"type": "Feature", "properties": {"code": "250", "name": "พาณิชย์ธนฯ", "road_main": "จรัญสนิทวงค์", "road_sub": "ซอยจรัญสนิทวงค์ 13", "police": "บางกอกใหญ่", "district": "บางกอกใหญ่", "status": "Y", "controller": "Forth", "match_by": "code"}, "geometry": {"type": "Point", "coordinates": [100.47062, 13.74139]}}, {"type": "Feature", "properties": {"code": "251", "name": "พร้อมพงษ์", "road_main": "เพชรบุรี", "road_sub": "ซอยพร้อมพงษ์", "police": "มักกะสัน", "district": "ห้วยขวาง", "status": "Y", "controller": "Forth", "match_by": "code"}, "geometry": {"type": "Point", "coordinates": [100.57333, 13.74731]}}, {"type": "Feature", "properties": {"code": "252", "name": "เสนานิคมซอย 12", "road_main": "เสนานิคม 1", "road_sub": "เสนานิคม 1 ซอย 12", "police": "พหลโยธิน", "district": "จตุจักร", "status": null, "controller": "Adaptive", "match_by": "code"}, "geometry": {"type": "Point", "coordinates": [100.54176, 13.77168]}}, {"type": "Feature", "properties": {"code": "253", "name": "ประชานิเวศน์", "road_main": "ประชาชื่น", "road_sub": "ประชานิเวศน์", "police": "ประชาชื่น", "district": "บางซื่อ", "status": "Y", "controller": "Forth", "match_by": "code"}, "geometry": {"type": "Point", "coordinates": [100.54125, 13.83986]}}, {"type": "Feature", "properties": {"code": "254", "name": "อ.ชัยสมรภูมิ", "road_main": "อ.ชัยสมรภูมิ", "road_sub": "พหลโยธิน", "police": "พญาไท", "district": "ราชเทวี", "status": "Y", "controller": "GeTs", "match_by": "name"}, "geometry": {"type": "Point", "coordinates": [100.538857, 13.765782]}}, {"type": "Feature", "properties": {"code": "255", "name": "อ.ชัยสมรภูมิ", "road_main": "อ.ชัยสมภูมิ", "road_sub": "ราชวิถีตะวันออก", "police": "พญาไท", "district": "ราชเทวี", "status": "Y", "controller": "GeTs", "match_by": "name"}, "geometry": {"type": "Point", "coordinates": [100.538857, 13.765782]}}, {"type": "Feature", "properties": {"code": "256", "name": "อ.ชัยสมรภูมิ", "road_main": "อ.ชัยสมรภูมิ", "road_sub": "อ.ชัยสมรภูมิ - พญาไท", "police": "พญาไท", "district": "ราชเทวี", "status": "Y", "controller": "GeTs", "match_by": "name"}, "geometry": {"type": "Point", "coordinates": [100.538857, 13.765782]}}, {"type": "Feature", "properties": {"code": "257", "name": "อ.ชัยสมรภูมิ", "road_main": "อ.ชัยสมรภูมิ", "road_sub": "อ.ชัยสมรภูมิ - ราชวิถีตะวันตก", "police": "พญาไท", "district": "ราชเทวี", "status": "Y", "controller": "GeTs", "match_by": "name"}, "geometry": {"type": "Point", "coordinates": [100.538857, 13.765782]}}, {"type": "Feature", "properties": {"code": "258", "name": "บางแค", "road_main": "เพชรเกษม", "road_sub": "สุขาภิบาล 1", "police": "หลักสอง", "district": "บางแค", "status": "Y", "controller": "Forth", "match_by": "code"}, "geometry": {"type": "Point", "coordinates": [100.42084, 13.71175]}}, {"type": "Feature", "properties": {"code": "259", "name": "พุทธมณฑลสาย 2", "road_main": "เพชรเกษม", "road_sub": "พุทธมณฑลสาย 2", "police": "หลักสอง", "district": "บางแค", "status": "Y", "controller": "Forth", "match_by": "code"}, "geometry": {"type": "Point", "coordinates": [100.3959, 13.70972]}}, {"type": "Feature", "properties": {"code": "260", "name": "ม. เศรษฐกิจ", "road_main": "เพชรเกษม", "road_sub": "ม. เศรษฐกิจ", "police": "หลักสอง", "district": "บางแค", "status": "Y", "controller": "Forth", "match_by": "code"}, "geometry": {"type": "Point", "coordinates": [100.3782, 13.70828]}}, {"type": "Feature", "properties": {"code": "261", "name": "ตากสิน 37", "road_main": "สมเด็จพระเจ้าตากสิน", "road_sub": "ซอยสมเด็จพระเจ้าตากสิน 37", "police": "บุคคโล", "district": "ธนบุรี", "status": "Y", "controller": "Forth", "match_by": "code"}, "geometry": {"type": "Point", "coordinates": [100.48335, 13.69796]}}, {"type": "Feature", "properties": {"code": "262", "name": "การท่าเรือ", "road_main": "ทางรถไฟสายปากน้ำ", "road_sub": "ทางเข้าการท่าเรือ", "police": "ท่าเรือ", "district": "คลองเตย", "status": "Y", "controller": "Forth", "match_by": "code"}, "geometry": {"type": "Point", "coordinates": [100.58164, 13.70984]}}, {"type": "Feature", "properties": {"code": "264", "name": "วัดสะพานสูง", "road_main": "พระรามที่ 6 ", "road_sub": "เตชะวณิช", "police": "เตาปูน", "district": "บางซื่อ", "status": "Y", "controller": "Adaptive", "match_by": "code"}, "geometry": {"type": "Point", "coordinates": [100.53318, 13.79943]}}, {"type": "Feature", "properties": {"code": "265", "name": "สะพานดำ", "road_main": "พระรามที่ 6", "road_sub": "กำแพงเพชร", "police": "บางซื่อ", "district": "พญาไท", "status": "Y", "controller": "Forth", "match_by": "code"}, "geometry": {"type": "Point", "coordinates": [100.53832, 13.79691]}}, {"type": "Feature", "properties": {"code": "266", "name": "ทรัพย์ - สุรวงศ์", "road_main": "ทรัพย์", "road_sub": "สุรวงศ์", "police": "บางรัก", "district": "บางรัก", "status": "Y", "controller": "Forth", "match_by": "code"}, "geometry": {"type": "Point", "coordinates": [100.52813, 13.72889]}}, {"type": "Feature", "properties": {"code": "267", "name": "พร้อมศรี", "road_main": "ซอยสุขุมวิท 39", "road_sub": "ซอยพร้อมศรี 1", "police": "ทองหล่อ", "district": "วัฒนา", "status": "Y", "controller": "Forth", "match_by": "code"}, "geometry": {"type": "Point", "coordinates": [100.57172, 13.73635]}}, {"type": "Feature", "properties": {"code": "268", "name": "ผังเมือง", "road_main": "พระราม 9", "road_sub": "วัฒนธรรม", "police": "ห้วยขวาง", "district": "ห้วยขวาง", "status": "Y", "controller": "Forth", "match_by": "code"}, "geometry": {"type": "Point", "coordinates": [100.57336, 13.75544]}}, {"type": "Feature", "properties": {"code": "269", "name": "ด่วนวัดสร้อยทอง", "road_main": "ประชาราษฎร์ สาย 1", "road_sub": "ทางขึ้นด่วนศรีรัช", "police": "เตาปูน", "district": "บางซื่อ", "status": null, "controller": null, "match_by": "code"}, "geometry": {"type": "Point", "coordinates": [100.57319, 13.76811]}}, {"type": "Feature", "properties": {"code": "271", "name": "ด่วนโรงปูน (ด่วนกำแพงเพชร)", "road_main": "กำแพงเพชร", "road_sub": "ทางด่วนขั้นที่ 2", "police": "บางซื่อ", "district": "จตุจักร", "status": "Y", "controller": "GeTs", "match_by": "code"}, "geometry": {"type": "Point", "coordinates": [100.54121, 13.79783]}}, {"type": "Feature", "properties": {"code": "272", "name": "เพชรเกษม  69", "road_main": "เพชรเกษม", "road_sub": "เพชรเกษม 69", "police": "เพชรเกษม", "district": "หนองแขม", "status": "Y", "controller": "Forth", "match_by": "code"}, "geometry": {"type": "Point", "coordinates": [100.37385, 13.70793]}}, {"type": "Feature", "properties": {"code": "273", "name": "เพชรเกษม 81", "road_main": "เพชรเกษม", "road_sub": "เพชรเกษม 81", "police": "หนองแขม", "district": "หนองแขม", "status": "Y", "controller": "Forth", "match_by": "code"}, "geometry": {"type": "Point", "coordinates": [100.34326, 13.70548]}}, {"type": "Feature", "properties": {"code": "274", "name": "ภาษีเจริญเหนือ", "road_main": "เพชรเกษม 81", "road_sub": "เลียบคลองภาษีเจริญฝั่งเหนือ", "police": "หนองแขม", "district": "หนองแขม", "status": "Y", "controller": "Forth", "match_by": "code"}, "geometry": {"type": "Point", "coordinates": [100.34456, 13.68107]}}, {"type": "Feature", "properties": {"code": "275", "name": "หนองแขม", "road_main": "เพชรเกษม 81", "road_sub": "เลียบคลองภาษีเจริญฝั่งใต้", "police": "หนองแขม", "district": "หนองแขม", "status": "Y", "controller": "Forth", "match_by": "code"}, "geometry": {"type": "Point", "coordinates": [100.34535, 13.67829]}}, {"type": "Feature", "properties": {"code": "276", "name": "ถนนเพิ่มสิน - ถนนวัชรพล", "road_main": "เพิ่มสิน", "road_sub": "วัชรพล", "police": "สายไหม", "district": "สายไหม", "status": null, "controller": null, "match_by": "code"}, "geometry": {"type": "Point", "coordinates": [100.63787, 13.90043]}}, {"type": "Feature", "properties": {"code": "277", "name": "เทศบาลนิมิตร", "road_main": "ประชานิเวศน์ 1", "road_sub": "เทศบาลนิมิตร", "police": "ประชาชื่น", "district": "จตุจักร", "status": "Y", "controller": "Forth", "match_by": "code"}, "geometry": {"type": "Point", "coordinates": [100.54964, 13.83987]}}, {"type": "Feature", "properties": {"code": "278", "name": "ลาดพร้าว 101", "road_main": "ลาดพร้าว", "road_sub": "ลาดพร้าว 101", "police": "ลาดพร้าว", "district": "บางกะปิ", "status": "Y", "controller": "Forth", "match_by": "code"}, "geometry": {"type": "Point", "coordinates": [100.62913, 13.77503]}}, {"type": "Feature", "properties": {"code": "279", "name": "เจ้าคุณทหาร", "road_main": "เจ้าคุณทหาร", "road_sub": "ฉลองกรุง", "police": "ลาดกระบัง", "district": "ลาดกระบัง", "status": "Y", "controller": "Forth", "match_by": "code"}, "geometry": {"type": "Point", "coordinates": [100.79429, 13.7506]}}, {"type": "Feature", "properties": {"code": "280", "name": "ศูนย์วิจัยเหนือ", "road_main": "พระราม 9", "road_sub": "ซอยศูนย์วิจัย", "police": "มักกะสัน", "district": "ห้วยขวาง", "status": "Y", "controller": "Forth", "match_by": "code"}, "geometry": {"type": "Point", "coordinates": [100.58896, 13.7529]}}, {"type": "Feature", "properties": {"code": "281", "name": "วัดราษฎร์บูรณะ", "road_main": "ราษฎร์บูรณะ", "road_sub": "ราษฏร์พัฒนา", "police": "ราษฎร์บูรณะ", "district": "ราษฎร์บูรณะ", "status": "Y", "controller": "Forth", "match_by": "code"}, "geometry": {"type": "Point", "coordinates": [100.50399, 13.68211]}}, {"type": "Feature", "properties": {"code": "282", "name": "มารยาทดี", "road_main": "สมเด็จเจ้าพระยา", "road_sub": "พญาไม้", "police": "บุปผาราม", "district": "คลองสาน", "status": "Y", "controller": "Forth", "match_by": "code"}, "geometry": {"type": "Point", "coordinates": [100.49672, 13.73426]}}, {"type": "Feature", "properties": {"code": "284", "name": "โรงไม้", "road_main": "สตรีวิทยา 2", "road_sub": "ซอยนาคนิวาส", "police": "โชคชัย", "district": "ลาดพร้าว", "status": "Y", "controller": "Forth", "match_by": "code"}, "geometry": {"type": "Point", "coordinates": [100.60901, 13.82112]}}, {"type": "Feature", "properties": {"code": "285", "name": "ปากซอยกรุงเทพกรีฑา 7", "road_main": "กรุงเทพกรีฑา", "road_sub": "ซอยกรุงเทพกรีฑา 7", "police": "ประเวศ", "district": "บางกะปิ", "status": "Y", "controller": "Forth", "match_by": "code"}, "geometry": {"type": "Point", "coordinates": [100.64526, 13.75191]}}, {"type": "Feature", "properties": {"code": "286", "name": "เทียมร่วมมิตร", "road_main": "รัชดาภิเษก", "road_sub": "เทียมร่วมมิตร", "police": "ห้วยขวาง", "district": "ห้วยขวาง", "status": "Y", "controller": "Forth", "match_by": "code"}, "geometry": {"type": "Point", "coordinates": [100.57279, 13.76964]}}, {"type": "Feature", "properties": {"code": "287", "name": "นาหลวง", "road_main": "ประชาอุทิศ", "road_sub": "พุทธบูชา", "police": "ราษฎร์บูรณะ", "district": "ทุ่งครุ", "status": "Y", "controller": "Forth", "match_by": "code"}, "geometry": {"type": "Point", "coordinates": [100.49571, 13.6472]}}, {"type": "Feature", "properties": {"code": "288", "name": null, "road_main": "เพชรเกษม", "road_sub": "พุทธมณฑลสาย 1", "police": "ภาษีเจริญ", "district": "ภาษีเจริญ", "status": "Y", "controller": "Forth", "match_by": "code"}, "geometry": {"type": "Point", "coordinates": [100.42848, 13.7124]}}, {"type": "Feature", "properties": {"code": "289", "name": "ตลาดวงศ์กร", "road_main": "สายไหม", "road_sub": "เฉลิมพงษ์", "police": "คันนายาว", "district": "สายไหม", "status": "Y", "controller": "Forth", "match_by": "code"}, "geometry": {"type": "Point", "coordinates": [100.68375, 13.92146]}}, {"type": "Feature", "properties": {"code": "290", "name": "ทองหล่อเหนือ", "road_main": "เพชรบุรี", "road_sub": "ซอยทองหล่อ", "police": "มักกะสัน", "district": "ห้วยขวาง", "status": "Y", "controller": "Forth", "match_by": "code"}, "geometry": {"type": "Point", "coordinates": [100.5861, 13.74437]}}, {"type": "Feature", "properties": {"code": "291", "name": "สามัคคี", "road_main": "ประชาชื่น", "road_sub": "สามัคคี", "police": "ประชาชื่น", "district": "หลักสี่", "status": "Y", "controller": "Forth", "match_by": "name"}, "geometry": {"type": "Point", "coordinates": [100.550218, 13.878845]}}, {"type": "Feature", "properties": {"code": "292", "name": "อุทยาน/อักษะ", "road_main": "พุทธมณฑลสาย 3", "road_sub": "อุทยาน", "police": "ธรรมศาลา", "district": "ทวีวัฒนา", "status": "Y", "controller": "Forth", "match_by": "code"}, "geometry": {"type": "Point", "coordinates": [100.36377, 13.77849]}}, {"type": "Feature", "properties": {"code": "293", "name": "สายน้ำผึ้ง", "road_main": "สุขุมวิท", "road_sub": "ซอยสุขุมวิท 22/31", "police": "ทองหล่อ", "district": "คลองเตย", "status": "Y", "controller": "Forth", "match_by": "code"}, "geometry": {"type": "Point", "coordinates": [100.56525, 13.73359]}}, {"type": "Feature", "properties": {"code": "294", "name": "ม.กรุงเทพ", "road_main": "พระรามที่ 4", "road_sub": "ซอยบ้านกล้วยใต้", "police": "ทองหล่อ", "district": "คลองเตย", "status": "Y", "controller": "Forth", "match_by": "code"}, "geometry": {"type": "Point", "coordinates": [100.58056, 13.71322]}}, {"type": "Feature", "properties": {"code": "295", "name": "ประชาราษฎร์", "road_main": "ประชาราษฎร์สาย 1", "road_sub": "สะพานพระราม 7", "police": "เตาปูน", "district": "บางซื่อ", "status": "Y", "controller": "Forth", "match_by": "code"}, "geometry": {"type": "Point", "coordinates": [100.51641, 13.81485]}}, {"type": "Feature", "properties": {"code": "296", "name": "พิบูลสงคราม", "road_main": "ประชาราษฎร์สาย 1", "road_sub": "พิบูลสงคราม", "police": "เตาปูน", "district": "บางซื่อ", "status": "Y", "controller": "Forth", "match_by": "code"}, "geometry": {"type": "Point", "coordinates": [100.5151, 13.81799]}}, {"type": "Feature", "properties": {"code": "297", "name": "มารยาทดี (ด่วนสาย 1)", "road_main": "พระราชดำริ - เพชรอุทัย", "road_sub": "ทางด่วนขั้นที่ 2", "police": "ดินแดง", "district": "ห้วยขวาง", "status": "Y", "controller": "Forth", "match_by": "code"}, "geometry": {"type": "Point", "coordinates": [100.56942, 13.75237]}}, {"type": "Feature", "properties": {"code": "299", "name": "นิมิตใหม่", "road_main": "นิมิตใหม่", "road_sub": "หทัยมิตร", "police": "นิมิตใหม่", "district": "คลองสามวา", "status": "Y", "controller": "Forth", "match_by": "code"}, "geometry": {"type": "Point", "coordinates": [100.7319, 13.85975]}}, {"type": "Feature", "properties": {"code": "306", "name": "กองบัญชาการกองทัพเรือ", "road_main": "อิสระภาพ", "road_sub": "อิสระภาพ 37", "police": "บางกอกน้อย", "district": "บางกอกน้อย", "status": "Y", "controller": "Forth", "match_by": "code"}, "geometry": {"type": "Point", "coordinates": [100.47869, 13.74989]}}, {"type": "Feature", "properties": {"code": "307", "name": null, "road_main": "อิสระภาพ", "road_sub": "ซอยแสงศึกษา / วัดดงมูลเหล็ก", "police": "บางกอกน้อย", "district": "บางกอกน้อย", "status": "Y", "controller": "PEEK", "match_by": "code"}, "geometry": {"type": "Point", "coordinates": [100.47814, 13.75221]}}, {"type": "Feature", "properties": {"code": "312", "name": null, "road_main": "จันทน์", "road_sub": "นางลิ้นจี่/เย็นอากาศ", "police": "ทุ่งมหาเมฆ", "district": "สาทร", "status": null, "controller": "Forth", "match_by": "code"}, "geometry": {"type": "Point", "coordinates": [100.54202, 13.71022]}}, {"type": "Feature", "properties": {"code": "319", "name": "ทางด่วนสุขุมวิท 50", "road_main": "สุขุมวิท 50", "road_sub": "ทางลงทางด่วน", "police": "พระโขนง", "district": "พระโขนง", "status": null, "controller": null, "match_by": "code"}, "geometry": {"type": "Point", "coordinates": [100.59811, 13.70551]}}, {"type": "Feature", "properties": {"code": "322", "name": "บางนา", "road_main": "สุขุมวิท", "road_sub": "บางนา-ตราด/สรรพาวุธ", "police": "บางนา", "district": "บางนา", "status": "Y", "controller": "Forth", "match_by": "code"}, "geometry": {"type": "Point", "coordinates": [100.60556, 13.67338]}}, {"type": "Feature", "properties": {"code": "323", "name": "ลาซาล", "road_main": "สุขุมวิท", "road_sub": "ซอยลาซาล (สุขุมวิท 105)", "police": "บางนา", "district": "บางนา", "status": "Y", "controller": "Forth", "match_by": "code"}, "geometry": {"type": "Point", "coordinates": [100.60228, 13.66223]}}, {"type": "Feature", "properties": {"code": "326", "name": "ศรีอุดม", "road_main": "ศรีนครินทร์", "road_sub": "ซอยอุดมสุข", "police": "ประเวศ", "district": "ประเวศ", "status": "Y", "controller": "Forth", "match_by": "code"}, "geometry": {"type": "Point", "coordinates": [100.64604, 13.67775]}}, {"type": "Feature", "properties": {"code": "327", "name": "พาราไดช์", "road_main": "ศรีนครินทร์", "road_sub": "ซอยสุภาพงษ์ (ศรีครินทร์ 57)", "police": "ประเวศ", "district": "ประเวศ", "status": "Y", "controller": "Forth", "match_by": "code"}, "geometry": {"type": "Point", "coordinates": [100.64671, 13.68611]}}, {"type": "Feature", "properties": {"code": "328", "name": "ศรีนครินทร์ 55 (เชื่อม 327)", "road_main": "ศรีนครินทร์", "road_sub": "ซอยศรีนครินทร์ 55", "police": "ประเวศ", "district": "ประเวศ", "status": "Y", "controller": "Forth", "match_by": "code"}, "geometry": {"type": "Point", "coordinates": [100.647, 13.68941]}}, {"type": "Feature", "properties": {"code": "329", "name": "อ่อนนุช 46", "road_main": "ซอยอ่อนนุช", "road_sub": "อ่อนนุช ซอย 46", "police": "พระโขนง", "district": "สวนหลวง", "status": "Y", "controller": "Forth", "match_by": "code"}, "geometry": {"type": "Point", "coordinates": [100.63429, 13.71069]}}, {"type": "Feature", "properties": {"code": "333", "name": "พัฒนาการ 53", "road_main": "พัฒนาการ", "road_sub": "ซอยพัฒาการ 53 ", "police": "ประเวศ", "district": "สวนหลวง", "status": null, "controller": "Adaptive", "match_by": "code"}, "geometry": {"type": "Point", "coordinates": [100.64898, 13.73245]}}, {"type": "Feature", "properties": {"code": "334", "name": "เฉลิมพระเกียรติ ร.9 ซอย 48", "road_main": "เฉลิมพระเกียรติ ร.9 ", "road_sub": "เฉลิมพระเกียรติ ร.9 ซอย 48", "police": "อุดมสุข", "district": "ประเวศ", "status": null, "controller": "Adaptive", "match_by": "code"}, "geometry": {"type": "Point", "coordinates": [100.58898, 13.73849]}}, {"type": "Feature", "properties": {"code": "336", "name": "นวลจันทร์ - คลองลำเจียก", "road_main": "นวลจันทร์", "road_sub": "คลองลำเจียก", "police": "โคกคราม", "district": "บึงกุ่ม", "status": null, "controller": "Adaptive", "match_by": "code"}, "geometry": {"type": "Point", "coordinates": [100.58445, 13.73949]}}, {"type": "Feature", "properties": {"code": "338", "name": "วัดเทพลีลา", "road_main": "รามคำแหง", "road_sub": "ซอยรามคำแหง 39", "police": "หัวหมาก", "district": "บางกะปิ", "status": "Y", "controller": "Forth", "match_by": "code"}, "geometry": {"type": "Point", "coordinates": [100.61575, 13.75758]}}, {"type": "Feature", "properties": {"code": "339", "name": "เฉลิมพระเกียรติ 53", "road_main": "เฉลิมพระเกียรติ ร. 9", "road_sub": "ซอยเฉลิมพระเกียรติ ร.9 53", "police": "ประเวศ", "district": "ประเวศ", "status": "Y", "controller": "Forth", "match_by": "code"}, "geometry": {"type": "Point", "coordinates": [100.67554, 13.70007]}}, {"type": "Feature", "properties": {"code": "340", "name": "วัดทิพพาวาส", "road_main": "ฉลองกรุง", "road_sub": "ฉลองกรุง 53 (วัดทิพพาวาส)", "police": "ฉลองกรุง", "district": "ลาดกระบัง", "status": "Y", "controller": "Forth", "match_by": "code"}, "geometry": {"type": "Point", "coordinates": [100.81186, 13.77192]}}, {"type": "Feature", "properties": {"code": "341", "name": "กรมการสื่อสารทหาร", "road_main": "สรงประภา", "road_sub": "ทางเข้ากรมการทหารสื่อสาร", "police": "ดอนเมือง", "district": "ดอนเมือง", "status": null, "controller": "Forth", "match_by": "code"}, "geometry": {"type": "Point", "coordinates": [100.57591, 13.93034]}}, {"type": "Feature", "properties": {"code": "342", "name": "สหกรณ์ออมทรัพย์สื่อสารทหาร", "road_main": "สรงประภา", "road_sub": "ทางเข้าสหกรณ์ออมทรัพย์สื่อสารทหาร", "police": "ดอนเมือง", "district": "ดอนเมือง", "status": null, "controller": "Forth", "match_by": "code"}, "geometry": {"type": "Point", "coordinates": [100.58268, 13.92824]}}, {"type": "Feature", "properties": {"code": "343", "name": "ลาดพร้าว", "road_main": "พหลโยธิน", "road_sub": "ลาดพร้าว/ถนนวิภาวดีรังสิต", "police": "วิภา", "district": "จตุจักร", "status": "Y", "controller": "GeTs", "match_by": "code"}, "geometry": {"type": "Point", "coordinates": [100.55992, 13.81313]}}, {"type": "Feature", "properties": {"code": "344", "name": "ซอยศาสนา", "road_main": "พรพรามที่ 6", "road_sub": "ซอยศาสนา", "police": "บางซื่อ", "district": "พญาไท", "status": "Y", "controller": null, "match_by": "code"}, "geometry": {"type": "Point", "coordinates": [100.53171, 13.77664]}}, {"type": "Feature", "properties": {"code": "345", "name": "พหลโยธิน 50", "road_main": "พหลโยธิน", "road_sub": "รัตนโกสินทร์สมโภช", "police": "บางเขน", "district": "บางเขน", "status": "Y", "controller": "Forth", "match_by": "code"}, "geometry": {"type": "Point", "coordinates": [100.60541, 13.89036]}}, {"type": "Feature", "properties": {"code": "346", "name": "วงเวียนอนุสาวรีย์หลักสี่", "road_main": "พหลโยธิน", "road_sub": "แจ้งวัฒนะ (เชื่อม 818)", "police": "บางเขน", "district": "บางเขน", "status": "Y", "controller": "GeTs", "match_by": "code"}, "geometry": {"type": "Point", "coordinates": [100.59711, 13.87494]}}, {"type": "Feature", "properties": {"code": "347", "name": "เพชรระนอง", "road_main": "เทอดดำริ", "road_sub": "ซอยระนอง 1/กำแพงเพชร 5", "police": "ดุสิต", "district": "ดุสิต", "status": "Y", "controller": "Forth", "match_by": "code"}, "geometry": {"type": "Point", "coordinates": [100.53276, 13.78718]}}, {"type": "Feature", "properties": {"code": "348", "name": null, "road_main": "ทหาร", "road_sub": "ทางเข้าออกอาคารสงเคราะห์กองทัพบก", "police": "เตาปูน", "district": "ดุสิต", "status": null, "controller": "Adaptive", "match_by": "code"}, "geometry": {"type": "Point", "coordinates": [100.52631, 13.79525]}}, {"type": "Feature", "properties": {"code": "349", "name": "วัดประชา", "road_main": "พระรามที่ 5", "road_sub": "ซอยระนอง 1", "police": "ดุสิต", "district": "ดุสิต", "status": "Y", "controller": "Forth", "match_by": "code"}, "geometry": {"type": "Point", "coordinates": [100.52765, 13.78925]}}, {"type": "Feature", "properties": {"code": "351", "name": "อำนวยสงคราม", "road_main": "พิชัย", "road_sub": "อำนวยสงคราม", "police": "สามเสน", "district": "ดุสิต", "status": "Y", "controller": "Siemens", "match_by": "code"}, "geometry": {"type": "Point", "coordinates": [100.52017, 13.78597]}}, {"type": "Feature", "properties": {"code": "363", "name": "ลาดปลาเค้า", "road_main": "รามอินทรา", "road_sub": "ลาดปลาเค้า", "police": "บางเขน", "district": "บางเขน", "status": "Y", "controller": "Forth", "match_by": "code"}, "geometry": {"type": "Point", "coordinates": [100.61468, 13.8644]}}, {"type": "Feature", "properties": {"code": "364", "name": "นวมินทร์ (กม. 8)", "road_main": "รามอินทรา", "road_sub": "นวมินทร์  / กม. 8", "police": "บางเขน", "district": "คันนายาว", "status": "Y", "controller": "Forth", "match_by": "code"}, "geometry": {"type": "Point", "coordinates": [100.66161, 13.83907]}}, {"type": "Feature", "properties": {"code": "365", "name": "นวลจันทร์", "road_main": "รามอินทรา", "road_sub": "นวลจันทร์", "police": "โคกคราม", "district": "คันนายาว", "status": "Y", "controller": "Forth", "match_by": "code"}, "geometry": {"type": "Point", "coordinates": [100.64962, 13.84558]}}, {"type": "Feature", "properties": {"code": "367", "name": "หมอชิต 2", "road_main": "กำแพงเพชร2", "road_sub": "ทางด่วนขั้นที่ 2", "police": "บางเขน", "district": "จตุจักร", "status": "Y", "controller": "Forth", "match_by": "code"}, "geometry": {"type": "Point", "coordinates": [100.54827, 13.80939]}}, {"type": "Feature", "properties": {"code": "368", "name": "สะพานสุทธิสาร", "road_main": "วิภาวดีรังสิต", "road_sub": "ซอยสุทธิสารวินิจฉัย", "police": "วิภา", "district": "ดินแดง", "status": "Y", "controller": "Forth", "match_by": "code"}, "geometry": {"type": "Point", "coordinates": [100.56153, 13.78933]}}, {"type": "Feature", "properties": {"code": "369", "name": "ถนนนาคนิวาส - ซอยนาคนิวาส 16", "road_main": "นาคนิวาส", "road_sub": "ซอยนาคนิวาส 16", "police": "โชคชัย", "district": "ลาดพร้าว", "status": null, "controller": "Forth", "match_by": "code"}, "geometry": {"type": "Point", "coordinates": [100.60815, 13.80689]}}, {"type": "Feature", "properties": {"code": "371", "name": "เกตุนุช", "road_main": "ลาดพร้าว", "road_sub": "ซอยลาดพร้าว 64", "police": "โชคชัย", "district": "วังทองหลาง", "status": "Y", "controller": "Forth", "match_by": "code"}, "geometry": {"type": "Point", "coordinates": [100.59976, 13.79145]}}, {"type": "Feature", "properties": {"code": "373", "name": "เอี่ยมสมบุญ", "road_main": "ลาดพร้าว", "road_sub": "ซอยลาดพร้าว 112", "police": "โชคชัย", "district": "วังทองหลาง", "status": "Y", "controller": "Forth", "match_by": "code"}, "geometry": {"type": "Point", "coordinates": [100.6182, 13.78115]}}, {"type": "Feature", "properties": {"code": "374", "name": "สุขาแฮปปี้", "road_main": "นวมินทร์", "road_sub": "แฮปปี้แลนด์", "police": "ลาดพร้าว", "district": "บางกะปิ", "status": "Y", "controller": "Forth", "match_by": "code"}, "geometry": {"type": "Point", "coordinates": [100.64519, 13.78058]}}, {"type": "Feature", "properties": {"code": "378", "name": "พระรามที่ 3 นราธิวาส", "road_main": "นราธิวาสราชนครินทร์", "road_sub": "พระรามที่ 3 ", "police": "บางโพงพาง", "district": "ยานนาวา", "status": "Y", "controller": "Forth", "match_by": "code"}, "geometry": {"type": "Point", "coordinates": [100.54707, 13.69541]}}, {"type": "Feature", "properties": {"code": "379", "name": "สวนผัก - ราชพฤกษ์", "road_main": "สวนผัก", "road_sub": "ราชพฤกษ์", "police": "ตลิ่งชัน", "district": "ตลิ่งชัน", "status": "Y", "controller": "Forth", "match_by": "code"}, "geometry": {"type": "Point", "coordinates": [100.48952, 13.75235]}}, {"type": "Feature", "properties": {"code": "380", "name": "วัดจันทร์ประดิษฐาราม", "road_main": "บางแวก", "road_sub": "ซอยวัดจันทร์ประดิษฐาราม ()", "police": "บางเสาธง", "district": "ภาษีเจริญ", "status": "Y", "controller": "Forth", "match_by": "code"}, "geometry": {"type": "Point", "coordinates": [100.4921, 13.75545]}}, {"type": "Feature", "properties": {"code": "381", "name": "เพชรบุรี-เพชรอุทัย", "road_main": "เพชรบุรี", "road_sub": "เพชรอุทัย", "police": "มักกะสัน", "district": "ห้วยขวาง", "status": null, "controller": "Adaptive", "match_by": "code"}, "geometry": {"type": "Point", "coordinates": [100.49375, 13.751]}}, {"type": "Feature", "properties": {"code": "382", "name": "อโศกดินแดง-กำแพงเพชร 7", "road_main": "อโศกดินแดง", "road_sub": "กำแพงเพชร 7", "police": "มักกะสัน", "district": "ห้วยขวาง", "status": null, "controller": "Adaptive", "match_by": "code"}, "geometry": {"type": "Point", "coordinates": [100.49415, 13.74749]}}, {"type": "Feature", "properties": {"code": "386", "name": "ลาดพร้าว - ซอย 39", "road_main": "ลาดพร้าว101", "road_sub": "ซอย 39", "police": "ลาดพร้าว", "district": "บางกะปิ", "status": "Y", "controller": "Adaptive", "match_by": "code"}, "geometry": {"type": "Point", "coordinates": [100.49742, 13.74531]}}, {"type": "Feature", "properties": {"code": "387", "name": null, "road_main": "สี่พระยา", "road_sub": "มหานคร/มหาเศรษฐ์", "police": "บางรัก", "district": "บางรัก", "status": "Y", "controller": "Adaptive", "match_by": "code"}, "geometry": {"type": "Point", "coordinates": [100.51817, 13.73065]}}, {"type": "Feature", "properties": {"code": "389", "name": "สุรศักดิ์-มเหสักข์", "road_main": "สุรวงศ์", "road_sub": "มเหสักข์/มหาเศรษฐ์", "police": "บางรัก", "district": "บางรัก", "status": "Y", "controller": "Forth", "match_by": "code"}, "geometry": {"type": "Point", "coordinates": [100.51887, 13.72602]}}, {"type": "Feature", "properties": {"code": "391", "name": null, "road_main": "บรรทัดทอง", "road_sub": "ซอยจุฬาลงกรณ์ 12", "police": "ปทุมวัน", "district": "ปทุมวัน", "status": "Y", "controller": "Adaptive", "match_by": "code"}, "geometry": {"type": "Point", "coordinates": [100.52311, 13.74389]}}, {"type": "Feature", "properties": {"code": "394", "name": "ลาดปลาเค้า - ผลาสินธุ์", "road_main": "ลาดปลาเค้า", "road_sub": "ผลาสินธุ์", "police": "โชคชัย", "district": "ลาดพร้าว", "status": "Y", "controller": "Forth", "match_by": "code"}, "geometry": {"type": "Point", "coordinates": [100.59879, 13.84419]}}, {"type": "Feature", "properties": {"code": "395", "name": "มีสทีน", "road_main": "รามคำแหง", "road_sub": "ราษฎร์พัฒนา", "police": "บางชัน", "district": "สะพานสูง", "status": "Y", "controller": "Forth", "match_by": "code"}, "geometry": {"type": "Point", "coordinates": [100.70206, 13.79271]}}, {"type": "Feature", "properties": {"code": "396", "name": "สุภาพงษ์", "road_main": "รามคำแหง", "road_sub": "ซอยสุภาพงษ์ (เทคโนบางกะปิ)", "police": "หัวหมาก", "district": "บางกะปิ", "status": "Y", "controller": "Forth", "match_by": "code"}, "geometry": {"type": "Point", "coordinates": [100.65569, 13.76634]}}, {"type": "Feature", "properties": {"code": "397", "name": "บางแวก", "road_main": "พุทธมณฑลสาย 2", "road_sub": "บางแวก", "police": "ศาลาแดง", "district": "ทวีวัฒนา", "status": "Y", "controller": "Forth", "match_by": "code"}, "geometry": {"type": "Point", "coordinates": [100.39541, 13.74473]}}, {"type": "Feature", "properties": {"code": "398", "name": "ต่างระดับวุฒากาศ", "road_main": "วุฒากาศ", "road_sub": "ราชพฤกษ์", "police": "ตลาดพลู", "district": "ธนบุรี", "status": "Y", "controller": "Forth", "match_by": "code"}, "geometry": {"type": "Point", "coordinates": [100.47107, 13.71249]}}, {"type": "Feature", "properties": {"code": "399", "name": "เทพประชา (ศรีวรา)", "road_main": "ประชาอุทิศ", "road_sub": "ศรีวรา/ซ.วัดเทพลีลา", "police": "วังทองหลาง", "district": "วังทองหลาง", "status": "Y", "controller": "Forth", "match_by": "code"}, "geometry": {"type": "Point", "coordinates": [100.6035, 13.76638]}}, {"type": "Feature", "properties": {"code": "400", "name": "วัชรพล-รัตนโกสินทร์", "road_main": "วัชรพล", "road_sub": "รัตนโกสินทร์", "police": "คันนายาว", "district": "บางเขน", "status": "Y", "controller": "Forth", "match_by": "code"}, "geometry": {"type": "Point", "coordinates": [100.64649, 13.86682]}}, {"type": "Feature", "properties": {"code": "401", "name": "อินทราปัจ", "road_main": "เพชรเกษม 69", "road_sub": "อินทราปัจ 13", "police": "เพชรเกษม", "district": "หนองแขม", "status": "Y", "controller": "Forth", "match_by": "code"}, "geometry": {"type": "Point", "coordinates": [100.38063, 13.69317]}}, {"type": "Feature", "properties": {"code": "402", "name": "สนข.บางซื่อ", "road_main": "ประชาชื่น", "road_sub": "ซอยกานต์ประภา", "police": "เตาปูน", "district": "บางซื่อ", "status": "Y", "controller": "PEEK", "match_by": "code"}, "geometry": {"type": "Point", "coordinates": [100.53405, 13.80928]}}, {"type": "Feature", "properties": {"code": "403", "name": "พระรามที่ 2", "road_main": "สุขสวัสดิ์", "road_sub": "พระรามที่ 2", "police": "บุคคโล", "district": "จอมทอง", "status": "Y", "controller": "GeTs", "match_by": "code"}, "geometry": {"type": "Point", "coordinates": [100.4878, 13.68512]}}, {"type": "Feature", "properties": {"code": "405", "name": "จันทน์-เจริญราษฎร์", "road_main": "จันทน์", "road_sub": "เจริญราษฎร์", "police": "ยานนาวา", "district": "สาทร", "status": "Y", "controller": "Forth", "match_by": "code"}, "geometry": {"type": "Point", "coordinates": [100.51872, 13.70785]}}, {"type": "Feature", "properties": {"code": "406", "name": "พระราม 3-เจริญราษฎร์", "road_main": "พระรามที่ 3", "road_sub": "เจริญราษฎร์", "police": "บางโพงพาง", "district": "บางคอแหลม", "status": "Y", "controller": "Forth", "match_by": "code"}, "geometry": {"type": "Point", "coordinates": [100.50939, 13.68962]}}, {"type": "Feature", "properties": {"code": "407", "name": "พัฒนาการ 25", "road_main": "ถาวรธวัช (อู่ 92)", "road_sub": "พัฒนาการ", "police": "คลองตัน", "district": "สวนหลวง", "status": "Y", "controller": "Forth", "match_by": "code"}, "geometry": {"type": "Point", "coordinates": [100.61637, 13.73642]}}, {"type": "Feature", "properties": {"code": "408", "name": "รามศูนย์", "road_main": "พระราม 9", "road_sub": "ประดิษฐ์มนูญธรรม", "police": "มักกะสัน", "district": "ห้วยขวาง", "status": "Y", "controller": "Forth", "match_by": "code"}, "geometry": {"type": "Point", "coordinates": [100.59333, 13.75146]}}, {"type": "Feature", "properties": {"code": "410", "name": "ใต้ด่วนพัฒนาการ", "road_main": "พัฒนาการ", "road_sub": "ทางด่วน", "police": "คลองตัน", "district": "สวนหลวง", "status": "Y", "controller": "PEEK", "match_by": "code"}, "geometry": {"type": "Point", "coordinates": [100.60449, 13.73934]}}, {"type": "Feature", "properties": {"code": "411", "name": "ซอยโพธิ์แก้ว", "road_main": "นวมินทร์", "road_sub": "ซอยโพธิ์แก้ว", "police": "ลาดพร้าว", "district": "บึงกุ่ม", "status": "Y", "controller": "Forth", "match_by": "code"}, "geometry": {"type": "Point", "coordinates": [100.64821, 13.80203]}}, {"type": "Feature", "properties": {"code": "412", "name": "ซอยโพธิ์แก้ว 3", "road_main": "โพธิ์แก้ว", "road_sub": "ซอยโพธิ์แก้ว 3", "police": "ลาดพร้าว", "district": "บางกะปิ", "status": null, "controller": "Forth", "match_by": "code"}, "geometry": {"type": "Point", "coordinates": [100.63383, 13.79893]}}, {"type": "Feature", "properties": {"code": "413", "name": "พระราม 3 ซอย 57", "road_main": "พระรามที่ 3", "road_sub": "ซอยพระรามที่ 3 ซอย 57", "police": "บางโพงพาง", "district": "ยานนาวา", "status": "Y", "controller": "Forth", "match_by": "code"}, "geometry": {"type": "Point", "coordinates": [100.54711, 13.67908]}}, {"type": "Feature", "properties": {"code": "414", "name": "วงแหวนอุตสาหกรรม", "road_main": "พระรามที่ 3", "road_sub": "วงแหวนอุตสาหกรรรม", "police": "บางโพงพาง", "district": "ยานนาวา", "status": null, "controller": "Forth", "match_by": "code"}, "geometry": {"type": "Point", "coordinates": [100.54786, 13.68574]}}, {"type": "Feature", "properties": {"code": "415", "name": "ลำกระโหลก", "road_main": "ปัญญาอินทรา", "road_sub": "พระยาสุเรนทร์", "police": "คันนายาว", "district": "คลองสามวา", "status": "Y", "controller": "Forth", "match_by": "code"}, "geometry": {"type": "Point", "coordinates": [100.69654, 13.84043]}}, {"type": "Feature", "properties": {"code": "416", "name": null, "road_main": "ปัญญาอินทรา", "road_sub": "สุเหร่าคลองหนึ่ง", "police": "คันนายาว", "district": "คลองสามวา", "status": "Y", "controller": "Forth", "match_by": "code"}, "geometry": {"type": "Point", "coordinates": [100.38674, 13.65026]}}, {"type": "Feature", "properties": {"code": "417", "name": "บางบอน 5", "road_main": "เอกชัย", "road_sub": "บางบอน 5", "police": "บางบอน", "district": "บางบอน", "status": "Y", "controller": "Forth", "match_by": "code"}, "geometry": {"type": "Point", "coordinates": [100.37197, 13.63854]}}, {"type": "Feature", "properties": {"code": "418", "name": "ประเวศ", "road_main": "อ่อนนุช-ลาดกระบัง", "road_sub": "เฉลิมพระเกียรติ ร. 9/สุขาภิบาล 2", "police": "อุดมสุข", "district": "ประเวศ", "status": "Y", "controller": "Forth", "match_by": "code"}, "geometry": {"type": "Point", "coordinates": [100.6978, 13.72138]}}, {"type": "Feature", "properties": {"code": "419", "name": "อ่อนนุช-ร่มเกล้า", "road_main": "อ่อนนุช-ลาดกระบัง", "road_sub": "ร่มเกล้า", "police": "ลาดกระบัง", "district": "ลาดกระบัง", "status": "Y", "controller": "Forth", "match_by": "code"}, "geometry": {"type": "Point", "coordinates": [100.74653, 13.72262]}}, {"type": "Feature", "properties": {"code": "420", "name": "กิ่งแก้ว", "road_main": "อ่อนนุช-ลาดกระบัง", "road_sub": "กิ่งแก้ว", "police": "ลาดกระบัง", "district": "ลาดกระบัง", "status": "Y", "controller": "Forth", "match_by": "code"}, "geometry": {"type": "Point", "coordinates": [100.74005, 13.72252]}}, {"type": "Feature", "properties": {"code": "421", "name": "วัดมะกอก", "road_main": "บรมราชชนนี", "road_sub": "ฉิมพลี", "police": "ตลิ่งชัน", "district": "ตลิ่งชัน", "status": "Y", "controller": "Forth", "match_by": "code"}, "geometry": {"type": "Point", "coordinates": [100.43042, 13.78064]}}, {"type": "Feature", "properties": {"code": "423", "name": "วังเดิม", "road_main": "อรุณอัมรินทร์", "road_sub": "วังเดิม", "police": "บางกอกใหญ่", "district": "บางกอกใหญ่", "status": "Y", "controller": "Forth", "match_by": "code"}, "geometry": {"type": "Point", "coordinates": [100.48756, 13.74217]}}, {"type": "Feature", "properties": {"code": "424", "name": "อำนวยสงคราม-ร่วมจิตต์", "road_main": "อำนวยสงคราม", "road_sub": "ร่วมจิตต์", "police": "สามเสน", "district": "ดุสิต", "status": "Y", "controller": "Forth", "match_by": "code"}, "geometry": {"type": "Point", "coordinates": [100.51754, 13.78758]}}, {"type": "Feature", "properties": {"code": "425", "name": "วัดสน", "road_main": "สุขสวัสดิ์", "road_sub": "สุขสวัสดิ์ 35", "police": "ราษฎร์บูรณะ", "district": "ราษฎร์บูรณะ", "status": "Y", "controller": "Forth", "match_by": "code"}, "geometry": {"type": "Point", "coordinates": [100.51363, 13.66855]}}, {"type": "Feature", "properties": {"code": "426", "name": null, "road_main": "พุทธมณฑลสาย 3", "road_sub": "ทางเข้าศูนย์กำจัดมูลฝอยหนองแขม", "police": "หนองค้างพลู", "district": "หนองแขม", "status": "Y", "controller": "Forth", "match_by": "code"}, "geometry": {"type": "Point", "coordinates": [100.36394, 13.72137]}}, {"type": "Feature", "properties": {"code": "427", "name": "เพชรเกษม 104", "road_main": "เพชรเกษม", "road_sub": "เพชรเกษม 104", "police": "หนองค้างพลู", "district": "หนองแขม", "status": "Y", "controller": "Forth", "match_by": "code"}, "geometry": {"type": "Point", "coordinates": [100.36412, 13.70716]}}, {"type": "Feature", "properties": {"code": "428", "name": "ด่วนสีลม", "road_main": "สีลม", "road_sub": "ทางด่วนเฉลิม", "police": "ยานนาวา", "district": "บางรัก", "status": "Y", "controller": "Forth", "match_by": "code"}, "geometry": {"type": "Point", "coordinates": [100.51793, 13.72267]}}, {"type": "Feature", "properties": {"code": "429", "name": "ด่วนสุรวงศ์", "road_main": "สุรวงศ์", "road_sub": "ทางด่วนเฉลิม", "police": "บางรัก", "district": "บางรัก", "status": "Y", "controller": "Forth", "match_by": "code"}, "geometry": {"type": "Point", "coordinates": [100.51739, 13.72556]}}, {"type": "Feature", "properties": {"code": "430", "name": "สวนผัก-เลียบทางรถไฟตลิ่งชัน", "road_main": "สวนผัก", "road_sub": "เลียบทางรถไฟตลิ่งชัน", "police": "ตลิ่งชัน", "district": "ตลิ่งชัน", "status": null, "controller": "Forth", "match_by": "code"}, "geometry": {"type": "Point", "coordinates": [100.43114, 13.7969]}}, {"type": "Feature", "properties": {"code": "431", "name": "จุดกลับรถไปรษณีย์สำเหร่", "road_main": "สมเด็จพระเจ้าตากสิน", "road_sub": "จุดกลับรถหน้าไปรษรีย์สำเหร่", "police": "สำเหร่", "district": "ธนบุรี", "status": "Y", "controller": "Forth", "match_by": "code"}, "geometry": {"type": "Point", "coordinates": [100.48909, 13.71479]}}, {"type": "Feature", "properties": {"code": "432", "name": "เอกมัยเหนือ", "road_main": "เพชรบุรี", "road_sub": "สุขุมวิท 63 (เอกมัย) ทางขึ้น", "police": "มักกะสัน", "district": "ห้วยขวาง", "status": "Y", "controller": "Adaptive", "match_by": "code"}, "geometry": {"type": "Point", "coordinates": [100.58972, 13.74357]}}, {"type": "Feature", "properties": {"code": "433", "name": "เอกมัยใต้-เพชรบุรี", "road_main": "เพชรบุรี", "road_sub": "สุขุมวิท 63 (เอกมัย) ทางลง", "police": "มักกะสัน", "district": "ห้วยขวาง", "status": "Y", "controller": "Forth", "match_by": "code"}, "geometry": {"type": "Point", "coordinates": [100.59158, 13.74313]}}, {"type": "Feature", "properties": {"code": "434", "name": "ประชาธรรม", "road_main": "ประดิษฐ์มนูญธรรม", "road_sub": "ประชาอุทิศ", "police": "วังทองหลาง", "district": "วังทองหลาง", "status": "Y", "controller": "Forth", "match_by": "code"}, "geometry": {"type": "Point", "coordinates": [100.60185, 13.76708]}}, {"type": "Feature", "properties": {"code": "435", "name": "บ้านม้า", "road_main": "รามคำแหง", "road_sub": "ศรีบูรพา", "police": "บางชัน", "district": "บางกะปิ", "status": "Y", "controller": "Forth", "match_by": "code"}, "geometry": {"type": "Point", "coordinates": [100.65772, 13.76756]}}, {"type": "Feature", "properties": {"code": "436", "name": "บางชัน", "road_main": "เสรีไทย", "road_sub": "มีนพัฒนา", "police": "บางชัน", "district": "มีนบุรี", "status": "Y", "controller": "Forth", "match_by": "code"}, "geometry": {"type": "Point", "coordinates": [100.71223, 13.80528]}}, {"type": "Feature", "properties": {"code": "437", "name": "ลาดบัวขาว", "road_main": "รามคำแหง", "road_sub": "มีนพัฒนา", "police": "บางชัน", "district": "มีนบุรี", "status": "Y", "controller": "Forth", "match_by": "code"}, "geometry": {"type": "Point", "coordinates": [100.71551, 13.79958]}}, {"type": "Feature", "properties": {"code": "438", "name": "ราษฎร์พัฒนา", "road_main": "สุขสวัสดิ์", "road_sub": "ราษฎร์พัฒนา", "police": "ราษฎร์บูรณะ", "district": "ราษฎร์บูรณะ", "status": "Y", "controller": "GeTs", "match_by": "code"}, "geometry": {"type": "Point", "coordinates": [100.50228, 13.67566]}}, {"type": "Feature", "properties": {"code": "439", "name": "จุดกลับรถบางขุนเทียน 14", "road_main": "บางขุนเทียน", "road_sub": "ซอยบางขุนเทียน 14", "police": "ท่าข้าม", "district": "บางขุนเทียน", "status": null, "controller": "Forth", "match_by": "code"}, "geometry": {"type": "Point", "coordinates": [100.42895, 13.66388]}}, {"type": "Feature", "properties": {"code": "440", "name": "ประชาอุทิศ", "road_main": "สุขสวัสดิ์", "road_sub": "ประชาอุทิศ", "police": "ราษฎร์บูรณะ", "district": "ราษฎร์บูรณะ", "status": "Y", "controller": "Forth", "match_by": "code"}, "geometry": {"type": "Point", "coordinates": [100.50654, 13.67298]}}, {"type": "Feature", "properties": {"code": "441", "name": "รามคำแหง 26", "road_main": "รามคำแหง", "road_sub": "รามคำแหง 26", "police": "หัวหมาก", "district": "บางกะปิ", "status": "Y", "controller": "Forth", "match_by": "code"}, "geometry": {"type": "Point", "coordinates": [100.62973, 13.76092]}}, {"type": "Feature", "properties": {"code": "442", "name": "วัดสิงห์", "road_main": "เอกชัย", "road_sub": "เอกชัย 36", "police": "บางขุนเทียน", "district": "จอมทอง", "status": "Y", "controller": "PEEK", "match_by": "code"}, "geometry": {"type": "Point", "coordinates": [100.44574, 13.68513]}}, {"type": "Feature", "properties": {"code": "443", "name": null, "road_main": "เฉลิมพระเกียรติ ร.9 ซอย 28", "road_sub": "เฉลิมพระเกียรติ ร.9 ซอย 28 แยก 5", "police": "อุดมสุข", "district": "ประเวศ", "status": "Y", "controller": "Forth", "match_by": "code"}, "geometry": {"type": "Point", "coordinates": [100.67822, 13.6802]}}, {"type": "Feature", "properties": {"code": "444", "name": null, "road_main": "เฉลิมพระเกียรติ ร.9 ซอย 28", "road_sub": "เฉลิมพระเกียรติ ร.9 ซอย 28 แยก 14", "police": "อุดมสุข", "district": "ประเวศ", "status": "Y", "controller": "Forth", "match_by": "code"}, "geometry": {"type": "Point", "coordinates": [100.67666, 13.67541]}}, {"type": "Feature", "properties": {"code": "445", "name": null, "road_main": "รามคำแหง 2", "road_sub": "ซอยวัดทุ่งเศรษฐี", "police": "อุดมสุข", "district": "ประเวศ", "status": "Y", "controller": "Forth", "match_by": "code"}, "geometry": {"type": "Point", "coordinates": [100.64408, 13.81963]}}, {"type": "Feature", "properties": {"code": "446", "name": "RCA", "road_main": "พระราชดำริ", "road_sub": "RCA", "police": "มักกะสัน", "district": "ห้วยขวาง", "status": "Y", "controller": "Forth", "match_by": "code"}, "geometry": {"type": "Point", "coordinates": [100.57447, 13.75299]}}, {"type": "Feature", "properties": {"code": "450", "name": "พหลโยธิน 48", "road_main": "พหลโยธิน", "road_sub": "ซอยพหลโยธิน 48", "police": "บางเขน", "district": "บางเขน", "status": null, "controller": "Adaptive", "match_by": "code"}, "geometry": {"type": "Point", "coordinates": [100.60295, 13.88621]}}, {"type": "Feature", "properties": {"code": "451", "name": "จารเมือง - จรัสเมือง", "road_main": "จารุเมือง", "road_sub": "จรัสเมือง", "police": "ปทุมวัน", "district": "ปทุมวัน", "status": "Y", "controller": "Adaptive", "match_by": "code"}, "geometry": {"type": "Point", "coordinates": [100.52004, 13.74287]}}, {"type": "Feature", "properties": {"code": "452", "name": "ศรีนครินทร์", "road_main": "ศรีนครินทร์", "road_sub": "สุขุมวิท 105 (ลาซาล)", "police": "บางนา", "district": "บางนา", "status": "Y", "controller": "Forth", "match_by": "code"}, "geometry": {"type": "Point", "coordinates": [100.64238, 13.65619]}}, {"type": "Feature", "properties": {"code": "453", "name": "สตรีวิทยา 2", "road_main": "โชคชัย 4", "road_sub": "ซ.สุขสันต์ 25-ซ.โชคชัย 4 ซอย 72", "police": "โชคชัย", "district": "ลาดพร้าว", "status": "Y", "controller": "PEEK", "match_by": "code"}, "geometry": {"type": "Point", "coordinates": [100.59634, 13.82063]}}, {"type": "Feature", "properties": {"code": "454", "name": "นิคมมักกะสัน", "road_main": "นิคมมักกะสัน", "road_sub": "กำแพงเพชร 7", "police": "มักกะสัน", "district": "ราชเทวี", "status": "Y", "controller": "Forth", "match_by": "code"}, "geometry": {"type": "Point", "coordinates": [100.55486, 13.75172]}}, {"type": "Feature", "properties": {"code": "455", "name": "หน้าสถานทูตญี่ปุ่น", "road_main": "วิทยุ", "road_sub": "ทางเข้าสถานทูตญี่ปุ่น", "police": "ลุมพินี", "district": "ปทุมวัน", "status": "Y", "controller": "Forth", "match_by": "code"}, "geometry": {"type": "Point", "coordinates": [100.54517, 13.72976]}}, {"type": "Feature", "properties": {"code": "456", "name": "หน้าสวนลุมไทน์พลาซ่า", "road_main": "วิทยุ", "road_sub": "ทางเข้าสวนลุมไนท์พลาซ่า", "police": "ลุมพินี", "district": "ปทุมวัน", "status": "Y", "controller": "Forth", "match_by": "code"}, "geometry": {"type": "Point", "coordinates": [100.54509, 13.72896]}}, {"type": "Feature", "properties": {"code": "457", "name": "หน้าวังสระปทุม", "road_main": "พญาไท", "road_sub": "ทางเข้าวังสระปทุม", "police": "ปทุมวัน", "district": "ปทุมวัน", "status": "Y", "controller": "Forth", "match_by": "name"}, "geometry": {"type": "Point", "coordinates": [100.531076, 13.748047]}}, {"type": "Feature", "properties": {"code": "458", "name": "ยานเกราะ", "road_main": "สามเสน", "road_sub": "ทางเข้าออกทหารยานเกราะ", "police": "บางโพ", "district": "ดุสิต", "status": "Y", "controller": "Forth", "match_by": "code"}, "geometry": {"type": "Point", "coordinates": [100.5186, 13.79425]}}, {"type": "Feature", "properties": {"code": "459", "name": "ลงด่วนประชานุกูล", "road_main": "รัชดาภิเษก", "road_sub": "ลงทางด่วนรัชดาภิเษก", "police": "ประชาชื่น", "district": "บางซื่อ", "status": "Y", "controller": "Forth", "match_by": "code"}, "geometry": {"type": "Point", "coordinates": [100.54124, 13.83006]}}, {"type": "Feature", "properties": {"code": "460", "name": "วัดพุทธสยาม", "road_main": "สรงประภา", "road_sub": "นาวงประชาพัฒนา", "police": "ดอนเมือง", "district": "ดอนเมือง", "status": "Y", "controller": "Forth", "match_by": "code"}, "geometry": {"type": "Point", "coordinates": [100.5669, 13.93314]}}, {"type": "Feature", "properties": {"code": "461", "name": "พลาธิการ ทอ.", "road_main": "พหลโยธิน", "road_sub": "ทางเข้าพลาธิการ ทอ./ซอยพลหลฯ 54/1", "police": "ดอนเมือง", "district": "ดอนเมือง", "status": "Y", "controller": "Forth", "match_by": "code"}, "geometry": {"type": "Point", "coordinates": [100.6122, 13.90186]}}, {"type": "Feature", "properties": {"code": "462", "name": "ช่องทางกองบิน 6/รพ. ภูมิพล", "road_main": "พหลโยธิน", "road_sub": "ช่องทางกองบิน6/วชยันต์รังสฤกษฎ์", "police": "ดอนเมือง", "district": "ดอนเมือง", "status": "Y", "controller": "Forth", "match_by": "code"}, "geometry": {"type": "Point", "coordinates": [100.61629, 13.90879]}}, {"type": "Feature", "properties": {"code": "463", "name": "รร. ฤทธิยะวรรณาลัย", "road_main": "พหลโยธิน", "road_sub": "ทะยานพิฆาต", "police": "ดอนเมือง", "district": "ดอนเมือง", "status": "Y", "controller": "Forth", "match_by": "code"}, "geometry": {"type": "Point", "coordinates": [100.62044, 13.91567]}}, {"type": "Feature", "properties": {"code": "464", "name": "รร. นายเรืออากาศ (ค.ป.อ.)", "road_main": "พหลโยธิน", "road_sub": "จันทรุเบกษา", "police": "ดอนเมือง", "district": "ดอนเมือง", "status": "Y", "controller": "Forth", "match_by": "code"}, "geometry": {"type": "Point", "coordinates": [100.62501, 13.92357]}}, {"type": "Feature", "properties": {"code": "465", "name": "ต่างระดับเสรีไทย (ตะวันตก)", "road_main": "เสรีไทย", "road_sub": "วงแหวนตะวันออก", "police": "บึงกุ่ม", "district": "คันนายาว", "status": "Y", "controller": "Forth", "match_by": "code"}, "geometry": {"type": "Point", "coordinates": [100.68368, 13.79209]}}, {"type": "Feature", "properties": {"code": "466", "name": "ต่างระดับเสรีไทย (ตะวันออก) ,พานาโซนิก", "road_main": "เสรีไทย", "road_sub": "วงแหวนตะวันออก", "police": "บึงกุ่ม", "district": "คันนายาว", "status": "Y", "controller": "Forth", "match_by": "code"}, "geometry": {"type": "Point", "coordinates": [100.68119, 13.79105]}}, {"type": "Feature", "properties": {"code": "467", "name": "ต่างระดับสุขาภิบาล 3 (ตะวันตก)", "road_main": "รามคำแหง", "road_sub": "วงแหวนตะวันออก", "police": "บางชัน", "district": "สะพานสูง", "status": "Y", "controller": "Forth", "match_by": "code"}, "geometry": {"type": "Point", "coordinates": [100.68698, 13.78438]}}, {"type": "Feature", "properties": {"code": "468", "name": "ต่างระดับสุขาภิบาล 3 (ตะวันออก)", "road_main": "รามคำแหง", "road_sub": "วงแหวนตะวันออก", "police": "บางชัน", "district": "สะพานสูง", "status": "Y", "controller": "Forth", "match_by": "code"}, "geometry": {"type": "Point", "coordinates": [100.68281, 13.7821]}}, {"type": "Feature", "properties": {"code": "469", "name": "ต่างระดับอ่อนนุช (มาสด้า)", "road_main": "อ่อนนุช", "road_sub": "วงแหวนตะวันออก", "police": "ประเวศ", "district": "ประเวศ", "status": "Y", "controller": "Adaptive", "match_by": "code"}, "geometry": {"type": "Point", "coordinates": [100.70268, 13.72168]}}, {"type": "Feature", "properties": {"code": "470", "name": "สถานทูตอเมริกัน", "road_main": "วิทยุ", "road_sub": "ทางเข้าสถานทูตอเมริกัน", "police": "ลุมพินี", "district": "ปทุมวัน", "status": "Y", "controller": "Forth", "match_by": "code"}, "geometry": {"type": "Point", "coordinates": [100.69917, 13.72147]}}, {"type": "Feature", "properties": {"code": "471", "name": "สุวินทวงศ์", "road_main": "สุวินทวงศ์", "road_sub": "รามคำแหง", "police": "มีนบุรี", "district": "มีนบุรี", "status": "Y", "controller": "Forth", "match_by": "code"}, "geometry": {"type": "Point", "coordinates": [100.74466, 13.81665]}}, {"type": "Feature", "properties": {"code": "472", "name": "อิสรภาพ 44", "road_main": "อรุณอมรินทร์", "road_sub": "เชื่อมซอยอิสระภาพ 44", "police": "บางกอกน้อย", "district": "บางกอกน้อย", "status": "Y", "controller": "GeTs", "match_by": "code"}, "geometry": {"type": "Point", "coordinates": [100.48358, 13.75237]}}, {"type": "Feature", "properties": {"code": "473", "name": "กระทรวงแรงงาน", "road_main": "มิตรไมตรี", "road_sub": "มิตรไมตรี 3", "police": "ดินแดง", "district": "ดินแดง", "status": "Y", "controller": "Forth", "match_by": "code"}, "geometry": {"type": "Point", "coordinates": [100.55021, 13.76541]}}, {"type": "Feature", "properties": {"code": "474", "name": "ปูนซิเมนต์ (สถานีรถไฟบางซื่อ)", "road_main": "เทอดดำริ", "road_sub": "ปูนซิเมนต์ไทย", "police": "เตาปูน", "district": "บางซื่อ", "status": "Y", "controller": "Forth", "match_by": "code"}, "geometry": {"type": "Point", "coordinates": [100.5392, 13.80297]}}, {"type": "Feature", "properties": {"code": "475", "name": "รพ. นพรัตน์", "road_main": "รามอินทรา", "road_sub": "ทางเข้า รพ. นพรัตน์ราชธานี/สวนสยาม", "police": "บางชัน", "district": "คันนายาว", "status": "Y", "controller": "Forth", "match_by": "code"}, "geometry": {"type": "Point", "coordinates": [100.68765, 13.81461]}}, {"type": "Feature", "properties": {"code": "476", "name": "เมืองมีน", "road_main": "รามอินทรา", "road_sub": "เสรีไทย/สีหบูรานกิจ", "police": "มีนบุรี", "district": "มีนบุรี", "status": "Y", "controller": "Forth", "match_by": "code"}, "geometry": {"type": "Point", "coordinates": [100.7176, 13.81268]}}, {"type": "Feature", "properties": {"code": "477", "name": "ร่มเกล้า", "road_main": "ร่มเกล้า", "road_sub": "รามคำแหง", "police": "มีนบุรี", "district": "มีนบุรี", "status": "Y", "controller": "Forth", "match_by": "code"}, "geometry": {"type": "Point", "coordinates": [100.73682, 13.81238]}}, {"type": "Feature", "properties": {"code": "478", "name": "เคหะร่มเกล้า", "road_main": "ร่มเกล้า", "road_sub": "เคหะร่มเกล้า", "police": "ร่มเกล้า", "district": "ลาดกระบัง", "status": "Y", "controller": "Forth", "match_by": "code"}, "geometry": {"type": "Point", "coordinates": [100.74628, 13.77404]}}, {"type": "Feature", "properties": {"code": "479", "name": null, "road_main": "สุวินทวงศ์", "road_sub": "นิมิตใหม่", "police": "มีนบุรี", "district": "มีนบุรี", "status": "Y", "controller": "Forth", "match_by": "code"}, "geometry": {"type": "Point", "coordinates": [100.74631, 13.75604]}}, {"type": "Feature", "properties": {"code": "480", "name": "การเคหะ (ที่ดินบางกะปิ)", "road_main": "นวมินทร์", "road_sub": "ศรีบูรพา", "police": "ลาดพร้าว", "district": "บางกะปิ", "status": "Y", "controller": "Forth", "match_by": "code"}, "geometry": {"type": "Point", "coordinates": [100.64756, 13.78411]}}, {"type": "Feature", "properties": {"code": "481", "name": "หมู่บ้านสหกรณ์", "road_main": "เสรีไทย", "road_sub": "ซอยหมู่บ้านสหกรณ์", "police": "บึงกุ่ม", "district": "บึงกุ่ม", "status": "Y", "controller": "Forth", "match_by": "code"}, "geometry": {"type": "Point", "coordinates": [100.67558, 13.7858]}}, {"type": "Feature", "properties": {"code": "482", "name": "สวนสยาม", "road_main": "เสรีไทย", "road_sub": "สวนสยาม", "police": "บางชัน", "district": "คันนายาว", "status": "Y", "controller": "Forth", "match_by": "code"}, "geometry": {"type": "Point", "coordinates": [100.69127, 13.79537]}}, {"type": "Feature", "properties": {"code": "483", "name": "มัยลาภ", "road_main": "รามอินทรา", "road_sub": "ซอยมัยลาภ/รามอินทรา 14", "police": "โคกคราม", "district": "บางเขน", "status": "Y", "controller": "Forth", "match_by": "code"}, "geometry": {"type": "Point", "coordinates": [100.63141, 13.85541]}}, {"type": "Feature", "properties": {"code": "484", "name": "พรีเมียร์ (หมู่บ้านเสรี 2)", "road_main": "พระราม 9 ", "road_sub": "พระราม 9 ซอย 41/พระราม9 ซอย 46", "police": "หัวหมาก", "district": "สวนหลวง", "status": "Y", "controller": "PEEK", "match_by": "name"}, "geometry": {"type": "Point", "coordinates": [100.625997, 13.740796]}}, {"type": "Feature", "properties": {"code": "485", "name": "ซอยพระยามนธาตุ", "road_main": "บางขุนเทียน", "road_sub": "ซอยมนธาตุราชศรีพิจิตร์", "police": "บางขุนเทียน", "district": "บางบอน", "status": "Y", "controller": "Forth", "match_by": "code"}, "geometry": {"type": "Point", "coordinates": [100.42795, 13.66878]}}, {"type": "Feature", "properties": {"code": "486", "name": "หน้าเดอะมอล์บางแค", "road_main": "เพชรเกษม", "road_sub": "กาญจณาภิเษก /เพชรเกษม 47/2", "police": "หลักสอง", "district": "บางแค", "status": "Y", "controller": "GeTs", "match_by": "code"}, "geometry": {"type": "Point", "coordinates": [100.40831, 13.71074]}}, {"type": "Feature", "properties": {"code": "487", "name": "บ.วีเหลี่ยม (เพชรเกษม 88)", "road_main": "เพชรเกษม", "road_sub": "เพชรเกษม 88/ทางเข้าหมู่บ้านพัชรวิลล์", "police": "หลักสอง", "district": "บางแค", "status": "Y", "controller": "Forth", "match_by": "code"}, "geometry": {"type": "Point", "coordinates": [100.4036, 13.71035]}}, {"type": "Feature", "properties": {"code": "488", "name": "สะแกงาม (ตลาดมีสุข)", "road_main": "บางขุนเทียนชายทะเล", "road_sub": "สะแกงาม", "police": "เทียนทะเล", "district": "บางขุนเทียน", "status": "Y", "controller": "Forth", "match_by": "code"}, "geometry": {"type": "Point", "coordinates": [100.43419, 13.62972]}}, {"type": "Feature", "properties": {"code": "489", "name": "บางขุนเทียน-บางบอน", "road_main": "เอกชัย", "road_sub": "บางขุนเทียน/บางบอน 1", "police": "บางขุนเทียน", "district": "บางบอน", "status": "Y", "controller": "Forth", "match_by": "code"}, "geometry": {"type": "Point", "coordinates": [100.42563, 13.6739]}}, {"type": "Feature", "properties": {"code": "490", "name": "ซอยแบริ่ง", "road_main": "สุขุมวิท", "road_sub": "ซอยสุขุมวิท 107", "police": "บางนา", "district": "บางนา", "status": "Y", "controller": "Forth", "match_by": "code"}, "geometry": {"type": "Point", "coordinates": [100.60086, 13.65878]}}, {"type": "Feature", "properties": {"code": "491", "name": "วัดหลักสี่", "road_main": "กำแพงเพชร 6", "road_sub": "เชื่อมวิภาวดีรังสิต", "police": "ทุ่งสองห้อง", "district": "หลักสี่", "status": "Y", "controller": "GeTs", "match_by": "code"}, "geometry": {"type": "Point", "coordinates": [100.58322, 13.88856]}}, {"type": "Feature", "properties": {"code": "492", "name": "ตลาด อตก.", "road_main": "กำแพงเพชร", "road_sub": "กำแพงเพชร 2", "police": "บางซื่อ", "district": "พญาไท", "status": "Y", "controller": "GeTs", "match_by": "code"}, "geometry": {"type": "Point", "coordinates": [100.54847, 13.79771]}}, {"type": "Feature", "properties": {"code": "493", "name": "ไปรษณีย์บางบอน", "road_main": "เอกชัย", "road_sub": "เอกชัย 89/8", "police": "บางขุนเทียน", "district": "บางบอน", "status": "Y", "controller": "GeTs", "match_by": "code"}, "geometry": {"type": "Point", "coordinates": [100.41244, 13.66672]}}, {"type": "Feature", "properties": {"code": "494", "name": "สาธุ 44", "road_main": "สาธุประดิษฐ์", "road_sub": "สาธุประดิษฐ์ตัดใหม่/สาธุ 44", "police": "บางโพงพาง", "district": "ยานนาวา", "status": "Y", "controller": "SCAE", "match_by": "code"}, "geometry": {"type": "Point", "coordinates": [100.53342, 13.68813]}}, {"type": "Feature", "properties": {"code": "495", "name": "สุขุม 24 (เอ็มโพเรี่ยม)", "road_main": "สุขุมวิท", "road_sub": "สุขุมวิท 24 (เชื่อม 092)", "police": "ทองหล่อ", "district": "วัฒนา", "status": "Y", "controller": "SCAE", "match_by": "code"}, "geometry": {"type": "Point", "coordinates": [100.56976, 13.73043]}}, {"type": "Feature", "properties": {"code": "497", "name": "วัดเสมียนนารี", "road_main": "เทศบาลสงเคราะห์", "road_sub": "กำแพงเพชร 6", "police": "ประชาชื่น", "district": "จตุจักร", "status": "Y", "controller": "Forth", "match_by": "code"}, "geometry": {"type": "Point", "coordinates": [100.55602, 13.83881]}}, {"type": "Feature", "properties": {"code": "498", "name": "บางเขน (2)", "road_main": "งามวงศ์วาน", "road_sub": "กำแพงเพชร 6", "police": "ทุ่งสองห้อง", "district": "จตุจักร", "status": "Y", "controller": "Forth", "match_by": "code"}, "geometry": {"type": "Point", "coordinates": [100.56086, 13.84788]}}, {"type": "Feature", "properties": {"code": "499", "name": "นอร์ธปาร์ค", "road_main": "กำแพงเพชร 6", "road_sub": "นอร์ธปาร์ค", "police": "ทุ่งสองห้อง", "district": "ดอนเมือง", "status": "Y", "controller": "GeTs", "match_by": "code"}, "geometry": {"type": "Point", "coordinates": [100.57099, 13.86668]}}, {"type": "Feature", "properties": {"code": "500", "name": "หลักสี่พลาซ่า", "road_main": "แจ้งวัฒนะ", "road_sub": "กำแพงเพชร 6", "police": "ทุ่งสองห้อง", "district": "หลักสี่", "status": "Y", "controller": "Forth", "match_by": "code"}, "geometry": {"type": "Point", "coordinates": [100.58093, 13.88462]}}, {"type": "Feature", "properties": {"code": "600", "name": "สวนแสงธรรม", "road_main": "พุทธมณฑลสาย 3", "road_sub": "บางแวก", "police": "ศาลาแดง", "district": "บางแค", "status": "Y", "controller": "Forth", "match_by": "code"}, "geometry": {"type": "Point", "coordinates": [100.36372, 13.74805]}}, {"type": "Feature", "properties": {"code": "601", "name": "ทวีวัฒนา", "road_main": "พุทธมณฑลสาย 3", "road_sub": "ทวีวัฒนา", "police": "ศาลาแดง", "district": "ทวีวัฒนา", "status": "Y", "controller": "Forth", "match_by": "code"}, "geometry": {"type": "Point", "coordinates": [100.36369, 13.75753]}}, {"type": "Feature", "properties": {"code": "602", "name": "ริมสวัสดิ์", "road_main": "พุทธมณฑลสาย 3", "road_sub": "ริมสวิสดิ์", "police": "ศาลาแดง", "district": "ทวีวัฒนา", "status": "Y", "controller": "Forth", "match_by": "code"}, "geometry": {"type": "Point", "coordinates": [100.36372, 13.76525]}}, {"type": "Feature", "properties": {"code": "603", "name": "สมาคมชาวปักษ์ใต้", "road_main": "พุทธมณฑลสาย 2", "road_sub": "สุขาภิบาลบางระมาด", "police": "ธรรมศาลา", "district": "ทวีวัฒนา", "status": "Y", "controller": "Forth", "match_by": "code"}, "geometry": {"type": "Point", "coordinates": [100.39501, 13.76607]}}, {"type": "Feature", "properties": {"code": "604", "name": "สนามกรีฬาพาณิชย์ฯ", "road_main": "พุทธมณฑลสาย 2", "road_sub": "ทวีวัฒนา-กาญจนาภิเษก", "police": "ศาลาแดง", "district": "ทวีวัฒนา", "status": "Y", "controller": "Forth", "match_by": "code"}, "geometry": {"type": "Point", "coordinates": [100.3952, 13.75655]}}, {"type": "Feature", "properties": {"code": "605", "name": "ชักพระ", "road_main": "ชัยพฤกษ์", "road_sub": "ชักพระ", "police": "ตลิ่งชัน", "district": "ตลิ่งชัน", "status": "Y", "controller": "Forth", "match_by": "code"}, "geometry": {"type": "Point", "coordinates": [100.46479, 13.78152]}}, {"type": "Feature", "properties": {"code": "606", "name": "สนามหลวง 2", "road_main": "เลียบคลองทวีวัฒนา", "road_sub": "ทางเข้าสนามหลวงธนบุรี", "police": "ศาลาแดง", "district": "ทวีวัฒนา", "status": "Y", "controller": "Forth", "match_by": "code"}, "geometry": {"type": "Point", "coordinates": [100.35515, 13.74621]}}, {"type": "Feature", "properties": {"code": "607", "name": "กอบแก้ว", "road_main": "พุทธมณฑลสาย 2", "road_sub": "สุขาภิบาล 2 (สาย 2 ซอย 24)", "police": "ธรรมศาลา", "district": "ทวีวัฒนา", "status": "Y", "controller": "Forth", "match_by": "code"}, "geometry": {"type": "Point", "coordinates": [100.39493, 13.77153]}}, {"type": "Feature", "properties": {"code": "608", "name": "วัดบุญประดิษฐ์", "road_main": "พุทธมณฑลสาย 2", "road_sub": "สาย 2 ซอย 7 และซอย 10", "police": "เพชรเกษม", "district": "บางแค", "status": "Y", "controller": "Forth", "match_by": "code"}, "geometry": {"type": "Point", "coordinates": [100.39569, 13.72441]}}, {"type": "Feature", "properties": {"code": "609", "name": "หนองใหญ่", "road_main": "สุขาภิบาล 1", "road_sub": "ซ.คลองหนองใหญ่ - ซ. ยิ้มประยูร", "police": "เพชรเกษม", "district": "บางแค", "status": "Y", "controller": "PEEK", "match_by": "code"}, "geometry": {"type": "Point", "coordinates": [100.422, 13.69496]}}, {"type": "Feature", "properties": {"code": "610", "name": "ต่างระดับตลาดพลู", "road_main": "รัชดาภิเษก", "road_sub": "ต่างระดับตลาดพลู", "police": "ตลาดพลู", "district": "ธนบุรี", "status": "Y", "controller": "Forth", "match_by": "code"}, "geometry": {"type": "Point", "coordinates": [100.47829, 13.71547]}}, {"type": "Feature", "properties": {"code": "611", "name": "พุทธมณฑลสาย 2 ซอย 11", "road_main": "พุทธมณฑลสาย 2", "road_sub": "พุทธมณฑลสาย 2 ซอย 11", "police": "หลักสอง", "district": "บางแค", "status": "Y", "controller": "Forth", "match_by": "code"}, "geometry": {"type": "Point", "coordinates": [100.39552, 13.73458]}}, {"type": "Feature", "properties": {"code": "612", "name": "เลียบวงแหวนอุตสาหกรรม", "road_main": "ประชาอุทิศ", "road_sub": "เลียบวงแหวนอุตสาหกรรมด้านใต้", "police": "ทุ่งครุ", "district": "ทุ่งครุ", "status": "Y", "controller": "Adaptive", "match_by": "code"}, "geometry": {"type": "Point", "coordinates": [100.51076, 13.62177]}}, {"type": "Feature", "properties": {"code": "613", "name": "ทุ่งครุ", "road_main": "ประชาอุทิศ", "road_sub": "ครุใน", "police": "ทุ่งครุ", "district": "ทุ่งครุ", "status": "Y", "controller": "Adaptive", "match_by": "code"}, "geometry": {"type": "Point", "coordinates": [100.51032, 13.62238]}}, {"type": "Feature", "properties": {"code": "614", "name": "กำนันธารทิพย์", "road_main": "พุทธบูชา", "road_sub": "พุทธบูชา 39", "police": "ราษฎร์บูรณะ", "district": "ทุ่งครุ", "status": "Y", "controller": "GeTs", "match_by": "code"}, "geometry": {"type": "Point", "coordinates": [100.48139, 13.65019]}}, {"type": "Feature", "properties": {"code": "615", "name": "วังทวีวัฒนา", "road_main": "ทวีวัฒนา", "road_sub": "อุทยาน", "police": "ธรรมศาลา", "district": "ทวีวัฒนา", "status": "Y", "controller": "GeTs", "match_by": "code"}, "geometry": {"type": "Point", "coordinates": [100.34014, 13.7778]}}, {"type": "Feature", "properties": {"code": "616", "name": "สุภาพบุรุษ", "road_main": "ทวีวัฒนา", "road_sub": "กาญจณาภิเษก", "police": "ธรรมศาลา", "district": "ทวีวัฒนา", "status": "Y", "controller": "GeTs", "match_by": "code"}, "geometry": {"type": "Point", "coordinates": [100.34548, 13.76646]}}, {"type": "Feature", "properties": {"code": "617", "name": "จุดกลับรถจรัญฯ 83", "road_main": "จรัญสนิทวงค์", "road_sub": "จรัญสนิทวงศ์ 83", "police": "บางพลัด", "district": "บางพลัด", "status": "รื้อ", "controller": "GeTs", "match_by": "code"}, "geometry": {"type": "Point", "coordinates": [100.50499, 13.79251]}}, {"type": "Feature", "properties": {"code": "618", "name": "จุดกลับรถเพชรเกษม 116", "road_main": "เพชรเกษม", "road_sub": "เพชรเกษม 116", "police": "หนองแขม", "district": "หนองแขม", "status": "Y", "controller": "Forth", "match_by": "code"}, "geometry": {"type": "Point", "coordinates": [100.3378, 13.70505]}}, {"type": "Feature", "properties": {"code": "619", "name": "จุดกลับรถดับเพลิงบางอ้อ", "road_main": "จรัญสนิทวงค์", "road_sub": "จรัญสนิทวงศ์ 94 และ 95", "police": "บางพลัด", "district": "บางพลัด", "status": "Y", "controller": "Forth", "match_by": "code"}, "geometry": {"type": "Point", "coordinates": [100.51181, 13.80302]}}, {"type": "Feature", "properties": {"code": "620", "name": "บางแวก-สาย 1", "road_main": "บางแวก", "road_sub": "พุทธมณฑลสาย 1", "police": "บางเสาธง", "district": "ภาษีเจริญ", "status": "Y", "controller": "Forth", "match_by": "code"}, "geometry": {"type": "Point", "coordinates": [100.42751, 13.74057]}}, {"type": "Feature", "properties": {"code": "621", "name": "คุ้มคำ", "road_main": "พุทธมณฑลสาย 3", "road_sub": "ซอยศิริเกษม 19", "police": "หลักสอง", "district": "บางแค", "status": "Y", "controller": "Forth", "match_by": "code"}, "geometry": {"type": "Point", "coordinates": [100.36376, 13.73492]}}, {"type": "Feature", "properties": {"code": "622", "name": "บ้านเนิน", "road_main": "อิสระภาพ", "road_sub": "ถนนรถไฟ/ถนนวัดสุทธาวาส", "police": "บางกอกน้อย", "district": "บางกอกน้อย", "status": "Y", "controller": "Forth", "match_by": "code"}, "geometry": {"type": "Point", "coordinates": [100.47784, 13.75986]}}, {"type": "Feature", "properties": {"code": "623", "name": "ฉิมพลี", "road_main": "ฉิมพลี", "road_sub": "เลียบทางรถไฟ", "police": "ตลิ่งชัน", "district": "ตลิ่งชัน", "status": "Y", "controller": "Forth", "match_by": "code"}, "geometry": {"type": "Point", "coordinates": [100.45204, 13.7794]}}, {"type": "Feature", "properties": {"code": "624", "name": "สวนผัก", "road_main": "สวนผัก", "road_sub": "พุทธมณฑลสาย 1", "police": "ตลิ่งชัน", "district": "ตลิ่งชัน", "status": "Y", "controller": "Forth", "match_by": "code"}, "geometry": {"type": "Point", "coordinates": [100.42636, 13.7935]}}, {"type": "Feature", "properties": {"code": "625", "name": "ใต้ด่วนซอยสุขสวัสดิ์ 26", "road_main": "จอมทองบูรณะ", "road_sub": "ซอยสุขสวัสดิ์ 26", "police": "ราษฎร์บูรณะ", "district": "ราษฎร์บูรณะ", "status": "Y", "controller": "Forth", "match_by": "code"}, "geometry": {"type": "Point", "coordinates": [100.4866, 13.67358]}}, {"type": "Feature", "properties": {"code": "626", "name": "ใต้ด่วนซอยสุขสวัสดิ์ 30", "road_main": "จอมทองบูรณะ", "road_sub": "ซอยสุขสวัสดิ์ 30", "police": "ราษฎร์บูรณะ", "district": "ราษฎร์บูรณะ", "status": "Y", "controller": "Forth", "match_by": "code"}, "geometry": {"type": "Point", "coordinates": [100.49303, 13.67137]}}, {"type": "Feature", "properties": {"code": "627", "name": "ใต้ด่วนประชาอุทิศ", "road_main": "ประชาอุทิศ", "road_sub": "จอมทองบูรณะ", "police": "ราษฎร์บูรณะ", "district": "ราษฎร์บูรณะ", "status": "Y", "controller": "Forth", "match_by": "code"}, "geometry": {"type": "Point", "coordinates": [100.50554, 13.67045]}}, {"type": "Feature", "properties": {"code": "628", "name": null, "road_main": "ประชาอุทิศ 90", "road_sub": "วัดคลองสวน", "police": "ทุ่งครุ", "district": "ทุ่งครุ", "status": "Y", "controller": "Forth", "match_by": "code"}, "geometry": {"type": "Point", "coordinates": [100.50692, 13.60799]}}, {"type": "Feature", "properties": {"code": "629", "name": null, "road_main": "ท่าข้าม", "road_sub": "ท่าข้าม 7", "police": "ท่าข้าม", "district": "บางขุนเทียน", "status": "Y", "controller": "Forth", "match_by": "code"}, "geometry": {"type": "Point", "coordinates": [100.44338, 13.65205]}}, {"type": "Feature", "properties": {"code": "630", "name": "นิจกาจ", "road_main": "กำนันแม้น (นิจกาจ)", "road_sub": "กัลปพฤกษ์", "police": "บางขุนเทียน", "district": "จอมทอง", "status": "Y", "controller": "Forth", "match_by": "code"}, "geometry": {"type": "Point", "coordinates": [100.43741, 13.69445]}}, {"type": "Feature", "properties": {"code": "631", "name": "ต่างระดับสุขาภิบาล 1", "road_main": "สุขาภิบาล 1 (บางแค)", "road_sub": "กัลปพฤกษ์", "police": "บางขุนเทียน", "district": "บางแค", "status": "Y", "controller": "Forth", "match_by": "code"}, "geometry": {"type": "Point", "coordinates": [100.42603, 13.68681]}}, {"type": "Feature", "properties": {"code": "632", "name": null, "road_main": "เพชรเกษม", "road_sub": "ราชพฤกษ์", "police": "ภาษีเจริญ", "district": "ภาษีเจริญ", "status": "Y", "controller": "Forth", "match_by": "code"}, "geometry": {"type": "Point", "coordinates": [100.45808, 13.72078]}}, {"type": "Feature", "properties": {"code": "633", "name": "ต่างระดับบางแวก", "road_main": "บางแวก/จรัญฯ 13", "road_sub": "ราชพฤกษ์", "police": "บางเสาธง", "district": "ภาษีเจริญ", "status": "Y", "controller": "Forth", "match_by": "code"}, "geometry": {"type": "Point", "coordinates": [100.44759, 13.73774]}}, {"type": "Feature", "properties": {"code": "634", "name": "สวนผัก 32", "road_main": "สวนผัก", "road_sub": "สวนผัก 32", "police": "ตลิ่งชัน", "district": "ตลิ่งชัน", "status": "Y", "controller": "Forth", "match_by": "code"}, "geometry": {"type": "Point", "coordinates": [100.43783, 13.79777]}}, {"type": "Feature", "properties": {"code": "635", "name": "ประชาอุทิศ 90", "road_main": "ประชาอุทิศ", "road_sub": "ประชาอุทิศ 90", "police": "ทุ่งครุ", "district": "ทุ่งครุ", "status": "Y", "controller": "Forth", "match_by": "code"}, "geometry": {"type": "Point", "coordinates": [100.51072, 13.61132]}}, {"type": "Feature", "properties": {"code": "636", "name": "ศาลาธรรมสพน์", "road_main": "พุทธมณฑล สาย 3", "road_sub": "ศาลาธรรมสพน์", "police": "ธรรมศาลา", "district": "ทวีวัฒนา", "status": "Y", "controller": "Forth", "match_by": "code"}, "geometry": {"type": "Point", "coordinates": [100.3637, 13.79892]}}, {"type": "Feature", "properties": {"code": "637", "name": "เพชรเกษม 63 - กาญจนาภิเษกซอย 3", "road_main": "เพชรเกษม 63", "road_sub": "กาญจนาภิเษกซอย 3", "police": null, "district": "บางแค", "status": null, "controller": null, "match_by": "code"}, "geometry": {"type": "Point", "coordinates": [100.391, 13.69686]}}, {"type": "Feature", "properties": {"code": "638", "name": "ศาลาธรรมสพน์ 48", "road_main": "ศาลาธรรมสพน์", "road_sub": "ซอยศาลาธรรมสพน์ 48", "police": "ธรรมศาลา", "district": "ทวีวัฒนา", "status": null, "controller": "Adaptive", "match_by": "code"}, "geometry": {"type": "Point", "coordinates": [100.35466, 13.80026]}}, {"type": "Feature", "properties": {"code": "639", "name": "ประชาอุทิศ 76", "road_main": "ประชาอุทิศ", "road_sub": "ซอยประชาอุทิศ 76", "police": "ทุ่งครุ", "district": "ทุ่งครุ", "status": null, "controller": null, "match_by": "code"}, "geometry": {"type": "Point", "coordinates": [100.50556, 13.62704]}}, {"type": "Feature", "properties": {"code": "701", "name": "แฟลตการท่าอากาศ", "road_main": "กำแพงเพชร 6", "road_sub": "ถนนแฟลตการท่าอากาศ", "police": "ทุ่งสองห้อง", "district": "หลักสี่", "status": "Y", "controller": "Forth", "match_by": "code"}, "geometry": {"type": "Point", "coordinates": [100.59287, 13.90559]}}, {"type": "Feature", "properties": {"code": "703", "name": "เคหะร่มเกล้า 64", "road_main": "เคหะร่มเกล้า", "road_sub": "เคหะร่มเกล้า ซอย 64", "police": "ร่มเกล้า", "district": "ลาดกระบัง", "status": "Y", "controller": "Forth", "match_by": "code"}, "geometry": {"type": "Point", "coordinates": [100.7206, 13.76711]}}, {"type": "Feature", "properties": {"code": "704", "name": "หมู่บ้านเสรีอ่อนนุช", "road_main": "อ่อนนุช", "road_sub": "ซ. หมู่บ้านเสรี", "police": "ประเวศ", "district": "ประเวศ", "status": "Y", "controller": "Forth", "match_by": "code"}, "geometry": {"type": "Point", "coordinates": [100.65378, 13.71628]}}, {"type": "Feature", "properties": {"code": "705", "name": "ลาดกระบัง 54", "road_main": "อ่อนนุช-ลาดกระบัง", "road_sub": "ซอยลาดกระบัง 54", "police": "จรเข้น้อย", "district": "ลาดกระบัง", "status": "Y", "controller": "Forth", "match_by": "code"}, "geometry": {"type": "Point", "coordinates": [100.78536, 13.72202]}}, {"type": "Feature", "properties": {"code": "706", "name": null, "road_main": "มิตรไมตรี", "road_sub": "คู้คลองสิบ", "police": "ลำหิน", "district": "หนองจอก", "status": "Y", "controller": "Forth", "match_by": "code"}, "geometry": {"type": "Point", "coordinates": [100.80738, 13.85442]}}, {"type": "Feature", "properties": {"code": "708", "name": "อ.ส.ม.ท.", "road_main": "พระราม 9", "road_sub": "เพชรอุทัย - ทางเข้า อ.ส.ม.ท.", "police": "ห้วยขวาง", "district": "ห้วยขวาง", "status": "Y", "controller": "Forth", "match_by": "code"}, "geometry": {"type": "Point", "coordinates": [100.56977, 13.75571]}}, {"type": "Feature", "properties": {"code": "709", "name": null, "road_main": "รามคำแหง 24", "road_sub": "ซอยถาวรธวัช", "police": "หัวหมาก", "district": "บางกะปิ", "status": "Y", "controller": "Adaptive", "match_by": "code"}, "geometry": {"type": "Point", "coordinates": [100.61748, 13.75209]}}, {"type": "Feature", "properties": {"code": "710", "name": null, "road_main": "รามคำแหง 24", "road_sub": "รามคำแหง 26", "police": "หัวหมาก", "district": "บางกะปิ", "status": "Y", "controller": "Siemens", "match_by": "code"}, "geometry": {"type": "Point", "coordinates": [100.63056, 13.75422]}}, {"type": "Feature", "properties": {"code": "711", "name": "กลางซอยลาซาล", "road_main": "ลาซาล", "road_sub": "ถนนเชื่อมลาซาล-แบริ่ง", "police": "บางนา", "district": "บางนา", "status": "Y", "controller": "Forth", "match_by": "code"}, "geometry": {"type": "Point", "coordinates": [100.62496, 13.66078]}}, {"type": "Feature", "properties": {"code": "712", "name": "กลางซอยแบริ่ง", "road_main": "แบริ่ง", "road_sub": "ถนนเชื่อมลาซาล-แบริ่ง", "police": "บางนา", "district": "บางนา", "status": "Y", "controller": "Forth", "match_by": "code"}, "geometry": {"type": "Point", "coordinates": [100.61956, 13.65153]}}, {"type": "Feature", "properties": {"code": "713", "name": "นิคมลาดกระบัง", "road_main": "ฉลองกรุง", "road_sub": "ทางข้ามนิคมอุตสาหกรรม", "police": "ฉลองกรุง", "district": "ลาดกระบัง", "status": "Y", "controller": "SCAE", "match_by": "code"}, "geometry": {"type": "Point", "coordinates": [100.79795, 13.75577]}}, {"type": "Feature", "properties": {"code": "714", "name": "ผ่องพลอย", "road_main": "สุขุมวิท 105", "road_sub": "ลาซาล 55", "police": "บางนา", "district": "บางนา", "status": "Y", "controller": "Forth", "match_by": "code"}, "geometry": {"type": "Point", "coordinates": [100.6298, 13.6595]}}, {"type": "Feature", "properties": {"code": "715", "name": "เขตหนองจอก", "road_main": "เชื่อมสัมพันธ์", "road_sub": "เลียบวารี/สังฆสันติสุข", "police": "หนองจอก", "district": "หนองจอก", "status": "Y", "controller": "Forth", "match_by": "code"}, "geometry": {"type": "Point", "coordinates": [100.86273, 13.85524]}}, {"type": "Feature", "properties": {"code": "716", "name": "ทางเข้านิคมกล่อง", "road_main": "เจ้าคุณทหาร", "road_sub": "สถานีบรรจุและแยกสินค้ากล่อง", "police": "ลำผักชี", "district": "ลาดกระบัง", "status": "Y", "controller": "SCAE", "match_by": "code"}, "geometry": {"type": "Point", "coordinates": [100.76163, 13.75443]}}, {"type": "Feature", "properties": {"code": "717", "name": "นิคมฯ บางชัน ", "road_main": "เสรีไทย", "road_sub": "ทางเข้านิคมอุตสาหกรรมบางชัน", "police": "บึงกุ่ม", "district": "มีนบุรี", "status": "Y", "controller": "GeTs", "match_by": "code"}, "geometry": {"type": "Point", "coordinates": [100.7051, 13.80133]}}, {"type": "Feature", "properties": {"code": "718", "name": "ตลาดเกรียงไกร", "road_main": "เคหะร่มเกล้า", "road_sub": "หมู่บ้านเคหะร่มเกล้า", "police": "ร่มเกล้า", "district": "ลาดกระบัง", "status": "Y", "controller": "SCAE", "match_by": "code"}, "geometry": {"type": "Point", "coordinates": [100.72933, 13.76218]}}, {"type": "Feature", "properties": {"code": "719", "name": "ทางเข้าโรงขยะอ่อนนุช", "road_main": "อ่อนนุช-ลาดกระบัง", "road_sub": "อ่อนนุช 86", "police": "ประเวศ", "district": "ประเวศ", "status": "Y", "controller": "SCAE", "match_by": "code"}, "geometry": {"type": "Point", "coordinates": [100.69009, 13.72094]}}, {"type": "Feature", "properties": {"code": "720", "name": "รพ.สิรินธร", "road_main": "อ่อนนุช-ลาดกระบัง", "road_sub": "อ่อนนุช 90", "police": "ประเวศ", "district": "ประเวศ", "status": "Y", "controller": "SCAE", "match_by": "code"}, "geometry": {"type": "Point", "coordinates": [100.70691, 13.72191]}}, {"type": "Feature", "properties": {"code": "721", "name": "ม.เมืองทอง 2/2", "road_main": "พัฒนาการ", "road_sub": "พัฒนาการ 61 และ 74", "police": "ประเวศ", "district": "สวนหลวง", "status": "Y", "controller": "GeTs", "match_by": "code"}, "geometry": {"type": "Point", "coordinates": [100.6564, 13.72824]}}, {"type": "Feature", "properties": {"code": "722", "name": "เฉลิมพระเกียรติ ร. 9  28", "road_main": "เฉลิมพระเกียรติ ร. 9", "road_sub": "ซ. เฉลิมพระเกียรติ ร. 9  28", "police": "อุดมสุข", "district": "ประเวศ", "status": "Y", "controller": "Adaptive", "match_by": "code"}, "geometry": {"type": "Point", "coordinates": [100.66714, 13.68523]}}, {"type": "Feature", "properties": {"code": "723", "name": "เข้าเขตยานนาวา (เชื่อม 240)", "road_main": "รัชดาภิเษก", "road_sub": "นนทรี", "police": "บางโพงพาง", "district": "ยานนาวา", "status": "Y", "controller": "GeTs", "match_by": "code"}, "geometry": {"type": "Point", "coordinates": [100.53435, 13.69516]}}, {"type": "Feature", "properties": {"code": "724", "name": "ACCESS C", "road_main": "อ่อนนุช-ลาดกระบัง", "road_sub": "ทางเข้าสนามบินสุวรรณภูมิ", "police": "จรเข้น้อย", "district": "ลาดกระบัง", "status": "Y", "controller": "Forth", "match_by": "code"}, "geometry": {"type": "Point", "coordinates": [100.77643, 13.72186]}}, {"type": "Feature", "properties": {"code": "726", "name": null, "road_main": "นราธิวาสราชนครินทร์", "road_sub": "จุดกลับรถก่อนถึงถนนจันทน์", "police": "ทุ่งมหาเมฆ", "district": "สาทร", "status": "Y", "controller": "Forth", "match_by": "code"}, "geometry": {"type": "Point", "coordinates": [100.53531, 13.7118]}}, {"type": "Feature", "properties": {"code": "727", "name": "ต่างระดับหลวงแพ่ง (ตก)", "road_main": "หลวงแพ่ง", "road_sub": "ทางขึ้นมอร์เตอร์เวย์ (ตะวันตก)", "police": "จรเข้น้อย", "district": "ลาดกระบัง", "status": "Y", "controller": "Forth", "match_by": "code"}, "geometry": {"type": "Point", "coordinates": [100.81859, 13.71149]}}, {"type": "Feature", "properties": {"code": "728", "name": "ต่างระดับหลวงแพ่ง (ออก)", "road_main": "หลวงแพ่ง", "road_sub": "ทางลงมอเตอร์เวย์ (ตะวันออก) ", "police": "จรเข้น้อย", "district": "ลาดกระบัง", "status": "Y", "controller": "Forth", "match_by": "code"}, "geometry": {"type": "Point", "coordinates": [100.82143, 13.71044]}}, {"type": "Feature", "properties": {"code": "729", "name": "ที่ดินบึงกุ่ม", "road_main": "ราษฎร์พัฒนา", "road_sub": "เคหะร่มเกล้า", "police": "บางชัน", "district": "สะพานสูง", "status": "Y", "controller": "Forth", "match_by": "code"}, "geometry": {"type": "Point", "coordinates": [100.70606, 13.77459]}}, {"type": "Feature", "properties": {"code": "730", "name": "วัดราชโกษา", "road_main": "หลวงแพ่ง", "road_sub": "ซอยวัดราชโกษา", "police": "จรเข้น้อย", "district": "ลาดกระบัง", "status": "Y", "controller": "Forth", "match_by": "code"}, "geometry": {"type": "Point", "coordinates": [100.85128, 13.69785]}}, {"type": "Feature", "properties": {"code": "731", "name": "วัดสุทธาโภชน์", "road_main": "ฉลองกรุง", "road_sub": "ฉลองกรุง 8", "police": "ฉลองกรุง", "district": "ลาดกระบัง", "status": "Y", "controller": "Forth", "match_by": "code"}, "geometry": {"type": "Point", "coordinates": [100.7912, 13.74096]}}, {"type": "Feature", "properties": {"code": "732", "name": null, "road_main": "นิมิตใหม่", "road_sub": "ไมตรีจิตร", "police": "นิมิตรใหม่", "district": "คลองสามวา", "status": "Y", "controller": "Forth", "match_by": "code"}, "geometry": {"type": "Point", "coordinates": [100.74686, 13.91174]}}, {"type": "Feature", "properties": {"code": "733", "name": null, "road_main": "ไมตรีจิตร", "road_sub": "คลองเก้า", "police": "นิมิตรใหม่", "district": "คลองสามวา", "status": "Y", "controller": "Forth", "match_by": "code"}, "geometry": {"type": "Point", "coordinates": [100.79378, 13.91876]}}, {"type": "Feature", "properties": {"code": "734", "name": "วัดพลมานีย์", "road_main": "หลวงแพ่ง", "road_sub": "ประชาพัฒนา (ซอยวัดพลมานีย์)", "police": "จรเข้น้อย", "district": "ลาดกระบัง", "status": "Y", "controller": "Forth", "match_by": "code"}, "geometry": {"type": "Point", "coordinates": [100.79648, 13.71975]}}, {"type": "Feature", "properties": {"code": "735", "name": null, "road_main": "เลียบคลองสอง", "road_sub": "พระยาสุเรนทร์", "police": "คันนายาว", "district": "คลองสามวา", "status": "Y", "controller": "Forth", "match_by": "code"}, "geometry": {"type": "Point", "coordinates": [100.6932, 13.85897]}}, {"type": "Feature", "properties": {"code": "736", "name": "ซาฟารีย์", "road_main": "เลียบคลองสอง", "road_sub": "ปัญญาอินทรา", "police": "คันนายาว", "district": "คลองสามวา", "status": "Y", "controller": "Forth", "match_by": "code"}, "geometry": {"type": "Point", "coordinates": [100.70723, 13.86051]}}, {"type": "Feature", "properties": {"code": "737", "name": null, "road_main": "เลียบคลองสอง", "road_sub": "หทัยราษฎร์", "police": "นิมิตรใหม่", "district": "คลองสามวา", "status": "Y", "controller": "Forth", "match_by": "code"}, "geometry": {"type": "Point", "coordinates": [100.72245, 13.86189]}}, {"type": "Feature", "properties": {"code": "738", "name": null, "road_main": "หทัยราษฎร์", "road_sub": "หทัยมิตร", "police": "นิมิตรใหม่", "district": "คลองสามวา", "status": "Y", "controller": "Forth", "match_by": "code"}, "geometry": {"type": "Point", "coordinates": [100.72222, 13.85888]}}, {"type": "Feature", "properties": {"code": "739", "name": null, "road_main": "หทัยราษฎร์", "road_sub": "ราษฎร์นิมิตร", "police": "นิมิตรใหม่", "district": "คลองสามวา", "status": "Y", "controller": "Forth", "match_by": "code"}, "geometry": {"type": "Point", "coordinates": [100.72173, 13.91052]}}, {"type": "Feature", "properties": {"code": "740", "name": "สน.ประชาสำราญ", "road_main": "ประชาสำราญ", "road_sub": "คลองสิบ-คลองสิบสี่", "police": "ประชาสำราญ", "district": "หนองจอก", "status": "Y", "controller": "Forth", "match_by": "code"}, "geometry": {"type": "Point", "coordinates": [100.86286, 13.89697]}}, {"type": "Feature", "properties": {"code": "741", "name": "สุเหร่าคลองหนึ่ง", "road_main": "หทัยราษฎร์", "road_sub": "สุเหร่าคลองหนึ่ง", "police": "มีนบุรี", "district": "คลองสามวา", "status": "Y", "controller": "Forth", "match_by": "code"}, "geometry": {"type": "Point", "coordinates": [100.72053, 13.84171]}}, {"type": "Feature", "properties": {"code": "743", "name": "สุขาภิบาล 2 - ทางลงกาญจนาภิเษก", "road_main": "สุขาภิบาล 2", "road_sub": "ทางลงกาญจนาภิเษก", "police": "ประเวศ", "district": "ประเวศ", "status": "Y", "controller": "Forth", "match_by": "code"}, "geometry": {"type": "Point", "coordinates": [100.70292, 13.71894]}}, {"type": "Feature", "properties": {"code": "744", "name": "ฉลองกรุง-ปากซอยฉลองกรุง1", "road_main": "ฉลองกรุง", "road_sub": "ซอยฉลองกรุง 1", "police": "ลาดกระบัง", "district": "ลาดกระบัง", "status": "Y", "controller": "Adaptive", "match_by": "code"}, "geometry": {"type": "Point", "coordinates": [100.77802, 13.7281]}}, {"type": "Feature", "properties": {"code": "746", "name": "อ่อนนุช 65", "road_main": "อ่อนนุช -ลาดกระบัง", "road_sub": "ซอยอ่อนนุช 65", "police": "ประเวศ", "district": "ประเวศ", "status": null, "controller": "Adaptive", "match_by": "code"}, "geometry": {"type": "Point", "coordinates": [100.68185, 13.72077]}}, {"type": "Feature", "properties": {"code": "749", "name": "ประชาร่วมใจ 31", "road_main": "ประชาร่วมใจ", "road_sub": "ซอยประชาร่วมใจ 31", "police": "มีนบุรี", "district": "คลองสามวา", "status": null, "controller": "Adaptive", "match_by": "name"}, "geometry": {"type": "Point", "coordinates": [100.76671, 13.83513]}}, {"type": "Feature", "properties": {"code": "751", "name": "สกุลดี", "road_main": "เชื่อมสัมพันธ์", "road_sub": "สกุลดี", "police": "หนองจอก", "district": "หนองจอก", "status": null, "controller": "Adaptive", "match_by": "name"}, "geometry": {"type": "Point", "coordinates": [100.86444, 13.86006]}}, {"type": "Feature", "properties": {"code": "804", "name": "สายไหม - สายไหม 56", "road_main": "สายไหม", "road_sub": "ซอยสายไหม 56", "police": "สายไหม", "district": "สายไหม", "status": null, "controller": null, "match_by": "code"}, "geometry": {"type": "Point", "coordinates": [100.66071, 13.9212]}}, {"type": "Feature", "properties": {"code": "805", "name": "รร.ฉัตรวิทยา", "road_main": "รามอินทรา", "road_sub": "รามอินทรา 44", "police": "คันนายาว", "district": "คันนายาว", "status": "Y", "controller": "SCAE", "match_by": "code"}, "geometry": {"type": "Point", "coordinates": [100.65378, 13.84331]}}, {"type": "Feature", "properties": {"code": "806", "name": "เกษตรนวมินทร์", "road_main": "ประดิษฐ์มนูญธรรม", "road_sub": "เกษตร ตัดใหม่", "police": "โชคชัย", "district": "ลาดพร้าว", "status": "Y", "controller": "Forth", "match_by": "code"}, "geometry": {"type": "Point", "coordinates": [100.62825, 13.82586]}}, {"type": "Feature", "properties": {"code": "807", "name": "จันทรุเบกษา", "road_main": "จันทรุเบกษา", "road_sub": "พหลโยธิน 54/1", "police": "สายไหม", "district": "สายไหม", "status": "Y", "controller": "SCAE", "match_by": "code"}, "geometry": {"type": "Point", "coordinates": [100.63224, 13.91937]}}, {"type": "Feature", "properties": {"code": "808", "name": "ประชาชื่น 30", "road_main": "ประชาชื่น", "road_sub": "ประชาชื่น 30", "police": "ประชาชื่น", "district": "บางซื่อ", "status": "Y", "controller": "Siemens", "match_by": "code"}, "geometry": {"type": "Point", "coordinates": [100.5396, 13.83303]}}, {"type": "Feature", "properties": {"code": "809", "name": "สยามธรณี", "road_main": "คู้บอน", "road_sub": "ซอยคู้บอน 27 (สยามธรณี)", "police": "คันนายาว", "district": "คันนายาว", "status": "Y", "controller": "SCAE", "match_by": "code"}, "geometry": {"type": "Point", "coordinates": [100.66753, 13.84996]}}, {"type": "Feature", "properties": {"code": "810", "name": "ศิริสุข", "road_main": "ประชาอุทิศ", "road_sub": "ช่างอากาศอุทิศ", "police": "ดอนเมือง", "district": "ดอนเมือง", "status": "Y", "controller": "GeTs", "match_by": "code"}, "geometry": {"type": "Point", "coordinates": [100.5839, 13.91606]}}, {"type": "Feature", "properties": {"code": "811", "name": "จตุโชติ", "road_main": "สุขาภิบาล 5", "road_sub": "จตุโชติ", "police": "คันนายาว", "district": "สายไหม", "status": "Y", "controller": "GeTs", "match_by": "code"}, "geometry": {"type": "Point", "coordinates": [100.66189, 13.89813]}}, {"type": "Feature", "properties": {"code": "812", "name": "จุดกลับรถลาดพร้าว 103", "road_main": "ลาดพร้าว", "road_sub": "ลาดพร้าว 103", "police": "ลาดพร้าว", "district": "บางกะปิ", "status": "Y", "controller": "GeTs", "match_by": "code"}, "geometry": {"type": "Point", "coordinates": [100.63334, 13.7727]}}, {"type": "Feature", "properties": {"code": "813", "name": "ซอยสหการประมูล", "road_main": "ประชาอุทิศ", "road_sub": "ซอยสหการประมูล", "police": "วังทองหลาง", "district": "วังทองหลาง", "status": "Y", "controller": "GeTs", "match_by": "code"}, "geometry": {"type": "Point", "coordinates": [100.59608, 13.76816]}}, {"type": "Feature", "properties": {"code": "814", "name": "ทางเข้าโรงเรียนสตรีวิทยา 2", "road_main": "สุคนธสวัสดิ์", "road_sub": "ซอยโรงเรียนสตรีวิทยา 2", "police": "โชคชัย", "district": "ลาดพร้าว", "status": "Y", "controller": "GeTs", "match_by": "code"}, "geometry": {"type": "Point", "coordinates": [100.6176, 13.82434]}}, {"type": "Feature", "properties": {"code": "815", "name": "วัดหนองใหญ่", "road_main": "สายไหม", "road_sub": "หทัยราษฎร์/สุขาภิบาล 5", "police": "สายไหม", "district": "สายไหม", "status": "Y", "controller": "Forth", "match_by": "code"}, "geometry": {"type": "Point", "coordinates": [100.68679, 13.92153]}}, {"type": "Feature", "properties": {"code": "816", "name": "วัดบึงทองหลาง", "road_main": "ลาดพร้าว 101", "road_sub": "โพธิ์แก้ว", "police": "ลาดพร้าว", "district": "บางกะปิ", "status": "Y", "controller": "Forth", "match_by": "code"}, "geometry": {"type": "Point", "coordinates": [100.62723, 13.79727]}}, {"type": "Feature", "properties": {"code": "817", "name": "ช่องทางกองทัพอากาศ 3", "road_main": "พหลโยธิน", "road_sub": "ช่องทางกองทัพอากาศ 3", "police": "สายไหม", "district": "ดอนเมือง", "status": "Y", "controller": "Forth", "match_by": "code"}, "geometry": {"type": "Point", "coordinates": [100.62332, 13.92069]}}, {"type": "Feature", "properties": {"code": "818", "name": "วงเวียนอนุสาวรีย์หลักสี่", "road_main": "พหลโยธิน", "road_sub": " รามอินทรา (เชื่อม 346)", "police": "บางเขน", "district": "บางเขน", "status": "Y", "controller": "GeTs", "match_by": "name"}, "geometry": {"type": "Point", "coordinates": [100.59711, 13.87494]}}, {"type": "Feature", "properties": {"code": "819", "name": "จุดกลับรถลาดพร้าว 55/2", "road_main": "ลาดพร้าว", "road_sub": "ลาดพร้าว 55/2", "police": "โชคชัย", "district": "วังทองหลาง", "status": "Y", "controller": "Forth", "match_by": "code"}, "geometry": {"type": "Point", "coordinates": [100.59658, 13.79324]}}, {"type": "Feature", "properties": {"code": "820", "name": "จุดกลับรถลาดพร้าว 93", "road_main": "ลาดพร้าว", "road_sub": "ลาดพร้าว 93", "police": "โชคชัย", "district": "วังทองหลาง", "status": "Y", "controller": "Forth", "match_by": "code"}, "geometry": {"type": "Point", "coordinates": [100.62071, 13.77975]}}, {"type": "Feature", "properties": {"code": "821", "name": "นาวงประชาพัฒนา", "road_main": "นาวงประชาพัฒนา", "road_sub": "เตชะตุงคะ", "police": "ดอนเมือง", "district": "ดอนเมือง", "status": "Y", "controller": "Forth", "match_by": "code"}, "geometry": {"type": "Point", "coordinates": [100.57087, 13.94457]}}, {"type": "Feature", "properties": {"code": "825", "name": "ลาดพร้าว-วังหิน 61 และ 48", "road_main": "ลาดพร้าว-วังหิน", "road_sub": "ลาดพร้าว-วังหิน 61 และซอย 48", "police": "โชคชัย", "district": "ลาดพร้าว", "status": "Y", "controller": "Forth", "match_by": "code"}, "geometry": {"type": "Point", "coordinates": [100.59139, 13.81851]}}, {"type": "Feature", "properties": {"code": "826", "name": "เสรีไทย 23", "road_main": "เสรีไทย", "road_sub": "เสรีไทย 23", "police": "บึงกุ่ม", "district": "บึงกุ่ม", "status": "Y", "controller": "Forth", "match_by": "code"}, "geometry": {"type": "Point", "coordinates": [100.66232, 13.77709]}}, {"type": "Feature", "properties": {"code": "827", "name": "เขตบึงกุ่ม", "road_main": "เสรีไทย", "road_sub": "เสรีไทย 43", "police": "บึงกุ่ม", "district": "บึงกุ่ม", "status": "Y", "controller": "Forth", "match_by": "code"}, "geometry": {"type": "Point", "coordinates": [100.67092, 13.78173]}}, {"type": "Feature", "properties": {"code": "828", "name": "ม. ชัยพฤกษ์ สุขาภิบาล 5", "road_main": "สุขาภิบาล 5", "road_sub": "สุขาภิบาล 5 ซอย 9", "police": "บางเขน", "district": "บางเขน", "status": "Y", "controller": "Forth", "match_by": "code"}, "geometry": {"type": "Point", "coordinates": [100.63945, 13.86323]}}, {"type": "Feature", "properties": {"code": "829", "name": "เพิ่มสิน", "road_main": "สุขาภิบาล 5", "road_sub": "เพิ่มสิน", "police": "สายไหม", "district": "สายไหม", "status": "Y", "controller": "Forth", "match_by": "code"}, "geometry": {"type": "Point", "coordinates": [100.66521, 13.9013]}}, {"type": "Feature", "properties": {"code": "830", "name": "นวธานี", "road_main": "เสรีไทย", "road_sub": "เสรีไทย 38", "police": "บึงกุ่ม", "district": "คันนายาว", "status": "Y", "controller": "Forth", "match_by": "code"}, "geometry": {"type": "Point", "coordinates": [100.67121, 13.91709]}}, {"type": "Feature", "properties": {"code": "831", "name": "เสรีไทย 56", "road_main": "เสรีไทย", "road_sub": "เสรีไทย 56", "police": "บางชัน", "district": "คันนายาว", "status": "Y", "controller": "Forth", "match_by": "code"}, "geometry": {"type": "Point", "coordinates": [100.70004, 13.79913]}}, {"type": "Feature", "properties": {"code": "905", "name": null, "road_main": "สี่พระยา", "road_sub": "ทรัพย์", "police": "บางรัก", "district": "บางรัก", "status": "Y", "controller": "Forth", "match_by": "code"}, "geometry": {"type": "Point", "coordinates": [100.52677, 13.73216]}}, {"type": "Feature", "properties": {"code": "383", "name": null, "road_main": "เฟื่องนคร", "road_sub": "ราชบพิตร", "police": "สำราญราษฎร์", "district": "พระนคร", "status": "Y", "controller": "Forth", "match_by": "code"}, "geometry": {"type": "Point", "coordinates": [100.49794, 13.74961]}}, {"type": "Feature", "properties": {"code": "321", "name": "ปุณณวิถี", "road_main": "สุขุมวิท", "road_sub": "ซอยสุขุมวิท 101", "police": "พระโขนง", "district": "พระโขนง", "status": null, "controller": null, "match_by": "code"}, "geometry": {"type": "Point", "coordinates": [100.60865, 13.69025]}}, {"type": "Feature", "properties": {"code": "332", "name": "มีสุวรรณ", "road_main": "ซอยสุขุมวิท 71", "road_sub": "ซอยมีสุวรรณ 3", "police": "คลองตัน", "district": "วัฒนา", "status": "Y", "controller": "PEEK", "match_by": "code"}, "geometry": {"type": "Point", "coordinates": [100.59577, 13.71971]}}, {"type": "Feature", "properties": {"code": "333", "name": "พัฒนเวศน์", "road_main": "ซอยสุขุมวิท 71", "road_sub": "ซอยพัฒนเวศน์", "police": "คลองตัน", "district": "วัฒนา", "status": "Y", "controller": "PEEK", "match_by": "code"}, "geometry": {"type": "Point", "coordinates": [100.64898, 13.73245]}}, {"type": "Feature", "properties": {"code": "352", "name": "บนสะพานสูง", "road_main": "ประชาราษฎร์สาย 2", "road_sub": "เตชะวณิช", "police": "เตาปูน", "district": "บางซื่อ", "status": "Y", "controller": "PEEK", "match_by": "code"}, "geometry": {"type": "Point", "coordinates": [100.53594, 13.80447]}}, {"type": "Feature", "properties": {"code": "353", "name": null, "road_main": "ประชาราษฎร์สาย 1", "road_sub": "ซอยประชานฤมิตร", "police": "เตาปูน", "district": "บางซื่อ", "status": "Y", "controller": "PEEK", "match_by": "code"}, "geometry": {"type": "Point", "coordinates": [100.5217, 13.8092]}}, {"type": "Feature", "properties": {"code": "355", "name": "สะพาน 99", "road_main": "ประชาชื่น", "road_sub": "ซอยโชติวัฒน์", "police": "เตาปูน", "district": "บางซื่อ", "status": "Y", "controller": "PEEK", "match_by": "code"}, "geometry": {"type": "Point", "coordinates": [100.53585, 13.81694]}}, {"type": "Feature", "properties": {"code": "356", "name": "เพิ่มทรัพย์", "road_main": "ประชาชื่น", "road_sub": "ซอยเพิ่มทรัพย์", "police": "เตาปูน", "district": "บางซื่อ", "status": "Y", "controller": "PEEK", "match_by": "code"}, "geometry": {"type": "Point", "coordinates": [100.53657, 13.82004]}}, {"type": "Feature", "properties": {"code": "376", "name": null, "road_main": "สุขาภิบาลบางกะปิ", "road_sub": "ซอยโชคชัย 4 (แยก 17)", "police": "โชคชัย", "district": "ลาดพร้าว", "status": "Y", "controller": "PEEK", "match_by": "code"}, "geometry": {"type": "Point", "coordinates": [100.59668, 13.80356]}}, {"type": "Feature", "properties": {"code": "377", "name": "วัดลาดพร้าว", "road_main": "สุขาภิบาลบางกะปิ", "road_sub": "ซอยลาดพร้าว 41", "police": "โชคชัย", "district": "ลาดพร้าว", "status": "Y", "controller": "PEEK", "match_by": "code"}, "geometry": {"type": "Point", "coordinates": [100.58985, 13.80548]}}, {"type": "Feature", "properties": {"code": "393", "name": null, "road_main": "ประชาราษฎร์", "road_sub": "ซอยประชานฤมิตร", "police": "เตาปูน", "district": "บางซื่อ", "status": "Y", "controller": "PEEK", "match_by": "code"}, "geometry": {"type": "Point", "coordinates": [100.5313, 13.81031]}}, {"type": "Feature", "properties": {"code": "404", "name": "ด่วนสุขุมวิท 50", "road_main": "สุขุมวิท 50", "road_sub": "ทางด่วน", "police": "พระโขนง", "district": "คลองเตย", "status": "Y", "controller": "PEEK", "match_by": "name"}, "geometry": {"type": "Point", "coordinates": [100.59811, 13.70551]}}, {"type": "Feature", "properties": {"code": "824", "name": "หน้าเขตดอนเมือง", "road_main": "กำแพงเพชร 6", "road_sub": "ช่างอากาศอุทิศ", "police": "ดอนเมือง", "district": "ดอนเมือง", "status": "Y", "controller": "Forth", "match_by": "code"}, "geometry": {"type": "Point", "coordinates": [100.59551, 13.91067]}}, {"type": "Feature", "properties": {"code": "742", "name": "สังฆสันติสุข-ทหารอากาศอุทิศ", "road_main": "สังฆสันติสุข", "road_sub": "ทหารอากาศอุทิศ", "police": "สุวินทวงศ์", "district": "หนองจอก", "status": "Y", "controller": "Forth", "match_by": "name"}, "geometry": {"type": "Point", "coordinates": [100.933646, 13.815975]}}, {"type": "Feature", "properties": {"code": "449", "name": "สน.ดอนเมือง", "road_main": "กำแพงเพชร 6", "road_sub": "ทางเข้า สน. ดอนเมือง", "police": "ดอนเมือง", "district": "ดอนเมือง", "status": "Y", "controller": "Forth", "match_by": "code"}, "geometry": {"type": "Point", "coordinates": [100.60779, 13.93302]}}, {"type": "Feature", "properties": {"code": "448", "name": "ตลาดใหม่ดอนเมือง", "road_main": "กำแพงเพชร 6", "road_sub": "เชิดวุฒากาศ", "police": "ดอนเมือง", "district": "ดอนเมือง", "status": "Y", "controller": "GeTs", "match_by": "code"}, "geometry": {"type": "Point", "coordinates": [100.59866, 13.916]}}, {"type": "Feature", "properties": {"code": "447", "name": "ด่วน กม.11", "road_main": "กำแพงเพชร 2", "road_sub": "ทางด่วน (บ้านพักรถไฟ)", "police": "พหลโยธิน", "district": "จตุจักร", "status": "Y", "controller": "GeTs", "match_by": "code"}, "geometry": {"type": "Point", "coordinates": [100.54794, 13.82254]}}, {"type": "Feature", "properties": {"code": "359", "name": "เมืองทอง 1", "road_main": "แจ้งวัฒนะ", "road_sub": "ซอยแจ้งวัฒนะ 14", "police": "ดอนเมือง", "district": "หลักสี่", "status": "Y", "controller": "Forth", "match_by": "code"}, "geometry": {"type": "Point", "coordinates": [100.56094, 13.89298]}}, {"type": "Feature", "properties": {"code": "822", "name": "ใต้สะพานกาญจนาภิเษก", "road_main": "กาญจนาภิเษก", "road_sub": "คู้บอน", "police": "คันนายาว", "district": "คลองสามวา", "status": "Y", "controller": "Forth", "match_by": "code"}, "geometry": {"type": "Point", "coordinates": [100.67401, 13.85234]}}, {"type": "Feature", "properties": {"code": "823", "name": "คู่ขนานกาญจนาภิเษก", "road_main": "คู่ขนานกาญจนาภิเษก", "road_sub": "คู้บอน", "police": "คันนายาว", "district": "คลองสามวา", "status": "Y", "controller": "Forth", "match_by": "code"}, "geometry": {"type": "Point", "coordinates": [100.67491, 13.85449]}}, {"type": "Feature", "properties": {"code": "702", "name": null, "road_main": "กำแพงเพชร 6", "road_sub": "ทางเข้าสถาบันจุฬาภรณ์", "police": "ทุ่งสองห้อง", "district": "หลักสี่", "status": "รื้อ", "controller": "Forth", "match_by": "code"}, "geometry": {"type": "Point", "coordinates": [100.57772, 13.87876]}}, {"type": "Feature", "properties": {"code": "725", "name": "ตลาดจตุจักร 2", "road_main": "สีหบูรานุกิจ", "road_sub": "ทางเข้าจตุจักร 2", "police": "มีนบุรี", "district": "มีนบุรี", "status": "Y", "controller": "Forth", "match_by": "code"}, "geometry": {"type": "Point", "coordinates": [100.726, 13.81258]}}, {"type": "Feature", "properties": {"code": "217", "name": "สาทร-ปั้น", "road_main": "สาทรเหนือ", "road_sub": "ปั้น", "police": "ยานนาวา", "district": "บางรัก", "status": "Y", "controller": "PEEK", "match_by": "code"}, "geometry": {"type": "Point", "coordinates": [100.52438, 13.72025]}}, {"type": "Feature", "properties": {"code": "311", "name": "ดอนกุศล", "road_main": "เจริญกรุง", "road_sub": "ซอยเจริญกรุง 57", "police": "ยานนาวา", "district": "สาทร", "status": "Y", "controller": "PEEK", "match_by": "code"}, "geometry": {"type": "Point", "coordinates": [100.51374, 13.71539]}}, {"type": "Feature", "properties": {"code": "335", "name": "ทองหล่อ-เจริญสุข", "road_main": "ซอยทองหล่อ", "road_sub": "ซอยเจริญสุข", "police": "ทองหล่อ", "district": "วัฒนา", "status": "Y", "controller": "PEEK", "match_by": "code"}, "geometry": {"type": "Point", "coordinates": [100.58207, 13.73243]}}, {"type": "Feature", "properties": {"code": "390", "name": "ประมวล", "road_main": "สีลม", "road_sub": "ประมวล", "police": "บางรัก", "district": "บางรัก", "status": "Y", "controller": "PEEK", "match_by": "code"}, "geometry": {"type": "Point", "coordinates": [100.52178, 13.72404]}}, {"type": "Feature", "properties": {"code": "409", "name": "รร.ศูนย์รวมน้ำใจ", "road_main": "อาจณรงค์", "road_sub": "ศูนย์รวมน้ำใจ", "police": "ท่าเรือ", "district": "คลองเตย", "status": "Y", "controller": "PEEK", "match_by": "code"}, "geometry": {"type": "Point", "coordinates": [100.56976, 13.71273]}}, {"type": "Feature", "properties": {"code": "439", "name": "สุขสวัสดิ์ 13", "road_main": "ราษฎร์บูรณะ", "road_sub": "สุขสวัสดิ์ 13", "police": "บางคอแหลม", "district": "ราษฎร์บูรณะ", "status": "Y", "controller": "PEEK", "match_by": "code"}, "geometry": {"type": "Point", "coordinates": [100.42895, 13.66388]}}, {"type": "Feature", "properties": {"code": "703", "name": null, "road_main": "ประชาสงเคราะห์", "road_sub": "ซอยประชาสงเคราะห์ 36,38", "police": "ห้วยขวาง", "district": "ดินแดง", "status": "Y", "controller": "PEEK", "match_by": "code"}, "geometry": {"type": "Point", "coordinates": [100.7206, 13.76711]}}, {"type": "Feature", "properties": {"code": "706", "name": null, "road_main": "ทางด่วน", "road_sub": "ทางด่วน - พหลโยธิน", "police": "พญาไท", "district": "พญาไท", "status": "Y", "controller": "PEEK", "match_by": "code"}, "geometry": {"type": "Point", "coordinates": [100.80738, 13.85442]}}, {"type": "Feature", "properties": {"code": "412", "name": "สาทร-ประมวล", "road_main": "สาทรเหนือ", "road_sub": "ประมวล", "police": "ยานนาวา", "district": "บางรัก", "status": "Y", "controller": "TES", "match_by": "code"}, "geometry": {"type": "Point", "coordinates": [100.63383, 13.79893]}}, {"type": "Feature", "properties": {"code": "162", "name": "อโศก-วัฒนา", "road_main": "อโศก", "road_sub": " วัฒนา", "police": "ทองหล่อ", "district": "ปทุมวัน", "status": "Y", "controller": "PEEK", "match_by": "code"}, "geometry": {"type": "Point", "coordinates": [100.56878, 13.9385]}}, {"type": "Feature", "properties": {"code": "238", "name": "สุขุมวิท 19", "road_main": "สุขุมวิท", "road_sub": "สุขุมวิท 19", "police": "ลุมพินี", "district": "ปทุมวัน", "status": "Y", "controller": "PEEK", "match_by": "code"}, "geometry": {"type": "Point", "coordinates": [100.55974, 13.73757]}}, {"type": "Feature", "properties": {"code": "310", "name": null, "road_main": "เจริญนคร", "road_sub": "ซอยตระกูลลิ้ม", "police": "สำเหร่", "district": "ราษฎร์บูรณะ", "status": "Y", "controller": "PEEK", "match_by": "code"}, "geometry": {"type": "Point", "coordinates": [100.49666, 13.70986]}}, {"type": "Feature", "properties": {"code": "302", "name": "ประชาร่วมใจ", "road_main": "จรัญสนิทวงค์", "road_sub": "ซอยจรัญสนิทวงค์ 22", "police": "บางกอกน้อย", "district": "บางกอกน้อย", "status": "Y", "controller": "PEEK", "match_by": "code"}, "geometry": {"type": "Point", "coordinates": [100.47002, 13.74839]}}, {"type": "Feature", "properties": {"code": "375", "name": null, "road_main": "นวมินทร์", "road_sub": "ซอยนวลจันทร์", "police": "โคกคราม", "district": "บึงกุ่ม", "status": "แขวงฯ", "controller": null, "match_by": "code"}, "geometry": {"type": "Point", "coordinates": [100.65012, 13.80987]}}, {"type": "Feature", "properties": {"code": "479", "name": "เจ้าคุณทหาร", "road_main": "ร่มเกล้า", "road_sub": "เจ้าคุณทหาร", "police": "ลาดกระบัง", "district": "ลาดกระบัง", "status": "แขวงฯ", "controller": null, "match_by": "code"}, "geometry": {"type": "Point", "coordinates": [100.74631, 13.75604]}}, {"type": "Feature", "properties": {"code": "473", "name": "องค์การโทรศัพท์", "road_main": "แจ้งวัฒนะ", "road_sub": "ทางเข้าองค์การโทรศัพท์", "police": "ทุ่งสองห้อง", "district": "หลักสี่", "status": "Y", "controller": null, "match_by": "code"}, "geometry": {"type": "Point", "coordinates": [100.55021, 13.76541]}}, {"type": "Feature", "properties": {"code": "474", "name": "การสื่อสาร", "road_main": "แจ้งวัฒนะ", "road_sub": "ทางเข้าการสื่อสารฯ/แจ้งวัฒนะ 7", "police": "ทุ่งสองห้อง", "district": "หลักสี่", "status": "Y", "controller": null, "match_by": "code"}, "geometry": {"type": "Point", "coordinates": [100.5392, 13.80297]}}, {"type": "Feature", "properties": {"code": "416", "name": "บางบอน 3", "road_main": "เอกชัย", "road_sub": "บางบอน 3", "police": "บางบอน", "district": "บางบอน", "status": "Y", "controller": "PEEK", "match_by": "code"}, "geometry": {"type": "Point", "coordinates": [100.38674, 13.65026]}}]}