{"type":"FeatureCollection","name":"bma_police_stations","crs":{"type":"name","properties":{"name":"urn:ogc:def:crs:OGC:1.3:CRS84"}},"features":[{"type":"Feature","properties":{"name_th":"สน.คลองตัน","name_en":"KHLONG TON","type":"สน.","area_km2":18.897},"geometry":{"type":"Polygon","coordinates":[[[100.61965,13.74073],[100.61966,13.74073],[100.6237,13.74028],[100.64177,13.73829],[100.64109,13.7358],[100.64109,13.73563],[100.64144,13.73062],[100.64167,13.72773],[100.64194,13.72432],[100.64218,13.72075],[100.64235,13.7193],[100.643,13.71602],[100.63935,13.71502],[100.6376,13.71472],[100.63657,13.71477],[100.63596,13.71464],[100.63522,13.71463],[100.63456,13.71492],[100.63357,13.71501],[100.63319,13.71484],[100.63269,13.71466],[100.63223,13.71495],[100.62981,13.7155],[100.62937,13.7155],[100.62892,13.71524],[100.62859,13.71516],[100.62813,13.71513],[100.62804,13.71472],[100.62786,13.71435],[100.62673,13.71333],[100.6261,13.71294],[100.62585,13.71246],[100.62563,13.71244],[100.62543,13.71262],[100.62519,13.7128],[100.62483,13.71297],[100.62467,13.71325],[100.62448,13.71435],[100.62428,13.71466],[100.6239,13.71479],[100.62345,13.71455],[100.62306,13.71447],[100.62253,13.71456],[100.62235,13.71443],[100.62219,13.71417],[100.62212,13.71342],[100.62196,13.71312],[100.6214,13.71244],[100.62128,13.71187],[100.62134,13.71089],[100.62129,13.71043],[100.62111,13.71037],[100.62085,13.71043],[100.62027,13.71129],[100.61971,13.71151],[100.61965,13.71152],[100.61915,13.71154],[100.61875,13.71132],[100.61843,13.71078],[100.61807,13.71049],[100.61758,13.71028],[100.61704,13.71008],[100.6165,13.70991],[100.61605,13.71003],[100.6158,13.7103],[100.61584,13.71067],[100.61612,13.71094],[100.61639,13.71131],[100.61639,13.71152],[100.61563,13.71301],[100.61537,13.71322],[100.61484,13.71327],[100.61417,13.71292],[100.61347,13.71256],[100.61262,13.71292],[100.61245,13.71331],[100.61245,13.71406],[100.6123,13.71471],[100.61219,13.71555],[100.61188,13.7157],[100.61137,13.71562],[100.61045,13.71558],[100.6096,13.71578],[100.60855,13.7159],[100.6075,13.71597],[100.60687,13.71584],[100.60684,13.71583],[100.60671,13.71575],[100.60672,13.71567],[100.60642,13.71507],[100.60635,13.71492],[100.60604,13.7146],[100.60572,13.71427],[100.60535,13.71413],[100.60534,13.71413],[100.60515,13.71411],[100.60504,13.7141],[100.60499,13.7141],[100.60493,13.7141],[100.60488,13.71409],[100.60482,13.71409],[100.60476,13.71409],[100.6047,13.71408],[100.60462,13.71408],[100.60462,13.71408],[100.60461,13.71408],[100.60302,13.71381],[100.60256,13.71365],[100.60246,13.71359],[100.60209,13.71335],[100.602,13.71322],[100.60191,13.71307],[100.60189,13.71305],[100.60189,13.71305],[100.60186,13.71289],[100.60182,13.71268],[100.60177,13.7124],[100.60176,13.7123],[100.60174,13.71219],[100.60171,13.71205],[100.60169,13.71193],[100.60165,13.71148],[100.60138,13.71124],[100.60106,13.71122],[100.60013,13.71175],[100.5989,13.71222],[100.59829,13.71224],[100.59773,13.7119],[100.59736,13.71122],[100.59728,13.71107],[100.59683,13.71027],[100.59568,13.7097],[100.5944,13.70949],[100.59229,13.70885],[100.59182,13.7085],[100.5913,13.70784],[100.5906,13.70672],[100.59006,13.70588],[100.58947,13.70543],[100.58872,13.70514],[100.58858,13.70545],[100.58844,13.70581],[100.58824,13.70619],[100.58788,13.70672],[100.58749,13.70725],[100.58722,13.70746],[100.58692,13.70768],[100.58551,13.70847],[100.58476,13.7089],[100.5836,13.70954],[100.58279,13.70999],[100.58221,13.71033],[100.58308,13.71103],[100.58397,13.7118],[100.58454,13.71602],[100.58502,13.71973],[100.58452,13.7201],[100.58452,13.72012],[100.58458,13.72077],[100.5846,13.72167],[100.58461,13.72236],[100.58465,13.7243],[100.58466,13.72434],[100.58549,13.72766],[100.58561,13.72818],[100.58756,13.73412],[100.58885,13.73795],[100.59029,13.74224],[100.59295,13.74174],[100.59439,13.7415],[100.59558,13.74128],[100.59632,13.74111],[100.59665,13.74107],[100.59692,13.74102],[100.59716,13.74098],[100.59738,13.74096],[100.59765,13.74095],[100.59787,13.74097],[100.598,13.74102],[100.59802,13.74103],[100.59808,13.74109],[100.59816,13.74128],[100.59823,13.74152],[100.59843,13.74205],[100.59861,13.74262],[100.59884,13.74307],[100.59885,13.74307],[100.61965,13.74073]]]}},{"type":"Feature","properties":{"name_th":"สน.คันนายาว","name_en":"KHANNAYAO","type":"สน.","area_km2":73.308},"geometry":{"type":"Polygon","coordinates":[[[100.70873,13.83312],[100.70865,13.83231],[100.70847,13.83186],[100.70831,13.83154],[100.70813,13.83109],[100.70791,13.83051],[100.70777,13.83017],[100.70773,13.82965],[100.70768,13.82937],[100.70758,13.82914],[100.70738,13.8287],[100.70729,13.82846],[100.70723,13.82807],[100.70721,13.82786],[100.70714,13.82756],[100.70699,13.827],[100.70689,13.82662],[100.70676,13.82597],[100.70668,13.82557],[100.70657,13.82519],[100.70638,13.82475],[100.70629,13.82448],[100.70624,13.82413],[100.70618,13.82384],[100.70609,13.8235],[100.70594,13.82302],[100.70577,13.82252],[100.7057,13.82225],[100.70568,13.82211],[100.70569,13.82195],[100.70574,13.8216],[100.70583,13.82123],[100.70578,13.82096],[100.70571,13.8207],[100.7056,13.82046],[100.70538,13.82037],[100.70516,13.8202],[100.70507,13.82003],[100.70497,13.81975],[100.7048,13.81954],[100.70451,13.81936],[100.7043,13.81924],[100.70394,13.81906],[100.70374,13.81893],[100.70351,13.81883],[100.70324,13.81878],[100.70265,13.81867],[100.70218,13.81858],[100.7019,13.81847],[100.70167,13.81834],[100.70118,13.81798],[100.70076,13.81771],[100.70017,13.81743],[100.69961,13.81718],[100.69921,13.81703],[100.69893,13.81681],[100.69828,13.81626],[100.69783,13.81594],[100.69744,13.8157],[100.69717,13.81557],[100.69685,13.81548],[100.69665,13.81543],[100.69663,13.81553],[100.69654,13.81629],[100.69649,13.81691],[100.69648,13.81727],[100.69657,13.81808],[100.69669,13.81905],[100.69679,13.81946],[100.69685,13.8202],[100.69685,13.82033],[100.69672,13.8204],[100.69637,13.82056],[100.69613,13.82071],[100.69597,13.82089],[100.6958,13.8211],[100.69557,13.8215],[100.69541,13.82186],[100.69532,13.82229],[100.69536,13.82317],[100.6953,13.82366],[100.69519,13.82412],[100.69493,13.82446],[100.69468,13.82482],[100.6943,13.82567],[100.69389,13.82644],[100.69353,13.82706],[100.69301,13.82792],[100.69246,13.8288],[100.69215,13.82937],[100.69194,13.82987],[100.69179,13.83019],[100.69144,13.83044],[100.69115,13.8306],[100.69095,13.83076],[100.69082,13.83096],[100.69072,13.83118],[100.69069,13.83167],[100.69058,13.83202],[100.69035,13.8325],[100.69008,13.83282],[100.68952,13.83328],[100.68866,13.83397],[100.68805,13.83432],[100.68779,13.83461],[100.68775,13.83489],[100.6878,13.83512],[100.68814,13.83562],[100.68822,13.83581],[100.68819,13.83618],[100.68807,13.83652],[100.68799,13.83683],[100.68371,13.8352],[100.68162,13.83447],[100.67874,13.83348],[100.67837,13.83329],[100.67805,13.83304],[100.67484,13.83012],[100.67482,13.83002],[100.67524,13.82616],[100.66759,13.8336],[100.66343,13.83766],[100.66246,13.83848],[100.66092,13.83931],[100.65364,13.84326],[100.64804,13.8463],[100.64337,13.84884],[100.64058,13.85038],[100.64081,13.85052],[100.64121,13.85066],[100.64133,13.85083],[100.64149,13.85107],[100.64162,13.85137],[100.64171,13.85166],[100.64176,13.85196],[100.64177,13.85227],[100.64175,13.85256],[100.64167,13.85291],[100.64154,13.85319],[100.64143,13.85341],[100.64122,13.85377],[100.64109,13.85405],[100.64082,13.85824],[100.64085,13.85837],[100.64096,13.85844],[100.64365,13.85864],[100.64694,13.85887],[100.64703,13.85894],[100.64704,13.85904],[100.64686,13.86013],[100.64694,13.86228],[100.64703,13.86407],[100.6472,13.8656],[100.6471,13.86588],[100.64646,13.86678],[100.64576,13.86775],[100.64521,13.86867],[100.64479,13.8695],[100.6442,13.87076],[100.64411,13.871],[100.64403,13.87131],[100.64393,13.87203],[100.64347,13.876],[100.64316,13.87839],[100.64311,13.87894],[100.64312,13.87943],[100.64317,13.87992],[100.64324,13.8805],[100.64338,13.88137],[100.64363,13.88241],[100.64366,13.88254],[100.64367,13.88272],[100.64372,13.88527],[100.6437,13.88581],[100.64369,13.88606],[100.6436,13.8865],[100.64353,13.88678],[100.64346,13.88705],[100.64337,13.88729],[100.64329,13.88754],[100.64319,13.8878],[100.64239,13.88975],[100.64187,13.89116],[100.64152,13.89209],[100.64143,13.89227],[100.64128,13.89253],[100.64115,13.89273],[100.64105,13.89287],[100.64094,13.89296],[100.6408,13.89307],[100.63933,13.89382],[100.63882,13.89412],[100.63864,13.89426],[100.63849,13.89444],[100.63835,13.89465],[100.63824,13.89486],[100.63818,13.89504],[100.63814,13.89534],[100.63783,13.90044],[100.63985,13.90087],[100.64326,13.90163],[100.64547,13.90254],[100.64798,13.90389],[100.64822,13.90394],[100.6508,13.90398],[100.65175,13.90397],[100.65258,13.90402],[100.6535,13.9041],[100.65616,13.90459],[100.65653,13.90466],[100.65721,13.90471],[100.65786,13.90474],[100.65815,13.90471],[100.65839,13.90462],[100.6587,13.90441],[100.65914,13.90486],[100.65973,13.90549],[100.66,13.90612],[100.66014,13.90662],[100.66033,13.90752],[100.66056,13.90876],[100.66059,13.90976],[100.66055,13.91071],[100.66039,13.91127],[100.65995,13.91204],[100.65974,13.91248],[100.65947,13.91308],[100.65912,13.9137],[100.65897,13.91428],[100.65892,13.91467],[100.65898,13.91489],[100.65902,13.91517],[100.65903,13.91534],[100.65967,13.91542],[100.66001,13.91549],[100.65999,13.91571],[100.66009,13.91591],[100.65981,13.91718],[100.65976,13.91822],[100.6598,13.91888],[100.65983,13.91904],[100.65992,13.91918],[100.66049,13.91961],[100.66064,13.91984],[100.66099,13.92012],[100.66126,13.92013],[100.66141,13.92015],[100.66152,13.92029],[100.66226,13.92165],[100.66294,13.92282],[100.66324,13.92342],[100.66348,13.92388],[100.66356,13.92397],[100.66364,13.92401],[100.66388,13.92393],[100.66477,13.92361],[100.66494,13.92357],[100.66512,13.92358],[100.6654,13.92364],[100.66562,13.92373],[100.6659,13.924],[100.6664,13.92475],[100.6667,13.92533],[100.66668,13.92613],[100.66653,13.92627],[100.66605,13.92672],[100.66581,13.92698],[100.66567,13.92718],[100.66551,13.92766],[100.6655,13.92783],[100.66541,13.92798],[100.66539,13.92821],[100.66533,13.92866],[100.66508,13.92933],[100.66495,13.92989],[100.66495,13.93024],[100.66603,13.93021],[100.66698,13.9303],[100.66804,13.9303],[100.66979,13.9304],[100.67108,13.93037],[100.67275,13.93047],[100.67407,13.93053],[100.67529,13.9306],[100.67739,13.93063],[100.6798,13.93074],[100.68174,13.93076],[100.68344,13.93075],[100.68533,13.93085],[100.68744,13.93092],[100.68943,13.93093],[100.68966,13.93092],[100.68972,13.93079],[100.68968,13.92967],[100.68963,13.92892],[100.68939,13.92793],[100.68931,13.9271],[100.68923,13.92584],[100.68915,13.92573],[100.68892,13.92549],[100.68868,13.92518],[100.68851,13.92467],[100.68845,13.92399],[100.6884,13.92382],[100.68796,13.92323],[100.68769,13.92265],[100.6874,13.92198],[100.6871,13.92106],[100.68704,13.92079],[100.68711,13.91962],[100.68719,13.91929],[100.70436,13.92046],[100.70625,13.92059],[100.71241,13.921],[100.71663,13.92156],[100.7169,13.91801],[100.71693,13.91737],[100.71698,13.91701],[100.71695,13.9168],[100.71711,13.91514],[100.71721,13.91393],[100.71727,13.91329],[100.71732,13.91309],[100.71734,13.91283],[100.71734,13.91258],[100.71734,13.91233],[100.71731,13.91219],[100.71731,13.91212],[100.71738,13.91205],[100.71747,13.91199],[100.7177,13.91188],[100.71792,13.91181],[100.71802,13.9118],[100.71839,13.91168],[100.71877,13.91148],[100.71897,13.91134],[100.71909,13.91123],[100.7192,13.91109],[100.71926,13.91093],[100.71928,13.91075],[100.71926,13.91061],[100.71923,13.91048],[100.71916,13.91033],[100.7191,13.91021],[100.71887,13.90985],[100.71864,13.90959],[100.71752,13.90876],[100.71702,13.90812],[100.71679,13.9077],[100.7165,13.90711],[100.71617,13.90607],[100.71594,13.90514],[100.71589,13.9047],[100.71587,13.90399],[100.71581,13.90342],[100.7158,13.90315],[100.71583,13.90296],[100.7159,13.90288],[100.71598,13.90275],[100.71613,13.90208],[100.71597,13.90132],[100.7154,13.9002],[100.71467,13.89941],[100.71389,13.89874],[100.71364,13.89853],[100.71359,13.89835],[100.7136,13.89797],[100.71375,13.89576],[100.71382,13.89463],[100.7139,13.89452],[100.71394,13.89418],[100.71379,13.89416],[100.71383,13.89365],[100.71382,13.88665],[100.71368,13.879],[100.71319,13.87012],[100.71296,13.86294],[100.71264,13.8534],[100.71268,13.85194],[100.71274,13.85009],[100.71283,13.84872],[100.71288,13.8479],[100.71294,13.84587],[100.71303,13.84558],[100.71279,13.84427],[100.71259,13.84361],[100.71236,13.84287],[100.71209,13.84214],[100.71158,13.84096],[100.71106,13.83929],[100.71027,13.83707],[100.71023,13.83674],[100.71025,13.83634],[100.70993,13.83549],[100.70956,13.8348],[100.70935,13.83455],[100.70906,13.83425],[100.70874,13.83391],[100.70871,13.83343],[100.70873,13.83312]]]}},{"type":"Feature","properties":{"name_th":"สน.จรเข้น้อย","name_en":"CHORAKHE NOI","type":"สน.","area_km2":55.287},"geometry":{"type":"Polygon","coordinates":[[[100.82657,13.74781],[100.82728,13.74848],[100.82792,13.74862],[100.82796,13.74863],[100.82853,13.74869],[100.82865,13.7487],[100.82945,13.74876],[100.82951,13.74877],[100.83013,13.74888],[100.83035,13.74896],[100.8308,13.74911],[100.83084,13.74912],[100.83135,13.74948],[100.83171,13.74988],[100.83176,13.74993],[100.83184,13.75006],[100.83207,13.75043],[100.83229,13.75078],[100.83243,13.751],[100.8325,13.75124],[100.83233,13.75215],[100.83238,13.75245],[100.83249,13.75309],[100.83291,13.75461],[100.83292,13.75464],[100.833,13.75506],[100.83301,13.75514],[100.83306,13.7561],[100.83304,13.7562],[100.83299,13.75629],[100.8329,13.75639],[100.8328,13.75644],[100.83265,13.7565],[100.83254,13.75654],[100.8324,13.75666],[100.83228,13.75681],[100.83202,13.75737],[100.83184,13.75781],[100.83172,13.75808],[100.8317,13.75822],[100.83171,13.75832],[100.83175,13.75845],[100.83179,13.75863],[100.83177,13.75914],[100.83172,13.75939],[100.83169,13.75964],[100.8316,13.75996],[100.83136,13.76093],[100.83123,13.76161],[100.83119,13.76195],[100.83112,13.76228],[100.83084,13.76321],[100.83076,13.76391],[100.83073,13.76435],[100.83074,13.76453],[100.83079,13.76475],[100.83111,13.76575],[100.83148,13.76662],[100.8321,13.76741],[100.83265,13.76747],[100.83326,13.76759],[100.83363,13.76767],[100.8342,13.76785],[100.8346,13.76789],[100.83644,13.76761],[100.8372,13.76747],[100.83738,13.76745],[100.83755,13.76756],[100.83787,13.76779],[100.83866,13.76876],[100.83877,13.7689],[100.83924,13.7694],[100.83938,13.76953],[100.83966,13.76978],[100.83993,13.76999],[100.84003,13.77007],[100.84056,13.77031],[100.84131,13.77066],[100.84138,13.77069],[100.84186,13.77078],[100.84207,13.77082],[100.84237,13.77087],[100.84312,13.77093],[100.84389,13.77093],[100.84446,13.77087],[100.84571,13.77065],[100.84607,13.77063],[100.84675,13.7707],[100.84686,13.77072],[100.84733,13.77077],[100.84824,13.77084],[100.84868,13.77086],[100.85004,13.77089],[100.85058,13.77088],[100.8515,13.77088],[100.8526,13.77096],[100.85313,13.77097],[100.85404,13.77095],[100.85485,13.77097],[100.85542,13.77102],[100.85586,13.77101],[100.85648,13.77089],[100.85692,13.77075],[100.85753,13.7705],[100.85797,13.77034],[100.85837,13.77027],[100.85945,13.77028],[100.86022,13.77034],[100.8607,13.77028],[100.8613,13.76994],[100.86144,13.76986],[100.86176,13.76951],[100.86234,13.76874],[100.86288,13.76819],[100.86333,13.76777],[100.86353,13.76759],[100.86398,13.76661],[100.86458,13.76512],[100.86477,13.76449],[100.86481,13.76431],[100.8648,13.76381],[100.86484,13.76337],[100.865,13.76283],[100.86521,13.7623],[100.8655,13.76178],[100.86558,13.7611],[100.86559,13.76057],[100.86574,13.76],[100.86643,13.75859],[100.86651,13.75823],[100.86652,13.75799],[100.86648,13.75716],[100.86637,13.75645],[100.86618,13.75549],[100.86624,13.75462],[100.86635,13.75359],[100.86652,13.75281],[100.86696,13.7518],[100.86714,13.75149],[100.86752,13.75069],[100.86807,13.74969],[100.86845,13.74914],[100.86882,13.74864],[100.8691,13.74817],[100.86949,13.74755],[100.86989,13.74712],[100.87078,13.74599],[100.87144,13.74528],[100.87194,13.74475],[100.87201,13.74469],[100.87265,13.74388],[100.87344,13.74308],[100.8738,13.74281],[100.87415,13.74268],[100.8746,13.74265],[100.8748,13.74258],[100.875,13.74232],[100.87546,13.742],[100.87593,13.74183],[100.87629,13.74172],[100.87667,13.74159],[100.87694,13.74153],[100.87789,13.74115],[100.87848,13.74092],[100.87899,13.74068],[100.87962,13.74037],[100.88035,13.74004],[100.8795,13.73887],[100.8784,13.73723],[100.87717,13.73533],[100.87635,13.73394],[100.87573,13.73305],[100.87524,13.73221],[100.87463,13.73128],[100.87342,13.72918],[100.87134,13.72579],[100.86992,13.72345],[100.86847,13.72122],[100.86751,13.71959],[100.86661,13.7182],[100.86586,13.71694],[100.86537,13.7161],[100.86473,13.71511],[100.86385,13.71385],[100.86299,13.71227],[100.86231,13.71115],[100.8617,13.71008],[100.861,13.70896],[100.86056,13.70819],[100.86007,13.70752],[100.85925,13.70627],[100.85878,13.70558],[100.85841,13.70494],[100.85799,13.70417],[100.8575,13.70343],[100.85713,13.70271],[100.85654,13.70181],[100.85517,13.69948],[100.8552,13.69943],[100.85516,13.69937],[100.86074,13.69705],[100.86079,13.69703],[100.86076,13.6968],[100.8607,13.69663],[100.86059,13.69598],[100.86032,13.69433],[100.8602,13.69375],[100.85964,13.69123],[100.85941,13.68998],[100.85935,13.68938],[100.85931,13.6894],[100.85723,13.69042],[100.8552,13.69136],[100.8545,13.69162],[100.85405,13.6918],[100.85306,13.69215],[100.85194,13.69253],[100.84789,13.69407],[100.84737,13.69431],[100.84531,13.69514],[100.84073,13.69698],[100.84056,13.69674],[100.83986,13.69708],[100.83886,13.6975],[100.83783,13.69796],[100.83678,13.69839],[100.83524,13.69908],[100.83422,13.69951],[100.83325,13.69994],[100.83276,13.70014],[100.83222,13.70038],[100.83121,13.70082],[100.83016,13.70129],[100.82916,13.70173],[100.82863,13.7019],[100.8274,13.70217],[100.82696,13.70239],[100.82651,13.70259],[100.82647,13.7026],[100.82125,13.70457],[100.81856,13.70558],[100.81651,13.70629],[100.81558,13.70667],[100.81217,13.70796],[100.81169,13.70813],[100.81126,13.70827],[100.81082,13.7084],[100.81018,13.70859],[100.80989,13.70868],[100.80964,13.70877],[100.80783,13.70939],[100.80735,13.70959],[100.80696,13.70975],[100.80569,13.71027],[100.80467,13.71073],[100.8031,13.71142],[100.80283,13.71153],[100.80277,13.71155],[100.80259,13.71161],[100.80256,13.71162],[100.78827,13.7165],[100.78803,13.71659],[100.78786,13.71661],[100.7872,13.71663],[100.78428,13.71665],[100.78287,13.71665],[100.77975,13.71667],[100.77971,13.71647],[100.77957,13.71619],[100.7795,13.71604],[100.77925,13.71598],[100.77571,13.71616],[100.77406,13.71623],[100.77255,13.7163],[100.77204,13.7163],[100.7715,13.71608],[100.77116,13.71566],[100.77116,13.71566],[100.77087,13.71553],[100.76675,13.71527],[100.76662,13.71532],[100.76672,13.71956],[100.76671,13.72016],[100.76673,13.72173],[100.76654,13.72291],[100.7663,13.72383],[100.76625,13.7242],[100.76918,13.7241],[100.76914,13.72593],[100.76914,13.72807],[100.76917,13.72895],[100.76911,13.73144],[100.76908,13.73203],[100.76909,13.73221],[100.76947,13.73224],[100.77042,13.73228],[100.77149,13.73233],[100.77257,13.73235],[100.77508,13.73236],[100.7778,13.73238],[100.78042,13.73243],[100.78217,13.73247],[100.784,13.73252],[100.78496,13.73259],[100.7858,13.73268],[100.78666,13.73278],[100.78838,13.73304],[100.79083,13.73336],[100.79437,13.73372],[100.7948,13.73434],[100.79498,13.73492],[100.79499,13.73497],[100.795,13.73509],[100.79501,13.73557],[100.79501,13.73565],[100.79499,13.73575],[100.79452,13.73783],[100.7945,13.73885],[100.79449,13.73938],[100.79461,13.73988],[100.79468,13.7402],[100.79481,13.74077],[100.79547,13.7427],[100.79552,13.7432],[100.79518,13.74469],[100.79503,13.74537],[100.79501,13.74575],[100.79505,13.74604],[100.79519,13.7469],[100.79536,13.74797],[100.79579,13.74976],[100.79642,13.75111],[100.7966,13.75149],[100.79677,13.75186],[100.79718,13.75225],[100.79857,13.75354],[100.80034,13.75289],[100.80123,13.75256],[100.80256,13.75206],[100.80333,13.75179],[100.80741,13.75031],[100.80748,13.75029],[100.80752,13.75027],[100.80821,13.74997],[100.80869,13.74982],[100.80945,13.74957],[100.81012,13.7493],[100.81135,13.7489],[100.81169,13.74879],[100.81207,13.74865],[100.81244,13.74858],[100.81279,13.74842],[100.8132,13.74819],[100.81338,13.74809],[100.81421,13.74781],[100.81434,13.74777],[100.81463,13.74767],[100.81486,13.7476],[100.81489,13.74758],[100.81546,13.74729],[100.81555,13.74725],[100.81633,13.74701],[100.81688,13.74675],[100.81702,13.74671],[100.81739,13.7466],[100.81804,13.74644],[100.81903,13.74605],[100.81927,13.74595],[100.82089,13.74532],[100.82139,13.74517],[100.82176,13.74505],[100.82242,13.74484],[100.82262,13.74477],[100.82317,13.74455],[100.82366,13.74431],[100.82416,13.74411],[100.82477,13.744],[100.8251,13.74395],[100.82524,13.74375],[100.82527,13.74371],[100.8253,13.74371],[100.82568,13.74361],[100.82579,13.74362],[100.82607,13.74365],[100.82628,13.74364],[100.82633,13.74363],[100.82654,13.74357],[100.82658,13.74355],[100.82658,13.7436],[100.82647,13.74418],[100.82631,13.74453],[100.82628,13.74459],[100.82622,13.74474],[100.8262,13.74492],[100.82615,13.74535],[100.82614,13.74544],[100.82604,13.74652],[100.82606,13.74723],[100.82631,13.74759],[100.82657,13.74781]]]}},{"type":"Feature","properties":{"name_th":"สน.จักรวรรดิ","name_en":"CHAKKRAWAT","type":"สน.","area_km2":0.606},"geometry":{"type":"Polygon","coordinates":[[[100.50574,13.7456],[100.50621,13.74524],[100.50741,13.74429],[100.50772,13.74406],[100.50896,13.74308],[100.51038,13.74197],[100.51045,13.74191],[100.51045,13.7419],[100.51044,13.74188],[100.5104,13.74177],[100.50999,13.74123],[100.50952,13.74064],[100.50914,13.74012],[100.50871,13.73956],[100.50849,13.73934],[100.5084,13.7393],[100.50781,13.73884],[100.50731,13.73822],[100.5073,13.73822],[100.50635,13.73872],[100.50597,13.73788],[100.50555,13.73802],[100.5023,13.73892],[100.50012,13.73939],[100.50033,13.73995],[100.50051,13.7405],[100.50078,13.74111],[100.50113,13.74174],[100.50169,13.74256],[100.50211,13.74322],[100.50264,13.74399],[100.50279,13.7442],[100.50316,13.74469],[100.5032,13.74474],[100.50322,13.74477],[100.50328,13.74485],[100.50343,13.7451],[100.50348,13.7452],[100.50352,13.74531],[100.50391,13.74678],[100.50392,13.74683],[100.50416,13.74678],[100.50426,13.74673],[100.50444,13.7466],[100.50556,13.74574],[100.50568,13.74565],[100.50574,13.7456]]]}},{"type":"Feature","properties":{"name_th":"สน.ฉลองกรุง","name_en":"CHALONG KRUNG","type":"สน.","area_km2":39.929},"geometry":{"type":"Polygon","coordinates":[[[100.82579,13.74362],[100.82527,13.74371],[100.8251,13.74395],[100.82416,13.74411],[100.82366,13.74431],[100.82317,13.74455],[100.82262,13.74477],[100.82242,13.74484],[100.82176,13.74505],[100.82139,13.74517],[100.82089,13.74532],[100.81927,13.74595],[100.81903,13.74605],[100.81804,13.74644],[100.81739,13.7466],[100.81702,13.74671],[100.81688,13.74675],[100.81633,13.74701],[100.81555,13.74725],[100.81546,13.74729],[100.81489,13.74758],[100.81486,13.7476],[100.81421,13.74781],[100.81338,13.74809],[100.81279,13.74842],[100.81244,13.74858],[100.81207,13.74865],[100.81169,13.74879],[100.81135,13.7489],[100.81012,13.7493],[100.80945,13.74957],[100.80869,13.74982],[100.80821,13.74997],[100.80748,13.75029],[100.80741,13.75031],[100.80333,13.75179],[100.80256,13.75206],[100.80123,13.75256],[100.80034,13.75289],[100.79857,13.75354],[100.79718,13.75225],[100.79677,13.75186],[100.7966,13.75149],[100.79642,13.75111],[100.79579,13.74976],[100.79536,13.74797],[100.79519,13.7469],[100.79505,13.74604],[100.79501,13.74575],[100.79503,13.74537],[100.79518,13.74469],[100.79552,13.7432],[100.79547,13.7427],[100.79481,13.74077],[100.79468,13.7402],[100.79461,13.73988],[100.79449,13.73938],[100.7945,13.73885],[100.79452,13.73783],[100.79499,13.73575],[100.79501,13.73565],[100.79501,13.73557],[100.79499,13.73497],[100.7948,13.73434],[100.79437,13.73372],[100.79083,13.73336],[100.78838,13.73304],[100.78666,13.73278],[100.7858,13.73268],[100.78496,13.73259],[100.784,13.73252],[100.78217,13.73247],[100.78042,13.73243],[100.7778,13.73238],[100.77508,13.73236],[100.77257,13.73235],[100.77149,13.73233],[100.77042,13.73228],[100.76947,13.73224],[100.76909,13.73221],[100.76912,13.73289],[100.76909,13.73542],[100.76904,13.73857],[100.76902,13.74029],[100.769,13.74173],[100.76899,13.74213],[100.7689,13.74747],[100.76888,13.7515],[100.76888,13.7529],[100.76885,13.7535],[100.76884,13.7545],[100.76879,13.75546],[100.7688,13.75731],[100.76883,13.75819],[100.76877,13.7603],[100.76879,13.76106],[100.76879,13.76133],[100.76876,13.76196],[100.76878,13.76254],[100.76879,13.76279],[100.76878,13.76291],[100.76871,13.76378],[100.76877,13.76424],[100.76879,13.7648],[100.76881,13.76573],[100.76882,13.76587],[100.76879,13.76622],[100.76874,13.76655],[100.76874,13.76712],[100.76873,13.7673],[100.7687,13.76757],[100.76872,13.76781],[100.76873,13.76808],[100.76873,13.76865],[100.76873,13.76897],[100.76872,13.76954],[100.76871,13.77],[100.76867,13.77185],[100.76867,13.77259],[100.76868,13.77289],[100.76867,13.77305],[100.76862,13.77378],[100.76863,13.77501],[100.76863,13.77524],[100.76862,13.77604],[100.7686,13.77658],[100.76856,13.77768],[100.76868,13.77834],[100.76859,13.77943],[100.76851,13.78005],[100.76849,13.78159],[100.76853,13.78193],[100.76854,13.78199],[100.76861,13.78296],[100.76856,13.7839],[100.76857,13.78492],[100.7685,13.78538],[100.76851,13.78591],[100.76854,13.78625],[100.76855,13.78796],[100.7685,13.78848],[100.76851,13.78931],[100.76843,13.79007],[100.76845,13.79065],[100.76851,13.79096],[100.76856,13.79128],[100.7685,13.79236],[100.76849,13.79452],[100.76845,13.79584],[100.76851,13.79703],[100.76849,13.79771],[100.76848,13.79956],[100.76841,13.80022],[100.76843,13.80166],[100.76845,13.80218],[100.76844,13.80415],[100.76845,13.80509],[100.76845,13.80671],[100.76843,13.80702],[100.76856,13.80726],[100.76876,13.8077],[100.76897,13.80833],[100.76898,13.80945],[100.76878,13.81125],[100.76883,13.81162],[100.76912,13.81202],[100.76995,13.81316],[100.77028,13.81341],[100.77477,13.81297],[100.77822,13.81261],[100.7825,13.81222],[100.78576,13.81191],[100.78853,13.81162],[100.79141,13.81135],[100.79526,13.81095],[100.79826,13.81066],[100.80142,13.81035],[100.80149,13.81007],[100.80154,13.80966],[100.80167,13.8094],[100.80182,13.80924],[100.80201,13.80907],[100.80229,13.80875],[100.80264,13.80842],[100.80288,13.80824],[100.80318,13.80801],[100.80331,13.80794],[100.80348,13.80789],[100.80367,13.80786],[100.80391,13.80786],[100.80444,13.80791],[100.80477,13.80795],[100.80498,13.80797],[100.80549,13.80797],[100.80588,13.80805],[100.80638,13.80819],[100.80652,13.80817],[100.8068,13.8082],[100.80686,13.80824],[100.807,13.80819],[100.8073,13.80819],[100.80744,13.80817],[100.80755,13.80809],[100.80763,13.80798],[100.80737,13.80766],[100.80674,13.80689],[100.80599,13.80611],[100.80513,13.80511],[100.80453,13.80439],[100.80331,13.80328],[100.80286,13.80286],[100.80238,13.80246],[100.80215,13.8022],[100.80099,13.80136],[100.80015,13.80083],[100.79973,13.80064],[100.79923,13.80015],[100.79902,13.79992],[100.79885,13.79969],[100.79833,13.79929],[100.79769,13.79858],[100.79717,13.79788],[100.79644,13.79664],[100.79615,13.79617],[100.79579,13.79547],[100.79533,13.79468],[100.79502,13.79407],[100.79533,13.79344],[100.79594,13.79237],[100.79613,13.79206],[100.79626,13.79177],[100.79635,13.79151],[100.79639,13.79133],[100.79639,13.79113],[100.79634,13.79082],[100.79627,13.79053],[100.79621,13.79009],[100.79617,13.78938],[100.79612,13.78901],[100.79605,13.78867],[100.79596,13.78841],[100.79577,13.78802],[100.79539,13.78742],[100.79502,13.78687],[100.79431,13.78596],[100.79372,13.7851],[100.79362,13.78492],[100.79356,13.78472],[100.79355,13.78451],[100.79358,13.78431],[100.79365,13.78414],[100.79378,13.78396],[100.79403,13.78376],[100.79432,13.7836],[100.79515,13.78321],[100.79641,13.78269],[100.79705,13.78259],[100.79765,13.78249],[100.79816,13.78235],[100.7989,13.7821],[100.79943,13.78188],[100.80001,13.78181],[100.80077,13.78161],[100.80146,13.78156],[100.80201,13.7816],[100.80245,13.78161],[100.80313,13.78167],[100.8034,13.78171],[100.80403,13.78175],[100.80441,13.78171],[100.80487,13.78163],[100.80564,13.78166],[100.80616,13.78166],[100.80685,13.78172],[100.80723,13.78167],[100.80796,13.78164],[100.80867,13.78162],[100.80929,13.78166],[100.80988,13.78174],[100.81049,13.78186],[100.81129,13.78207],[100.81203,13.78226],[100.81268,13.78251],[100.81315,13.7827],[100.81349,13.78292],[100.81372,13.78329],[100.814,13.78377],[100.81421,13.78401],[100.81443,13.78419],[100.81463,13.78422],[100.81476,13.78418],[100.81509,13.78362],[100.81527,13.78334],[100.81541,13.78318],[100.81596,13.78287],[100.81637,13.7827],[100.81688,13.78255],[100.81748,13.78242],[100.81799,13.78232],[100.81847,13.78219],[100.81886,13.78207],[100.81954,13.78184],[100.81991,13.78167],[100.82042,13.78137],[100.82098,13.78101],[100.82136,13.78074],[100.82176,13.78048],[100.82207,13.78025],[100.82242,13.78005],[100.82275,13.77979],[100.82295,13.77966],[100.82283,13.77902],[100.82287,13.77873],[100.82278,13.77793],[100.82272,13.77772],[100.82314,13.77742],[100.82352,13.77718],[100.82427,13.77678],[100.82481,13.77633],[100.82513,13.77598],[100.82555,13.77564],[100.82639,13.77507],[100.82706,13.77445],[100.82759,13.77382],[100.82815,13.77315],[100.82839,13.7728],[100.82881,13.7725],[100.82919,13.77225],[100.82933,13.77204],[100.82989,13.77036],[100.83013,13.76983],[100.83074,13.76923],[100.83136,13.76864],[100.83143,13.7684],[100.83149,13.76833],[100.83213,13.76757],[100.8321,13.76741],[100.83148,13.76662],[100.83111,13.76575],[100.83079,13.76475],[100.83074,13.76453],[100.83073,13.76435],[100.83076,13.76391],[100.83084,13.76321],[100.83112,13.76228],[100.83119,13.76195],[100.83123,13.76161],[100.83136,13.76093],[100.8316,13.75996],[100.83169,13.75964],[100.83172,13.75939],[100.83177,13.75914],[100.83179,13.75863],[100.83175,13.75845],[100.83171,13.75832],[100.8317,13.75822],[100.83172,13.75808],[100.83184,13.75781],[100.83202,13.75737],[100.83228,13.75681],[100.8324,13.75666],[100.83254,13.75654],[100.83265,13.7565],[100.8329,13.75639],[100.83299,13.75629],[100.83304,13.7562],[100.83306,13.7561],[100.83301,13.75514],[100.833,13.75506],[100.83292,13.75464],[100.83291,13.75461],[100.83249,13.75309],[100.83238,13.75245],[100.83233,13.75215],[100.8325,13.75124],[100.83243,13.751],[100.83229,13.75078],[100.83176,13.74993],[100.83171,13.74988],[100.83135,13.74948],[100.83084,13.74912],[100.8308,13.74911],[100.83013,13.74888],[100.82945,13.74876],[100.82865,13.7487],[100.82853,13.74869],[100.82796,13.74863],[100.82728,13.74848],[100.8268,13.74801],[100.82631,13.74759],[100.82606,13.74723],[100.82604,13.74652],[100.82614,13.74544],[100.8262,13.74492],[100.82622,13.74474],[100.82647,13.74418],[100.82658,13.74355],[100.82633,13.74363],[100.82607,13.74365],[100.82579,13.74362]]]}},{"type":"Feature","properties":{"name_th":"สน.ชนะสงคราม","name_en":"CHANASONGKHRAM","type":"สน.","area_km2":2.191},"geometry":{"type":"Polygon","coordinates":[[[100.50678,13.76659],[100.50673,13.76651],[100.50657,13.76624],[100.50576,13.76487],[100.50434,13.76247],[100.5028,13.7599],[100.5025,13.75939],[100.50198,13.75721],[100.50187,13.7572],[100.50177,13.75718],[100.50166,13.75714],[100.50154,13.75708],[100.50145,13.75701],[100.50137,13.7569],[100.50132,13.75677],[100.50133,13.7566],[100.50139,13.75643],[100.50151,13.75628],[100.50164,13.75619],[100.50172,13.75611],[100.50144,13.75485],[100.50102,13.75496],[100.4993,13.75543],[100.49876,13.75556],[100.49664,13.75616],[100.49573,13.7564],[100.49538,13.75655],[100.49524,13.75654],[100.49524,13.75653],[100.49524,13.7565],[100.49526,13.75642],[100.49532,13.75615],[100.49543,13.75565],[100.49584,13.75392],[100.49617,13.75239],[100.49615,13.75239],[100.49372,13.75229],[100.49348,13.75238],[100.49044,13.75232],[100.48829,13.75225],[100.48834,13.75321],[100.48845,13.7544],[100.48863,13.75587],[100.48887,13.75677],[100.48968,13.75873],[100.49015,13.75965],[100.49098,13.76061],[100.49148,13.76112],[100.49163,13.76126],[100.49412,13.76358],[100.49541,13.76498],[100.49584,13.76545],[100.49768,13.76776],[100.49952,13.77069],[100.50028,13.77224],[100.50032,13.77231],[100.50121,13.77184],[100.50188,13.77139],[100.5023,13.77107],[100.50291,13.77056],[100.5034,13.7702],[100.50392,13.76979],[100.50406,13.76968],[100.50486,13.76879],[100.5057,13.76782],[100.50608,13.76739],[100.50678,13.76659]]]}},{"type":"Feature","properties":{"name_th":"สน.ดอนเมือง","name_en":"DON MUANG","type":"สน.","area_km2":36.839},"geometry":{"type":"Polygon","coordinates":[[[100.60696,13.95502],[100.60803,13.955],[100.60919,13.95503],[100.61019,13.95504],[100.61088,13.95507],[100.61204,13.95512],[100.61263,13.95512],[100.61527,13.95384],[100.61697,13.95294],[100.61867,13.95212],[100.61956,13.95169],[100.61966,13.95164],[100.62254,13.95027],[100.62255,13.95021],[100.62294,13.9478],[100.62335,13.94543],[100.62421,13.94081],[100.62522,13.93498],[100.62561,13.93283],[100.62576,13.9319],[100.62628,13.9291],[100.62662,13.92714],[100.62666,13.92673],[100.62661,13.92635],[100.62655,13.92613],[100.62644,13.92581],[100.62626,13.92546],[100.62595,13.92492],[100.62556,13.92429],[100.62516,13.92361],[100.62493,13.92328],[100.62467,13.92281],[100.62425,13.9221],[100.62358,13.92098],[100.62314,13.92024],[100.62264,13.91939],[100.62263,13.91937],[100.62263,13.91937],[100.62227,13.91877],[100.62174,13.91789],[100.62112,13.91679],[100.62063,13.91595],[100.62025,13.91534],[100.61974,13.91447],[100.61965,13.91433],[100.61897,13.91315],[100.61851,13.91239],[100.61807,13.91164],[100.61701,13.90985],[100.61638,13.90878],[100.61522,13.90682],[100.6142,13.90509],[100.61362,13.90411],[100.61305,13.90314],[100.61253,13.90227],[100.61207,13.90149],[100.61154,13.90058],[100.61122,13.90004],[100.61115,13.89991],[100.61098,13.89981],[100.61064,13.89962],[100.6103,13.89935],[100.61008,13.89914],[100.60937,13.89868],[100.60864,13.89828],[100.60792,13.89783],[100.6075,13.89752],[100.60714,13.89722],[100.60688,13.89693],[100.60613,13.89591],[100.60574,13.89548],[100.60475,13.89496],[100.60257,13.89346],[100.60091,13.89234],[100.59834,13.89065],[100.5961,13.88894],[100.59514,13.88805],[100.59476,13.88766],[100.59473,13.88763],[100.59458,13.88769],[100.59456,13.8877],[100.5943,13.88781],[100.5943,13.88781],[100.59404,13.88792],[100.59376,13.88804],[100.59349,13.88815],[100.59322,13.88826],[100.59295,13.88836],[100.59276,13.88844],[100.59269,13.88846],[100.59238,13.88858],[100.59215,13.88868],[100.59188,13.88878],[100.59161,13.88887],[100.59141,13.88893],[100.59135,13.88895],[100.59132,13.88896],[100.59108,13.88904],[100.59082,13.88912],[100.59056,13.88921],[100.59043,13.88926],[100.59029,13.88929],[100.59016,13.88932],[100.5901,13.88934],[100.59006,13.88935],[100.59004,13.88935],[100.58993,13.88938],[100.58986,13.88939],[100.58982,13.8894],[100.58979,13.88941],[100.58975,13.88941],[100.58969,13.88942],[100.58965,13.88942],[100.58964,13.88942],[100.58963,13.88942],[100.58962,13.88942],[100.58961,13.88942],[100.5896,13.88942],[100.58959,13.88942],[100.58958,13.88942],[100.58953,13.88944],[100.58945,13.88946],[100.58939,13.88947],[100.58933,13.88948],[100.58924,13.88949],[100.58915,13.8895],[100.58909,13.88951],[100.58905,13.88952],[100.58895,13.88954],[100.5889,13.88956],[100.58887,13.88956],[100.58886,13.88956],[100.58885,13.88957],[100.58884,13.88957],[100.58884,13.88957],[100.58882,13.88957],[100.58881,13.88957],[100.5888,13.88956],[100.58879,13.88956],[100.58879,13.88956],[100.58876,13.88957],[100.58874,13.88956],[100.58874,13.88956],[100.58872,13.88955],[100.58869,13.88955],[100.58867,13.88954],[100.58865,13.88953],[100.58862,13.88952],[100.58859,13.88951],[100.58858,13.88951],[100.58855,13.88949],[100.58853,13.88948],[100.5885,13.88947],[100.58847,13.88945],[100.58845,13.88944],[100.58844,13.88943],[100.58843,13.88943],[100.58842,13.88943],[100.5884,13.88942],[100.58838,13.88941],[100.58837,13.88941],[100.58836,13.8894],[100.58835,13.8894],[100.58834,13.88939],[100.58832,13.88939],[100.58831,13.88938],[100.5883,13.88938],[100.58829,13.88937],[100.58828,13.88936],[100.58827,13.88936],[100.58826,13.88936],[100.58822,13.88936],[100.58818,13.88935],[100.58813,13.88935],[100.58809,13.88935],[100.58805,13.88935],[100.588,13.88936],[100.58798,13.88936],[100.58796,13.88936],[100.58796,13.88937],[100.58796,13.88937],[100.58795,13.88937],[100.58795,13.88937],[100.58795,13.88937],[100.58794,13.88937],[100.58794,13.88937],[100.58794,13.88937],[100.58794,13.88937],[100.58793,13.88937],[100.58793,13.88937],[100.58793,13.88937],[100.58793,13.88937],[100.58777,13.88943],[100.58774,13.88945],[100.58769,13.88947],[100.58762,13.8895],[100.5875,13.88956],[100.5874,13.88958],[100.58736,13.88959],[100.58734,13.8896],[100.58732,13.8896],[100.58729,13.88961],[100.58728,13.88961],[100.58727,13.88961],[100.58727,13.88961],[100.58716,13.88964],[100.58704,13.88972],[100.58698,13.88978],[100.58695,13.88982],[100.58694,13.88983],[100.58688,13.88992],[100.58684,13.88994],[100.58681,13.88996],[100.58678,13.88999],[100.58675,13.88999],[100.5864,13.89007],[100.5863,13.8901],[100.58561,13.89022],[100.58536,13.89025],[100.58536,13.89025],[100.58472,13.89032],[100.58456,13.89038],[100.58431,13.89048],[100.58365,13.8906],[100.58341,13.89064],[100.58286,13.89066],[100.5828,13.89066],[100.58375,13.89227],[100.58471,13.89414],[100.58589,13.8962],[100.58627,13.897],[100.58756,13.89932],[100.58758,13.89935],[100.58653,13.8999],[100.58639,13.89998],[100.5813,13.90268],[100.57944,13.90367],[100.57932,13.90384],[100.57759,13.90438],[100.5741,13.9055],[100.57398,13.90568],[100.57224,13.9067],[100.57221,13.90672],[100.57204,13.90682],[100.57096,13.90746],[100.56964,13.90824],[100.56944,13.90836],[100.5693,13.90842],[100.56797,13.90929],[100.56669,13.91066],[100.56553,13.91161],[100.56425,13.91257],[100.56408,13.9127],[100.56315,13.91339],[100.56178,13.91376],[100.56163,13.91385],[100.55972,13.91428],[100.55903,13.91443],[100.56326,13.93237],[100.56601,13.944],[100.56652,13.94617],[100.56655,13.94626],[100.56779,13.95136],[100.56788,13.95144],[100.568,13.95149],[100.56835,13.95165],[100.56835,13.95166],[100.56866,13.95175],[100.56867,13.95175],[100.5687,13.95177],[100.56883,13.95187],[100.56891,13.95192],[100.56922,13.95213],[100.56948,13.95227],[100.56951,13.95229],[100.56952,13.95229],[100.56968,13.95237],[100.56973,13.95241],[100.5698,13.95247],[100.57016,13.95267],[100.57029,13.95274],[100.57044,13.95283],[100.57045,13.95283],[100.57073,13.95294],[100.57101,13.95309],[100.57113,13.95314],[100.57121,13.95317],[100.57145,13.95335],[100.57145,13.95336],[100.57174,13.95348],[100.5728,13.95408],[100.57307,13.95425],[100.57325,13.95434],[100.57359,13.95443],[100.57368,13.95448],[100.5739,13.95457],[100.57405,13.95457],[100.57427,13.95452],[100.57452,13.95442],[100.57475,13.95435],[100.57503,13.95428],[100.57526,13.95425],[100.5755,13.95423],[100.5758,13.95414],[100.5764,13.95396],[100.57698,13.95382],[100.57775,13.95366],[100.58029,13.95308],[100.58146,13.95281],[100.58287,13.95247],[100.58304,13.95248],[100.58578,13.95183],[100.58661,13.95162],[100.58679,13.95165],[100.58698,13.95155],[100.58811,13.95129],[100.58955,13.95096],[100.59015,13.95074],[100.59059,13.95061],[100.59101,13.95052],[100.59166,13.9503],[100.59171,13.95029],[100.59174,13.95028],[100.59233,13.95001],[100.59301,13.94967],[100.59355,13.94945],[100.59547,13.94856],[100.59931,13.94685],[100.60198,13.94563],[100.60307,13.94518],[100.6058,13.94402],[100.60558,13.94555],[100.60557,13.94561],[100.60528,13.94805],[100.60493,13.95022],[100.60466,13.95218],[100.60465,13.95221],[100.60463,13.95229],[100.60444,13.95317],[100.60432,13.9537],[100.60415,13.95529],[100.60627,13.95503],[100.60629,13.95503],[100.60648,13.95502],[100.60696,13.95502]]]}},{"type":"Feature","properties":{"name_th":"สน.ดินแดง","name_en":"DIN DAENG","type":"สน.","area_km2":6.335},"geometry":{"type":"Polygon","coordinates":[[[100.56646,13.77849],[100.56615,13.77707],[100.56597,13.77641],[100.56585,13.77604],[100.56575,13.77581],[100.56555,13.77548],[100.56535,13.77467],[100.56531,13.77464],[100.56455,13.77452],[100.56381,13.77436],[100.56356,13.77435],[100.56343,13.77362],[100.56346,13.77316],[100.56346,13.77288],[100.56342,13.77261],[100.56331,13.77213],[100.5633,13.77196],[100.56329,13.77158],[100.56331,13.77127],[100.56334,13.77099],[100.56331,13.77052],[100.56329,13.77027],[100.56325,13.77008],[100.56403,13.76983],[100.56404,13.7698],[100.564,13.7697],[100.564,13.76967],[100.56361,13.76867],[100.56346,13.7682],[100.56323,13.76736],[100.56312,13.76701],[100.56305,13.76686],[100.56299,13.76671],[100.5628,13.76598],[100.56264,13.76539],[100.56197,13.76274],[100.56186,13.76219],[100.56139,13.76004],[100.56122,13.7593],[100.56103,13.75851],[100.56073,13.75726],[100.56046,13.75604],[100.56047,13.75588],[100.56044,13.75565],[100.56045,13.75565],[100.561,13.75561],[100.56174,13.75552],[100.56218,13.75549],[100.56294,13.75544],[100.56385,13.75537],[100.5646,13.7552],[100.56472,13.75518],[100.56476,13.75517],[100.56484,13.75515],[100.56491,13.75513],[100.56494,13.75513],[100.56499,13.75512],[100.56579,13.75504],[100.56616,13.75499],[100.56656,13.75497],[100.56684,13.75505],[100.56752,13.75502],[100.56798,13.75494],[100.56817,13.75491],[100.56832,13.75487],[100.5685,13.7548],[100.56886,13.75471],[100.56924,13.75464],[100.56939,13.75466],[100.56948,13.75466],[100.56964,13.75468],[100.5699,13.75467],[100.57001,13.75467],[100.57016,13.75466],[100.57033,13.75466],[100.57071,13.75464],[100.57097,13.75455],[100.57115,13.75452],[100.57131,13.75452],[100.57136,13.75454],[100.5714,13.75455],[100.57147,13.75458],[100.57161,13.7546],[100.57158,13.75423],[100.57154,13.75367],[100.57138,13.75304],[100.57103,13.75252],[100.57058,13.75206],[100.57037,13.75174],[100.57022,13.7513],[100.5701,13.7509],[100.56993,13.75026],[100.56951,13.74886],[100.56438,13.75002],[100.56368,13.75017],[100.55882,13.75127],[100.55497,13.75213],[100.55158,13.7529],[100.54224,13.75502],[100.54211,13.75505],[100.54228,13.75577],[100.54242,13.75634],[100.54243,13.75897],[100.54243,13.76033],[100.54242,13.76289],[100.54238,13.76299],[100.53911,13.76448],[100.53917,13.76468],[100.53922,13.76494],[100.53923,13.76516],[100.53917,13.76538],[100.53911,13.76551],[100.539,13.76566],[100.53895,13.76573],[100.53897,13.76583],[100.53904,13.76597],[100.53988,13.76761],[100.54097,13.76957],[100.54117,13.76995],[100.54133,13.7703],[100.5426,13.77378],[100.54326,13.77559],[100.54402,13.77509],[100.54464,13.77473],[100.54487,13.77464],[100.54513,13.77452],[100.54574,13.77434],[100.54621,13.77419],[100.54661,13.77398],[100.547,13.7737],[100.54734,13.77336],[100.5488,13.77172],[100.5491,13.77148],[100.54946,13.77133],[100.54976,13.7713],[100.55006,13.77133],[100.55035,13.77143],[100.55058,13.77155],[100.55076,13.77166],[100.55085,13.77166],[100.55176,13.77125],[100.55397,13.77536],[100.55581,13.77858],[100.55637,13.77946],[100.55651,13.77938],[100.55694,13.7791],[100.55782,13.77867],[100.55784,13.77855],[100.55778,13.7784],[100.55889,13.77787],[100.56066,13.7779],[100.56146,13.77789],[100.56142,13.77805],[100.5614,13.77839],[100.56144,13.77873],[100.56159,13.77909],[100.56254,13.77904],[100.56307,13.779],[100.56393,13.77893],[100.56462,13.77881],[100.5651,13.77871],[100.56585,13.77859],[100.56646,13.77849]]]}},{"type":"Feature","properties":{"name_th":"สน.ดุสิต","name_en":"DUSIT","type":"สน.","area_km2":3.969},"geometry":{"type":"Polygon","coordinates":[[[100.53303,13.78712],[100.53165,13.78374],[100.53081,13.78166],[100.5299,13.77943],[100.52948,13.77839],[100.52909,13.77742],[100.52865,13.77633],[100.52859,13.77617],[100.52858,13.77615],[100.52784,13.77436],[100.52769,13.774],[100.52661,13.7713],[100.52626,13.77045],[100.52442,13.76586],[100.52407,13.76503],[100.52336,13.76328],[100.52321,13.76291],[100.51934,13.76465],[100.51523,13.7665],[100.51507,13.76657],[100.51327,13.76331],[100.51206,13.76113],[100.51135,13.76185],[100.50991,13.76332],[100.50934,13.76381],[100.50902,13.76417],[100.50826,13.76499],[100.50759,13.76572],[100.50715,13.7662],[100.50682,13.76656],[100.50688,13.76666],[100.50689,13.76681],[100.50824,13.76956],[100.51001,13.7732],[100.51184,13.77698],[100.5131,13.77961],[100.51327,13.77999],[100.51422,13.78191],[100.51425,13.78198],[100.51445,13.78188],[100.51468,13.78157],[100.51485,13.78119],[100.51542,13.78069],[100.51592,13.78056],[100.51646,13.78062],[100.51674,13.78049],[100.51701,13.78027],[100.51736,13.77977],[100.51808,13.77945],[100.51858,13.77941],[100.51916,13.77931],[100.51957,13.77919],[100.52019,13.77903],[100.52046,13.77888],[100.52064,13.77866],[100.52089,13.77839],[100.52135,13.77812],[100.52191,13.77916],[100.52255,13.78029],[100.52306,13.78127],[100.52351,13.78208],[100.52428,13.78353],[100.52534,13.78547],[100.52619,13.78703],[100.52687,13.78829],[100.5274,13.78928],[100.52743,13.78936],[100.52762,13.7893],[100.53003,13.78833],[100.53148,13.78774],[100.53303,13.78712]]]}},{"type":"Feature","properties":{"name_th":"สน.ตลาดพลู","name_en":"TALAT PHLU","type":"สน.","area_km2":1.517},"geometry":{"type":"Polygon","coordinates":[[[100.48481,13.71779],[100.48491,13.71764],[100.48493,13.71761],[100.48454,13.71746],[100.48417,13.71728],[100.4841,13.71724],[100.48391,13.71714],[100.48346,13.71691],[100.48298,13.71667],[100.48262,13.7165],[100.48193,13.71619],[100.4814,13.71591],[100.48057,13.71546],[100.48056,13.71545],[100.48056,13.71545],[100.4806,13.71531],[100.47959,13.71512],[100.47861,13.71495],[100.47835,13.71495],[100.47818,13.71495],[100.47786,13.71493],[100.47732,13.71489],[100.47659,13.71481],[100.47647,13.71479],[100.47608,13.71476],[100.47574,13.7147],[100.47573,13.7147],[100.47584,13.71383],[100.47589,13.71344],[100.47609,13.7128],[100.47623,13.71214],[100.47635,13.71185],[100.47638,13.71175],[100.47638,13.71165],[100.47638,13.71142],[100.47637,13.71131],[100.47639,13.7112],[100.47567,13.711],[100.47546,13.71096],[100.47513,13.7109],[100.47466,13.71083],[100.47431,13.71077],[100.47405,13.71074],[100.47392,13.71072],[100.47322,13.71058],[100.47288,13.71054],[100.47285,13.71067],[100.47198,13.71058],[100.47188,13.7109],[100.47145,13.7111],[100.47081,13.71138],[100.47062,13.71148],[100.47012,13.7117],[100.4694,13.71202],[100.46936,13.71206],[100.46924,13.71211],[100.46895,13.71222],[100.4689,13.71223],[100.46873,13.7123],[100.46854,13.71238],[100.46853,13.71239],[100.46853,13.71239],[100.46855,13.71243],[100.46855,13.71244],[100.46868,13.71272],[100.46877,13.71296],[100.46884,13.71321],[100.46886,13.71352],[100.46886,13.71357],[100.46891,13.71388],[100.46898,13.71419],[100.46917,13.71507],[100.46917,13.71549],[100.46921,13.71589],[100.46921,13.7159],[100.46921,13.71603],[100.46913,13.71651],[100.4691,13.71726],[100.4691,13.71738],[100.46916,13.71757],[100.46921,13.71771],[100.46925,13.71783],[100.46945,13.71823],[100.4697,13.7186],[100.4701,13.71919],[100.47032,13.71941],[100.47069,13.71998],[100.47095,13.72032],[100.4711,13.72053],[100.47123,13.72073],[100.47137,13.72092],[100.47151,13.72119],[100.4716,13.72145],[100.47159,13.72173],[100.47161,13.722],[100.47163,13.72263],[100.47163,13.72264],[100.47191,13.72268],[100.47235,13.72266],[100.47257,13.72262],[100.47318,13.72253],[100.47392,13.72244],[100.47552,13.72237],[100.47656,13.7224],[100.47723,13.72247],[100.47784,13.72253],[100.47839,13.72261],[100.4786,13.72266],[100.47865,13.72268],[100.47923,13.72282],[100.47986,13.72297],[100.48071,13.72321],[100.48156,13.72353],[100.48159,13.72348],[100.48213,13.72239],[100.48228,13.72212],[100.48243,13.72194],[100.48258,13.7216],[100.48319,13.72051],[100.48387,13.71926],[100.4843,13.71856],[100.48442,13.71841],[100.48481,13.71779],[100.48481,13.71779]]]}},{"type":"Feature","properties":{"name_th":"สน.ตลิ่งชัน","name_en":"THALING CHAN","type":"สน.","area_km2":28.078},"geometry":{"type":"Polygon","coordinates":[[[100.412,13.80127],[100.41433,13.80106],[100.41518,13.80107],[100.41549,13.80108],[100.41793,13.80087],[100.42159,13.80067],[100.42512,13.80047],[100.42571,13.80042],[100.42862,13.80021],[100.43267,13.80001],[100.43869,13.7995],[100.44468,13.79913],[100.44734,13.79889],[100.45982,13.79798],[100.46309,13.79729],[100.46527,13.79663],[100.46964,13.79465],[100.46988,13.79454],[100.46983,13.79448],[100.46962,13.7942],[100.46918,13.79358],[100.46899,13.79331],[100.46869,13.79289],[100.46855,13.79272],[100.46848,13.79261],[100.46837,13.79244],[100.46818,13.7921],[100.46785,13.79149],[100.46743,13.79074],[100.46726,13.79042],[100.46725,13.7904],[100.46699,13.78964],[100.46681,13.78916],[100.46679,13.78911],[100.46678,13.78909],[100.467,13.78913],[100.46749,13.78925],[100.4677,13.7893],[100.46791,13.78934],[100.46813,13.7894],[100.46835,13.78945],[100.46858,13.7895],[100.46882,13.78955],[100.46891,13.78957],[100.46907,13.78961],[100.47043,13.7899],[100.47082,13.78999],[100.47084,13.78999],[100.47085,13.79],[100.4714,13.79014],[100.4723,13.79037],[100.47267,13.79046],[100.47271,13.79047],[100.47339,13.79069],[100.47375,13.7908],[100.47384,13.79083],[100.47399,13.79089],[100.47461,13.79112],[100.47513,13.79132],[100.47542,13.79141],[100.47563,13.79148],[100.47619,13.79159],[100.47673,13.79172],[100.47686,13.79174],[100.4799,13.79284],[100.48152,13.79353],[100.48197,13.79372],[100.48519,13.79487],[100.48519,13.79485],[100.48522,13.79451],[100.48513,13.79431],[100.48474,13.79381],[100.48377,13.79269],[100.48334,13.79212],[100.48308,13.79174],[100.48292,13.79143],[100.48279,13.79115],[100.48263,13.79084],[100.48244,13.7904],[100.48226,13.79002],[100.4821,13.78971],[100.48198,13.78947],[100.48176,13.78904],[100.48164,13.78894],[100.48164,13.78889],[100.48163,13.7887],[100.4816,13.78862],[100.48135,13.78811],[100.48097,13.78738],[100.48096,13.78724],[100.48071,13.78691],[100.48056,13.78669],[100.48024,13.78633],[100.48012,13.78599],[100.48003,13.7858],[100.47995,13.78568],[100.47966,13.78518],[100.47932,13.7849],[100.47925,13.78481],[100.47905,13.78433],[100.47889,13.78415],[100.47866,13.7838],[100.47847,13.78354],[100.47828,13.78333],[100.47805,13.78285],[100.47793,13.78256],[100.47784,13.78241],[100.47777,13.78222],[100.4777,13.78214],[100.47747,13.7819],[100.47739,13.78172],[100.47714,13.78123],[100.47685,13.78073],[100.47671,13.78058],[100.47653,13.78021],[100.47623,13.77969],[100.47614,13.77953],[100.47581,13.77889],[100.47539,13.77833],[100.47487,13.7774],[100.47476,13.77686],[100.47472,13.77671],[100.47406,13.77591],[100.47374,13.77523],[100.47326,13.7747],[100.47297,13.77448],[100.47278,13.77439],[100.47222,13.77398],[100.47172,13.77371],[100.47117,13.77359],[100.47113,13.77375],[100.47086,13.77511],[100.47073,13.77571],[100.47042,13.77673],[100.47016,13.77753],[100.4699,13.77807],[100.4694,13.77855],[100.46883,13.7791],[100.46772,13.77987],[100.46763,13.77978],[100.46731,13.77947],[100.46681,13.77918],[100.46621,13.77885],[100.46513,13.77875],[100.46425,13.77893],[100.46349,13.77909],[100.46263,13.77925],[100.46198,13.77925],[100.46121,13.77909],[100.46052,13.7788],[100.45956,13.77839],[100.45863,13.77787],[100.45785,13.77738],[100.45781,13.77734],[100.45738,13.77696],[100.45723,13.77682],[100.4568,13.77626],[100.45664,13.776],[100.45646,13.77572],[100.45628,13.77543],[100.45574,13.77451],[100.4552,13.77356],[100.45476,13.77278],[100.45458,13.77223],[100.45418,13.77108],[100.45385,13.76966],[100.45361,13.76824],[100.45349,13.76704],[100.45351,13.76619],[100.45365,13.76511],[100.45384,13.76401],[100.45402,13.76329],[100.45426,13.76276],[100.45465,13.76229],[100.4551,13.76182],[100.4559,13.76109],[100.45654,13.76046],[100.45688,13.76004],[100.45677,13.76001],[100.45497,13.75955],[100.45465,13.75946],[100.45418,13.75945],[100.45384,13.75946],[100.45361,13.75955],[100.45335,13.75965],[100.45302,13.75973],[100.45262,13.75973],[100.45222,13.75959],[100.45188,13.75948],[100.45169,13.75945],[100.45142,13.7595],[100.45126,13.75961],[100.45102,13.75967],[100.45084,13.75959],[100.45084,13.75959],[100.45078,13.7594],[100.45082,13.7592],[100.4509,13.75891],[100.45085,13.75881],[100.45085,13.75881],[100.45058,13.75867],[100.45032,13.7586],[100.44979,13.75861],[100.44914,13.75849],[100.44852,13.75828],[100.44834,13.75826],[100.44822,13.75817],[100.44813,13.7581],[100.4481,13.75808],[100.44805,13.75793],[100.44802,13.75748],[100.44795,13.75728],[100.44795,13.75728],[100.44785,13.75718],[100.44764,13.75713],[100.44718,13.75695],[100.44699,13.75692],[100.44678,13.75703],[100.44661,13.75716],[100.44643,13.75721],[100.44625,13.75723],[100.44586,13.75708],[100.44556,13.75691],[100.44532,13.75677],[100.44519,13.75675],[100.445,13.75675],[100.44462,13.75697],[100.44436,13.75709],[100.44416,13.75707],[100.4439,13.75702],[100.4439,13.75702],[100.44385,13.75698],[100.44377,13.75692],[100.44352,13.7569],[100.44321,13.75691],[100.44308,13.75696],[100.44257,13.75695],[100.44244,13.75689],[100.44221,13.75683],[100.44193,13.75679],[100.44173,13.75683],[100.44144,13.7569],[100.44116,13.75688],[100.44113,13.75685],[100.44103,13.75678],[100.44093,13.75677],[100.44077,13.75682],[100.44066,13.7569],[100.43983,13.75698],[100.43946,13.75699],[100.43926,13.75692],[100.43909,13.75684],[100.43894,13.75674],[100.43872,13.75671],[100.43851,13.7567],[100.4384,13.75678],[100.43832,13.75692],[100.43828,13.75704],[100.43816,13.75704],[100.43782,13.75697],[100.43782,13.75697],[100.43778,13.75692],[100.43778,13.75692],[100.43748,13.75678],[100.43739,13.75682],[100.43714,13.75711],[100.437,13.75717],[100.43684,13.75717],[100.43595,13.75694],[100.43558,13.75691],[100.43532,13.75695],[100.43476,13.75723],[100.43439,13.75727],[100.43406,13.75716],[100.43384,13.75709],[100.43335,13.75708],[100.43282,13.75718],[100.43217,13.75729],[100.43177,13.75734],[100.43046,13.75732],[100.42907,13.75738],[100.42843,13.75745],[100.428,13.75749],[100.42755,13.7575],[100.42717,13.75755],[100.42701,13.75762],[100.42689,13.75757],[100.42653,13.75756],[100.4262,13.75764],[100.4253,13.75767],[100.42429,13.75772],[100.42382,13.75772],[100.42326,13.75783],[100.42291,13.75782],[100.42268,13.75775],[100.42235,13.75776],[100.42194,13.75785],[100.42132,13.75793],[100.42087,13.75797],[100.42002,13.75792],[100.41912,13.75791],[100.41854,13.75796],[100.41756,13.75808],[100.41534,13.75854],[100.41479,13.75865],[100.41433,13.75873],[100.41388,13.7589],[100.41318,13.75895],[100.41224,13.75911],[100.41118,13.75926],[100.41026,13.75943],[100.40969,13.75954],[100.40849,13.7597],[100.40702,13.76002],[100.407,13.76002],[100.40652,13.7601],[100.40653,13.76014],[100.40763,13.76849],[100.40912,13.77969],[100.40928,13.78029],[100.40931,13.78041],[100.40943,13.78077],[100.40957,13.7875],[100.4096,13.78892],[100.4103,13.79644],[100.41076,13.80131],[100.41077,13.80138],[100.412,13.80127]]]}},{"type":"Feature","properties":{"name_th":"สน.ทองหล่อ","name_en":"THONG LOR","type":"สน.","area_km2":9.578},"geometry":{"type":"Polygon","coordinates":[[[100.59029,13.74224],[100.58885,13.73795],[100.58756,13.73412],[100.58561,13.72818],[100.58549,13.72766],[100.58466,13.72434],[100.58465,13.7243],[100.58461,13.72236],[100.5846,13.72167],[100.58458,13.72077],[100.58452,13.72012],[100.58452,13.7201],[100.58502,13.71973],[100.58454,13.71602],[100.58397,13.7118],[100.58308,13.71103],[100.58221,13.71033],[100.58197,13.71048],[100.58145,13.71078],[100.58107,13.71097],[100.58056,13.71118],[100.58001,13.7114],[100.57931,13.71171],[100.57876,13.71194],[100.57784,13.71234],[100.57722,13.71261],[100.57721,13.71261],[100.57584,13.7132],[100.5757,13.71326],[100.57533,13.71342],[100.57505,13.71319],[100.57374,13.7136],[100.56911,13.71559],[100.56603,13.71685],[100.56196,13.71855],[100.56181,13.71876],[100.56125,13.71901],[100.5611,13.71919],[100.56047,13.71946],[100.5603,13.71952],[100.5604,13.71978],[100.55902,13.72039],[100.55999,13.72308],[100.56026,13.72416],[100.56034,13.72504],[100.56026,13.72592],[100.55974,13.72984],[100.55966,13.73125],[100.55965,13.73264],[100.55975,13.7331],[100.55991,13.73359],[100.56034,13.73428],[100.56076,13.73492],[100.56091,13.73523],[100.56107,13.73583],[100.56115,13.73635],[100.5612,13.73661],[100.56139,13.73762],[100.5618,13.73935],[100.56208,13.74294],[100.56216,13.74354],[100.56288,13.74671],[100.5631,13.74771],[100.56438,13.74762],[100.56482,13.74756],[100.56611,13.74727],[100.56723,13.74701],[100.56878,13.74673],[100.56982,13.74654],[100.57063,13.74637],[100.57076,13.74635],[100.57175,13.74622],[100.57235,13.74614],[100.57289,13.746],[100.57317,13.74588],[100.57395,13.74562],[100.57477,13.74552],[100.57609,13.74536],[100.57683,13.74519],[100.57759,13.74504],[100.57847,13.74487],[100.57941,13.74462],[100.5802,13.74447],[100.58116,13.74425],[100.5821,13.74403],[100.58292,13.74382],[100.58418,13.74346],[100.58561,13.74317],[100.58659,13.74298],[100.58773,13.74275],[100.58908,13.74248],[100.59029,13.74224]]]}},{"type":"Feature","properties":{"name_th":"สน.ทุ่งครุ","name_en":"THUNG KHRU","type":"สน.","area_km2":19.191},"geometry":{"type":"Polygon","coordinates":[[[100.49197,13.63364],[100.49254,13.63306],[100.49272,13.63271],[100.49418,13.632],[100.49515,13.63162],[100.49571,13.63136],[100.49593,13.63142],[100.49621,13.63137],[100.49676,13.6312],[100.4978,13.63132],[100.49819,13.63162],[100.49859,13.63173],[100.49883,13.63167],[100.49914,13.63134],[100.49926,13.63134],[100.49984,13.63152],[100.50004,13.63171],[100.50068,13.63214],[100.50116,13.63222],[100.50121,13.6326],[100.50109,13.63298],[100.501,13.6331],[100.50093,13.63341],[100.50099,13.63372],[100.50109,13.63395],[100.50101,13.63442],[100.50104,13.63454],[100.50138,13.6347],[100.50187,13.63474],[100.50209,13.63491],[100.50257,13.63519],[100.50339,13.63534],[100.50403,13.63536],[100.50433,13.63549],[100.50449,13.63566],[100.50482,13.63588],[100.5054,13.63617],[100.50554,13.6362],[100.50585,13.63641],[100.50616,13.63648],[100.50647,13.63632],[100.50655,13.63607],[100.50699,13.63556],[100.5074,13.63534],[100.50807,13.63505],[100.50852,13.63468],[100.50868,13.63466],[100.50899,13.63489],[100.50907,13.63505],[100.50955,13.63545],[100.51013,13.636],[100.51027,13.63607],[100.5108,13.63616],[100.51093,13.63626],[100.51125,13.63636],[100.51181,13.63636],[100.51224,13.63626],[100.51292,13.63593],[100.51312,13.63591],[100.5134,13.63569],[100.51403,13.63554],[100.51427,13.63556],[100.51458,13.63572],[100.51503,13.63614],[100.5153,13.63627],[100.51657,13.63652],[100.51857,13.63612],[100.51846,13.63531],[100.5183,13.63511],[100.51806,13.63499],[100.51786,13.63446],[100.5171,13.63278],[100.51654,13.63188],[100.51621,13.63131],[100.51574,13.63081],[100.51492,13.63001],[100.51491,13.62949],[100.51498,13.62916],[100.51479,13.62897],[100.51447,13.62888],[100.51427,13.62861],[100.51425,13.62847],[100.51435,13.62803],[100.51434,13.62757],[100.51449,13.62727],[100.515,13.62665],[100.51505,13.62636],[100.51504,13.6258],[100.5151,13.62575],[100.51507,13.62514],[100.51507,13.62473],[100.51495,13.62441],[100.51498,13.6243],[100.51528,13.62374],[100.51538,13.62363],[100.51554,13.62273],[100.51557,13.62229],[100.51578,13.62186],[100.51577,13.62153],[100.51565,13.62115],[100.51601,13.62047],[100.51626,13.61971],[100.51632,13.61916],[100.51647,13.61872],[100.51645,13.61836],[100.51615,13.61803],[100.5161,13.61783],[100.51618,13.61764],[100.5164,13.61729],[100.51648,13.61715],[100.51655,13.61686],[100.51663,13.6165],[100.51675,13.61617],[100.51678,13.61585],[100.51676,13.61547],[100.51672,13.61515],[100.51663,13.61477],[100.51664,13.61467],[100.51689,13.6141],[100.5169,13.61406],[100.51689,13.61398],[100.51678,13.61361],[100.51664,13.61334],[100.51647,13.61308],[100.51638,13.61296],[100.51638,13.61276],[100.51644,13.61262],[100.51658,13.61252],[100.51674,13.61241],[100.51684,13.61231],[100.51705,13.6121],[100.51712,13.61208],[100.5172,13.61209],[100.51763,13.61229],[100.51769,13.6122],[100.51797,13.61186],[100.5181,13.61172],[100.5182,13.6116],[100.51825,13.61149],[100.51824,13.61145],[100.51824,13.61145],[100.51823,13.61142],[100.51815,13.61133],[100.51802,13.61113],[100.51796,13.61104],[100.51796,13.61099],[100.51806,13.61091],[100.51834,13.61077],[100.51857,13.61055],[100.51865,13.61038],[100.51874,13.61019],[100.51891,13.61006],[100.5192,13.60998],[100.5195,13.60996],[100.5196,13.60991],[100.5197,13.60973],[100.51986,13.60944],[100.51997,13.60926],[100.52007,13.60918],[100.52027,13.60912],[100.52036,13.60903],[100.5204,13.60891],[100.52039,13.60868],[100.52041,13.60831],[100.52046,13.60777],[100.52052,13.60738],[100.52083,13.60624],[100.52101,13.6056],[100.52102,13.60511],[100.5199,13.60496],[100.51857,13.60444],[100.51774,13.60414],[100.51693,13.60387],[100.51614,13.60346],[100.51532,13.6032],[100.51414,13.60267],[100.51383,13.60259],[100.51356,13.60225],[100.51287,13.60116],[100.51282,13.60105],[100.51259,13.60007],[100.51165,13.59733],[100.5115,13.59684],[100.51139,13.59683],[100.50994,13.59717],[100.50981,13.59724],[100.50955,13.59725],[100.50829,13.59755],[100.50771,13.59767],[100.50722,13.59747],[100.50682,13.59744],[100.50654,13.59749],[100.50611,13.59769],[100.5059,13.59774],[100.50555,13.59765],[100.50491,13.59769],[100.50457,13.59767],[100.50418,13.59754],[100.50287,13.59654],[100.50236,13.59638],[100.5021,13.59626],[100.50175,13.59599],[100.50133,13.59582],[100.50075,13.59567],[100.50045,13.59544],[100.50031,13.59543],[100.4998,13.59557],[100.4996,13.59557],[100.49944,13.59518],[100.49925,13.59491],[100.49916,13.59428],[100.49916,13.594],[100.49923,13.59382],[100.49897,13.59286],[100.49898,13.59256],[100.4991,13.59211],[100.49899,13.59185],[100.49862,13.5912],[100.49823,13.5908],[100.49793,13.59053],[100.4977,13.59027],[100.4969,13.58914],[100.49614,13.5883],[100.496,13.5882],[100.49533,13.5879],[100.49475,13.58767],[100.49458,13.58765],[100.49424,13.5878],[100.49394,13.58776],[100.49366,13.58732],[100.49345,13.58722],[100.49235,13.58701],[100.49223,13.58697],[100.49196,13.58665],[100.49123,13.5862],[100.49079,13.58666],[100.49051,13.58729],[100.49007,13.58768],[100.48976,13.58814],[100.48968,13.58835],[100.48941,13.58855],[100.4888,13.58916],[100.48847,13.58952],[100.48831,13.58961],[100.48778,13.58965],[100.48704,13.59013],[100.48664,13.59037],[100.48575,13.59079],[100.48487,13.59116],[100.48426,13.59148],[100.48361,13.59194],[100.48325,13.59211],[100.48275,13.59228],[100.48219,13.59252],[100.48182,13.59285],[100.48165,13.59323],[100.48162,13.59413],[100.48128,13.59535],[100.48095,13.5966],[100.48092,13.59729],[100.48076,13.59792],[100.48065,13.59809],[100.48042,13.59827],[100.48008,13.5983],[100.47975,13.59824],[100.47889,13.59823],[100.47857,13.59828],[100.47834,13.59839],[100.47787,13.59876],[100.47723,13.59908],[100.47696,13.59935],[100.47695,13.59977],[100.47776,13.60168],[100.47779,13.60187],[100.47773,13.60213],[100.47734,13.60262],[100.47695,13.603],[100.47681,13.60336],[100.47679,13.60372],[100.47685,13.60399],[100.47717,13.60448],[100.47776,13.60512],[100.47825,13.60576],[100.47836,13.60576],[100.47869,13.60559],[100.47895,13.60556],[100.47932,13.60576],[100.47951,13.60596],[100.4796,13.60625],[100.47947,13.60734],[100.47966,13.60779],[100.47994,13.60825],[100.48026,13.60856],[100.48055,13.60892],[100.48077,13.6094],[100.48079,13.60974],[100.48076,13.61009],[100.48083,13.61021],[100.48092,13.61065],[100.48106,13.61114],[100.48109,13.61149],[100.4815,13.61223],[100.48159,13.61244],[100.48163,13.61279],[100.48157,13.61333],[100.4815,13.6137],[100.48147,13.61409],[100.48155,13.61497],[100.48151,13.61565],[100.4813,13.61619],[100.48067,13.61702],[100.4804,13.61745],[100.47987,13.61791],[100.47973,13.61798],[100.47925,13.61797],[100.47884,13.61801],[100.47861,13.61823],[100.47856,13.61873],[100.4786,13.619],[100.47857,13.61946],[100.47836,13.61973],[100.47822,13.61981],[100.47776,13.61989],[100.47727,13.61986],[100.47674,13.61988],[100.4763,13.61998],[100.4754,13.62081],[100.47517,13.62104],[100.47466,13.6214],[100.47428,13.6218],[100.47409,13.62248],[100.47382,13.62284],[100.47321,13.62332],[100.47264,13.62359],[100.47222,13.6239],[100.47211,13.62405],[100.47205,13.62435],[100.47207,13.62488],[100.47226,13.62527],[100.47303,13.62598],[100.47315,13.6263],[100.47352,13.6268],[100.47408,13.6272],[100.47434,13.62731],[100.47442,13.62748],[100.4744,13.62782],[100.47412,13.62829],[100.47404,13.62877],[100.47412,13.62893],[100.47443,13.62919],[100.47468,13.62931],[100.47515,13.62945],[100.47549,13.62966],[100.47571,13.63021],[100.47568,13.63094],[100.47561,13.63122],[100.47544,13.6316],[100.47509,13.63213],[100.47506,13.63254],[100.47508,13.63314],[100.47504,13.63403],[100.47493,13.63467],[100.47479,13.63532],[100.47608,13.63532],[100.47684,13.63546],[100.47742,13.63531],[100.47855,13.63522],[100.47959,13.63531],[100.47991,13.63527],[100.48032,13.63505],[100.48078,13.63463],[100.48106,13.63468],[100.48154,13.6352],[100.48277,13.63647],[100.48302,13.63654],[100.48413,13.63622],[100.48458,13.63639],[100.48579,13.63668],[100.48596,13.63657],[100.48646,13.63611],[100.48661,13.63614],[100.48682,13.63654],[100.48706,13.63659],[100.48752,13.63644],[100.48794,13.63588],[100.48795,13.63575],[100.48815,13.63555],[100.4884,13.63544],[100.48878,13.63555],[100.48917,13.6358],[100.48935,13.63603],[100.48949,13.63606],[100.48992,13.63601],[100.49015,13.63586],[100.49043,13.63507],[100.49082,13.63444],[100.49119,13.63413],[100.4915,13.63383],[100.49179,13.63367],[100.49197,13.63364]]]}},{"type":"Feature","properties":{"name_th":"สน.ทุ่งมหาเมฆ","name_en":"THUNG MAHAMEK","type":"สน.","area_km2":10.317},"geometry":{"type":"Polygon","coordinates":[[[100.55902,13.72039],[100.5604,13.71978],[100.5603,13.71952],[100.56047,13.71946],[100.5611,13.71919],[100.56125,13.71901],[100.56181,13.71876],[100.56196,13.71855],[100.56603,13.71685],[100.56911,13.71559],[100.57374,13.7136],[100.57505,13.71319],[100.57533,13.71342],[100.5757,13.71326],[100.57584,13.7132],[100.57721,13.71261],[100.57722,13.71261],[100.57784,13.71234],[100.57876,13.71194],[100.57931,13.71171],[100.58001,13.7114],[100.58056,13.71118],[100.58107,13.71097],[100.58145,13.71078],[100.58197,13.71048],[100.58221,13.71033],[100.58279,13.70999],[100.5836,13.70954],[100.58476,13.7089],[100.58551,13.70847],[100.58692,13.70768],[100.58722,13.70746],[100.58749,13.70725],[100.58788,13.70672],[100.58824,13.70619],[100.58844,13.70581],[100.58858,13.70545],[100.58872,13.70514],[100.58872,13.70514],[100.5867,13.70463],[100.58596,13.70444],[100.58417,13.704],[100.58269,13.70364],[100.58137,13.70334],[100.58128,13.7033],[100.58128,13.7033],[100.58127,13.70322],[100.58139,13.7026],[100.58178,13.70069],[100.58168,13.70051],[100.5802,13.70133],[100.57369,13.7041],[100.56549,13.70671],[100.56235,13.70725],[100.56021,13.70743],[100.55841,13.70731],[100.55645,13.70694],[100.55418,13.70605],[100.55408,13.70602],[100.55232,13.70472],[100.55074,13.70268],[100.54976,13.70017],[100.54962,13.69863],[100.54948,13.69654],[100.54962,13.69497],[100.54723,13.6954],[100.54618,13.69581],[100.54467,13.69701],[100.54317,13.69855],[100.54181,13.70032],[100.54139,13.70091],[100.5408,13.70172],[100.54,13.70294],[100.53981,13.70323],[100.53975,13.70334],[100.53837,13.70595],[100.53769,13.70717],[100.53641,13.7097],[100.53529,13.71189],[100.53301,13.71649],[100.53255,13.71741],[100.53034,13.72188],[100.53023,13.7221],[100.52809,13.72636],[100.52808,13.72639],[100.53321,13.72824],[100.53539,13.72902],[100.53643,13.7294],[100.53647,13.72948],[100.53653,13.7296],[100.53659,13.72972],[100.53665,13.72969],[100.54112,13.72781],[100.54374,13.72672],[100.54573,13.7259],[100.54968,13.72423],[100.55221,13.72319],[100.55289,13.72291],[100.55409,13.7224],[100.55902,13.72039]]]}},{"type":"Feature","properties":{"name_th":"สน.ทุ่งสองห้อง","name_en":"THUNG SONG HONG","type":"สน.","area_km2":22.862},"geometry":{"type":"Polygon","coordinates":[[[100.59473,13.88763],[100.59464,13.8875],[100.59449,13.88733],[100.59423,13.88706],[100.59381,13.88658],[100.59328,13.88598],[100.59275,13.88538],[100.5921,13.88469],[100.59137,13.88389],[100.59071,13.88314],[100.59035,13.88274],[100.59009,13.88247],[100.58978,13.88212],[100.58932,13.88158],[100.58908,13.88128],[100.5886,13.88058],[100.58829,13.88003],[100.58811,13.87947],[100.588,13.87879],[100.58792,13.87807],[100.58787,13.87721],[100.58777,13.87569],[100.5877,13.87485],[100.5876,13.87331],[100.58756,13.87316],[100.58748,13.872],[100.58746,13.87149],[100.58741,13.87102],[100.58737,13.87056],[100.5873,13.86956],[100.58724,13.86894],[100.58716,13.86773],[100.5871,13.86692],[100.58706,13.86663],[100.587,13.8659],[100.58696,13.86554],[100.5869,13.86479],[100.58686,13.86407],[100.58682,13.86336],[100.58665,13.86144],[100.58657,13.86083],[100.58648,13.85927],[100.58642,13.85903],[100.58638,13.8589],[100.58607,13.8587],[100.58607,13.8587],[100.58578,13.85848],[100.58553,13.85841],[100.58474,13.8583],[100.58423,13.85828],[100.58393,13.85824],[100.58381,13.85817],[100.58361,13.85801],[100.5836,13.858],[100.58337,13.85793],[100.58194,13.85795],[100.58143,13.85796],[100.58005,13.85775],[100.57899,13.85768],[100.57807,13.85751],[100.57773,13.85746],[100.57746,13.85744],[100.57656,13.85744],[100.57584,13.85739],[100.57532,13.85722],[100.57454,13.85702],[100.57407,13.85699],[100.57374,13.85701],[100.57319,13.85689],[100.5726,13.85661],[100.57058,13.85638],[100.56976,13.85638],[100.5693,13.85643],[100.56889,13.85636],[100.56746,13.85605],[100.56653,13.85585],[100.56606,13.8556],[100.56548,13.85541],[100.56515,13.85542],[100.56515,13.85542],[100.56423,13.85373],[100.561,13.84772],[100.55965,13.84848],[100.55814,13.84934],[100.55464,13.85133],[100.55259,13.85248],[100.55254,13.85251],[100.5489,13.85451],[100.54735,13.85545],[100.54644,13.85587],[100.54589,13.85603],[100.54531,13.85611],[100.54921,13.8726],[100.55041,13.87769],[100.55079,13.87929],[100.55206,13.88463],[100.55206,13.88467],[100.55207,13.88476],[100.55207,13.88481],[100.55208,13.88489],[100.5521,13.88496],[100.55211,13.88503],[100.55228,13.88577],[100.55263,13.88729],[100.5545,13.89525],[100.5558,13.90077],[100.55711,13.90633],[100.55903,13.91443],[100.55903,13.91443],[100.55972,13.91428],[100.56163,13.91385],[100.56178,13.91376],[100.56315,13.91339],[100.56408,13.9127],[100.56425,13.91257],[100.56553,13.91161],[100.56669,13.91066],[100.56797,13.90929],[100.5693,13.90842],[100.56944,13.90836],[100.56964,13.90824],[100.57096,13.90746],[100.57204,13.90682],[100.57221,13.90672],[100.57224,13.9067],[100.57398,13.90568],[100.5741,13.9055],[100.57759,13.90438],[100.57932,13.90384],[100.57944,13.90367],[100.5813,13.90268],[100.58639,13.89998],[100.58653,13.8999],[100.58758,13.89935],[100.58756,13.89932],[100.58627,13.897],[100.58589,13.8962],[100.58471,13.89414],[100.58375,13.89227],[100.5828,13.89066],[100.58286,13.89066],[100.58341,13.89064],[100.58365,13.8906],[100.58431,13.89048],[100.58456,13.89038],[100.58472,13.89032],[100.58536,13.89025],[100.58536,13.89025],[100.58561,13.89022],[100.5863,13.8901],[100.5864,13.89007],[100.58675,13.88999],[100.58678,13.88999],[100.58681,13.88996],[100.58684,13.88994],[100.58688,13.88992],[100.58694,13.88983],[100.58695,13.88982],[100.58698,13.88978],[100.58704,13.88972],[100.58716,13.88964],[100.58727,13.88961],[100.58727,13.88961],[100.58728,13.88961],[100.58729,13.88961],[100.58732,13.8896],[100.58734,13.8896],[100.58736,13.88959],[100.5874,13.88958],[100.5875,13.88956],[100.58762,13.8895],[100.58769,13.88947],[100.58774,13.88945],[100.58777,13.88943],[100.58793,13.88937],[100.58793,13.88937],[100.58793,13.88937],[100.58793,13.88937],[100.58794,13.88937],[100.58794,13.88937],[100.58794,13.88937],[100.58794,13.88937],[100.58795,13.88937],[100.58795,13.88937],[100.58795,13.88937],[100.58796,13.88937],[100.58796,13.88937],[100.58796,13.88936],[100.58798,13.88936],[100.588,13.88936],[100.58805,13.88935],[100.58809,13.88935],[100.58813,13.88935],[100.58818,13.88935],[100.58822,13.88936],[100.58826,13.88936],[100.58827,13.88936],[100.58828,13.88936],[100.58829,13.88937],[100.5883,13.88938],[100.58831,13.88938],[100.58832,13.88939],[100.58834,13.88939],[100.58835,13.8894],[100.58836,13.8894],[100.58837,13.88941],[100.58838,13.88941],[100.5884,13.88942],[100.58842,13.88943],[100.58843,13.88943],[100.58844,13.88943],[100.58845,13.88944],[100.58847,13.88945],[100.5885,13.88947],[100.58853,13.88948],[100.58855,13.88949],[100.58858,13.88951],[100.58859,13.88951],[100.58862,13.88952],[100.58865,13.88953],[100.58867,13.88954],[100.58869,13.88955],[100.58872,13.88955],[100.58874,13.88956],[100.58874,13.88956],[100.58876,13.88957],[100.58879,13.88956],[100.58879,13.88956],[100.5888,13.88956],[100.58881,13.88957],[100.58882,13.88957],[100.58884,13.88957],[100.58884,13.88957],[100.58885,13.88957],[100.58886,13.88956],[100.58887,13.88956],[100.5889,13.88956],[100.58895,13.88954],[100.58905,13.88952],[100.58909,13.88951],[100.58915,13.8895],[100.58924,13.88949],[100.58933,13.88948],[100.58939,13.88947],[100.58945,13.88946],[100.58953,13.88944],[100.58958,13.88942],[100.58959,13.88942],[100.5896,13.88942],[100.58961,13.88942],[100.58962,13.88942],[100.58963,13.88942],[100.58964,13.88942],[100.58965,13.88942],[100.58969,13.88942],[100.58975,13.88941],[100.58979,13.88941],[100.58982,13.8894],[100.58986,13.88939],[100.58993,13.88938],[100.59004,13.88935],[100.59006,13.88935],[100.5901,13.88934],[100.59016,13.88932],[100.59029,13.88929],[100.59043,13.88926],[100.59056,13.88921],[100.59082,13.88912],[100.59108,13.88904],[100.59132,13.88896],[100.59135,13.88895],[100.59141,13.88893],[100.59161,13.88887],[100.59188,13.88878],[100.59215,13.88868],[100.59238,13.88858],[100.59269,13.88846],[100.59276,13.88844],[100.59295,13.88836],[100.59322,13.88826],[100.59349,13.88815],[100.59376,13.88804],[100.59404,13.88792],[100.5943,13.88781],[100.5943,13.88781],[100.59456,13.8877],[100.59458,13.88769],[100.59473,13.88763]]]}},{"type":"Feature","properties":{"name_th":"สน.ท่าข้าม","name_en":"THA KHAM","type":"สน.","area_km2":39.507},"geometry":{"type":"Polygon","coordinates":[[[100.43781,13.62407],[100.43675,13.62416],[100.43628,13.62365],[100.43531,13.62461],[100.4352,13.62492],[100.4349,13.62622],[100.43454,13.628],[100.43418,13.62971],[100.43315,13.6296],[100.43306,13.62964],[100.43222,13.63043],[100.43196,13.63053],[100.4312,13.63067],[100.43014,13.63153],[100.4299,13.63168],[100.42512,13.63401],[100.42481,13.63406],[100.42278,13.63419],[100.4205,13.63454],[100.4199,13.63503],[100.41862,13.63724],[100.41762,13.63856],[100.4166,13.63979],[100.41538,13.64069],[100.41524,13.64087],[100.41434,13.64229],[100.41329,13.64409],[100.41065,13.64204],[100.41039,13.64234],[100.40927,13.64437],[100.40891,13.6447],[100.40736,13.6474],[100.40539,13.65074],[100.40498,13.65174],[100.40472,13.6528],[100.40465,13.65375],[100.40489,13.65761],[100.40558,13.65801],[100.40711,13.65896],[100.40924,13.66016],[100.41159,13.66153],[100.4134,13.66257],[100.4179,13.66527],[100.42003,13.66649],[100.42101,13.66713],[100.42204,13.6676],[100.42253,13.66788],[100.42351,13.66837],[100.42425,13.66897],[100.42511,13.66939],[100.42848,13.67127],[100.42965,13.67198],[100.42976,13.6721],[100.4305,13.67252],[100.43134,13.67292],[100.4323,13.67359],[100.43257,13.67383],[100.43324,13.67409],[100.43393,13.67455],[100.4348,13.67495],[100.43534,13.67526],[100.43679,13.676],[100.43737,13.67624],[100.43761,13.67648],[100.43863,13.67689],[100.43934,13.67754],[100.43993,13.6776],[100.44045,13.67806],[100.44092,13.6782],[100.4414,13.67844],[100.44207,13.67867],[100.44231,13.67882],[100.44336,13.6796],[100.44349,13.67963],[100.44403,13.67945],[100.44433,13.67958],[100.44456,13.6798],[100.44472,13.68017],[100.44494,13.68023],[100.44535,13.67994],[100.44549,13.67999],[100.44567,13.68046],[100.44566,13.68082],[100.4459,13.681],[100.4465,13.68061],[100.4467,13.68091],[100.44687,13.68098],[100.44715,13.68091],[100.44741,13.68066],[100.44776,13.68081],[100.44755,13.68141],[100.4476,13.68146],[100.44841,13.68168],[100.44861,13.68164],[100.44843,13.68038],[100.44843,13.67932],[100.4485,13.67883],[100.44881,13.67783],[100.44899,13.6775],[100.44902,13.67601],[100.44886,13.67578],[100.44881,13.67534],[100.44873,13.67528],[100.44853,13.67412],[100.4485,13.67358],[100.44861,13.67301],[100.44884,13.67255],[100.44873,13.6721],[100.44782,13.67133],[100.44769,13.67102],[100.44693,13.66779],[100.44702,13.66712],[100.45254,13.67045],[100.4542,13.6715],[100.45646,13.67285],[100.45932,13.67455],[100.45939,13.67457],[100.46421,13.67751],[100.46439,13.67672],[100.46436,13.6762],[100.46434,13.6742],[100.46425,13.67278],[100.4644,13.67106],[100.46721,13.67166],[100.46739,13.67088],[100.46779,13.6695],[100.46827,13.66742],[100.46906,13.66369],[100.46949,13.66206],[100.46993,13.66074],[100.47024,13.65948],[100.47036,13.65852],[100.47068,13.65743],[100.47118,13.65448],[100.47131,13.65395],[100.47167,13.65193],[100.47184,13.65135],[100.47216,13.64982],[100.47221,13.64974],[100.4726,13.64741],[100.47284,13.64604],[100.47294,13.64458],[100.47316,13.64345],[100.47343,13.64137],[100.47348,13.6406],[100.47347,13.63973],[100.4737,13.63896],[100.47399,13.63777],[100.47479,13.63532],[100.47504,13.63403],[100.47508,13.63314],[100.47509,13.63213],[100.47544,13.6316],[100.47568,13.63094],[100.47571,13.63021],[100.47549,13.62966],[100.47515,13.62945],[100.47443,13.62919],[100.47404,13.62877],[100.47412,13.62829],[100.4744,13.62782],[100.47442,13.62748],[100.47434,13.62731],[100.47408,13.6272],[100.47352,13.6268],[100.47315,13.6263],[100.47303,13.62598],[100.47226,13.62527],[100.47207,13.62488],[100.47204,13.62461],[100.47211,13.62405],[100.47264,13.62359],[100.47321,13.62332],[100.47382,13.62284],[100.47409,13.62248],[100.47428,13.6218],[100.47466,13.6214],[100.47517,13.62104],[100.4763,13.61998],[100.47674,13.61988],[100.47776,13.61989],[100.47822,13.61981],[100.47857,13.61946],[100.47856,13.61873],[100.47861,13.61823],[100.47884,13.61801],[100.47973,13.61798],[100.4804,13.61745],[100.48067,13.61702],[100.4813,13.61619],[100.48151,13.61565],[100.48155,13.61497],[100.48147,13.61409],[100.48163,13.61279],[100.4815,13.61223],[100.48109,13.61149],[100.48106,13.61114],[100.48076,13.61009],[100.48077,13.6094],[100.48055,13.60892],[100.47994,13.60825],[100.47966,13.60779],[100.47947,13.60734],[100.4796,13.60625],[100.47944,13.60585],[100.47895,13.60556],[100.47869,13.60559],[100.47836,13.60576],[100.47814,13.60566],[100.47776,13.60512],[100.47717,13.60448],[100.47685,13.60399],[100.47681,13.60336],[100.47695,13.603],[100.47658,13.60247],[100.47638,13.6023],[100.47577,13.60215],[100.47527,13.60187],[100.47492,13.60119],[100.47412,13.60037],[100.47322,13.59923],[100.47305,13.59855],[100.47299,13.59711],[100.47311,13.59632],[100.47368,13.59393],[100.47364,13.59384],[100.47149,13.59322],[100.46971,13.59267],[100.46958,13.59275],[100.4693,13.59373],[100.46907,13.59404],[100.46863,13.59489],[100.4682,13.5954],[100.46767,13.59579],[100.46736,13.59632],[100.4669,13.59683],[100.46673,13.59768],[100.46674,13.59799],[100.46707,13.59826],[100.46711,13.59863],[100.46671,13.59947],[100.46611,13.60031],[100.4659,13.60122],[100.46571,13.60172],[100.46573,13.6028],[100.46579,13.6032],[100.46595,13.60353],[100.46583,13.60395],[100.46541,13.60377],[100.46514,13.60392],[100.46492,13.60454],[100.4644,13.60494],[100.4642,13.60517],[100.46389,13.60587],[100.46353,13.60603],[100.46315,13.60611],[100.4622,13.60573],[100.46198,13.60556],[100.46153,13.60502],[100.46094,13.60503],[100.46022,13.60533],[100.46007,13.60531],[100.45959,13.60492],[100.45928,13.60483],[100.45868,13.60493],[100.45832,13.60478],[100.45804,13.60441],[100.45752,13.60436],[100.45728,13.60458],[100.45699,13.60468],[100.45667,13.60475],[100.45641,13.60484],[100.4562,13.60497],[100.45592,13.60492],[100.45565,13.60525],[100.45476,13.60498],[100.4546,13.60504],[100.45456,13.60532],[100.4544,13.60567],[100.45422,13.6056],[100.45409,13.60594],[100.45376,13.60598],[100.45342,13.60587],[100.45317,13.60591],[100.45305,13.60607],[100.45299,13.60671],[100.45288,13.60708],[100.45236,13.60776],[100.45202,13.60872],[100.45188,13.60936],[100.45164,13.60976],[100.45165,13.61037],[100.45157,13.6106],[100.45129,13.61095],[100.45141,13.61141],[100.45123,13.61183],[100.45116,13.61321],[100.45118,13.61467],[100.45143,13.61507],[100.45131,13.61547],[100.45119,13.61564],[100.45079,13.6157],[100.45057,13.61585],[100.4502,13.61673],[100.45032,13.61726],[100.45009,13.61807],[100.45015,13.61891],[100.45001,13.61969],[100.44999,13.62005],[100.44993,13.6202],[100.44963,13.62043],[100.44967,13.62064],[100.44987,13.62088],[100.45025,13.62115],[100.45029,13.6213],[100.4501,13.62139],[100.44961,13.62124],[100.4494,13.62138],[100.44978,13.62174],[100.45005,13.62183],[100.44998,13.62241],[100.44982,13.62263],[100.44924,13.62224],[100.44906,13.6223],[100.44898,13.62271],[100.44915,13.623],[100.44939,13.62312],[100.44977,13.62312],[100.44966,13.62347],[100.44892,13.62364],[100.44869,13.6239],[100.44863,13.6243],[100.44888,13.62457],[100.4494,13.62451],[100.4493,13.62503],[100.44912,13.62514],[100.44866,13.62506],[100.44864,13.62536],[100.44905,13.62552],[100.44916,13.62569],[100.44873,13.62626],[100.44884,13.6266],[100.44885,13.62697],[100.44873,13.62718],[100.44845,13.62703],[100.4482,13.62719],[100.44825,13.62774],[100.44839,13.62792],[100.44857,13.62792],[100.44869,13.62805],[100.44867,13.62834],[100.44865,13.62863],[100.44859,13.62892],[100.44858,13.62919],[100.44857,13.62941],[100.4485,13.62955],[100.44838,13.62966],[100.44837,13.62967],[100.44833,13.62975],[100.44825,13.62989],[100.44828,13.63019],[100.44828,13.63046],[100.44827,13.63052],[100.44808,13.63115],[100.44796,13.63152],[100.44773,13.63179],[100.44737,13.63185],[100.44681,13.63149],[100.4467,13.63112],[100.44673,13.63066],[100.44707,13.63008],[100.44696,13.6298],[100.44663,13.62969],[100.44619,13.62976],[100.44559,13.63008],[100.44547,13.63007],[100.44521,13.62943],[100.44493,13.62899],[100.44398,13.62891],[100.44365,13.62902],[100.44343,13.62924],[100.4432,13.62944],[100.44272,13.62935],[100.44252,13.62915],[100.4424,13.62873],[100.44224,13.62847],[100.442,13.6283],[100.44172,13.62823],[100.44074,13.62823],[100.44022,13.62801],[100.43993,13.62756],[100.43983,13.62689],[100.44003,13.62623],[100.44034,13.62561],[100.44029,13.62509],[100.44005,13.62466],[100.43961,13.6242],[100.43892,13.62381],[100.43833,13.62382],[100.43781,13.62407]]]}},{"type":"Feature","properties":{"name_th":"สน.ท่าพระ","name_en":"THA PHRA","type":"สน.","area_km2":2.766},"geometry":{"type":"Polygon","coordinates":[[[100.48568,13.72762],[100.48567,13.72761],[100.48545,13.72708],[100.48516,13.72635],[100.48486,13.72579],[100.48474,13.72551],[100.48465,13.72521],[100.48457,13.72494],[100.4844,13.72475],[100.48403,13.7245],[100.48348,13.72424],[100.48256,13.72392],[100.4816,13.72354],[100.48156,13.72353],[100.48071,13.72321],[100.47986,13.72297],[100.47923,13.72282],[100.47865,13.72268],[100.4786,13.72266],[100.47839,13.72261],[100.47784,13.72253],[100.47723,13.72247],[100.47656,13.7224],[100.47552,13.72237],[100.47392,13.72244],[100.47318,13.72253],[100.47257,13.72262],[100.47235,13.72266],[100.47191,13.72268],[100.47163,13.72264],[100.47154,13.72262],[100.47144,13.7226],[100.47125,13.72265],[100.47118,13.72268],[100.47078,13.72288],[100.47059,13.72297],[100.47001,13.72334],[100.46975,13.7235],[100.46945,13.72365],[100.46901,13.72387],[100.46814,13.72437],[100.46774,13.72467],[100.46744,13.72498],[100.46728,13.72514],[100.46716,13.72526],[100.46714,13.72529],[100.46691,13.72579],[100.46656,13.72623],[100.46632,13.72655],[100.46607,13.7269],[100.46572,13.72738],[100.46566,13.72745],[100.46546,13.72773],[100.46521,13.72807],[100.46501,13.72851],[100.46471,13.72915],[100.46417,13.73011],[100.46374,13.73085],[100.46348,13.73125],[100.46344,13.73133],[100.46317,13.73177],[100.4628,13.73241],[100.46261,13.73318],[100.46257,13.73376],[100.46256,13.7339],[100.46255,13.73394],[100.46246,13.73415],[100.46228,13.73459],[100.4622,13.73479],[100.4622,13.73488],[100.46215,13.73577],[100.46215,13.7358],[100.46239,13.7358],[100.46287,13.73577],[100.46378,13.73577],[100.46397,13.7358],[100.46474,13.73579],[100.46498,13.73581],[100.46522,13.73584],[100.46564,13.73584],[100.46696,13.73595],[100.46775,13.73606],[100.46915,13.73626],[100.47089,13.73669],[100.47113,13.73677],[100.47219,13.73701],[100.47277,13.73717],[100.4728,13.73709],[100.47323,13.73722],[100.47371,13.73734],[100.47386,13.73741],[100.47397,13.73751],[100.47417,13.7377],[100.47451,13.73777],[100.4747,13.73786],[100.47502,13.73792],[100.47526,13.73816],[100.47549,13.7387],[100.47566,13.73864],[100.47584,13.73859],[100.47598,13.73857],[100.47619,13.73857],[100.47623,13.73859],[100.47628,13.7386],[100.47634,13.7386],[100.47652,13.73858],[100.47661,13.73859],[100.47678,13.73863],[100.47699,13.73807],[100.47739,13.73699],[100.47754,13.73658],[100.47763,13.7364],[100.47772,13.73614],[100.47775,13.73611],[100.47796,13.73552],[100.47813,13.73507],[100.47838,13.73439],[100.47863,13.73378],[100.47898,13.73291],[100.47918,13.73251],[100.47942,13.73209],[100.47964,13.73174],[100.4798,13.73135],[100.48001,13.73112],[100.48018,13.731],[100.48031,13.73089],[100.48033,13.73084],[100.48047,13.73068],[100.48062,13.7305],[100.48079,13.73036],[100.48102,13.73015],[100.48125,13.72995],[100.48144,13.72976],[100.48166,13.72959],[100.48189,13.72951],[100.48227,13.72911],[100.48253,13.72875],[100.48291,13.7283],[100.48327,13.7281],[100.4834,13.72798],[100.48568,13.72762]]]}},{"type":"Feature","properties":{"name_th":"สน.ธรรมศาลา","name_en":"THOMMA SALA","type":"สน.","area_km2":34.566},"geometry":{"type":"Polygon","coordinates":[[[100.37268,13.80261],[100.37493,13.8025],[100.37768,13.80249],[100.38087,13.80231],[100.38451,13.80222],[100.38974,13.80204],[100.39256,13.80197],[100.39523,13.80192],[100.39823,13.80184],[100.39845,13.80183],[100.39878,13.80183],[100.40272,13.80174],[100.40393,13.80171],[100.41077,13.80138],[100.41076,13.80131],[100.4103,13.79644],[100.4096,13.78892],[100.40957,13.7875],[100.40943,13.78077],[100.40931,13.78041],[100.40928,13.78029],[100.40912,13.77969],[100.40763,13.76849],[100.40653,13.76014],[100.40652,13.7601],[100.40652,13.76008],[100.40646,13.76009],[100.40616,13.76016],[100.40544,13.76037],[100.40466,13.76055],[100.40424,13.76068],[100.40346,13.76092],[100.40282,13.76106],[100.40234,13.76113],[100.40126,13.76142],[100.39986,13.76175],[100.39916,13.76186],[100.39714,13.76234],[100.39591,13.76266],[100.3951,13.76279],[100.39468,13.76285],[100.39392,13.76301],[100.39268,13.7633],[100.3919,13.76348],[100.38995,13.7638],[100.38734,13.76434],[100.38595,13.76465],[100.38144,13.76557],[100.37671,13.76644],[100.37489,13.76687],[100.37348,13.76715],[100.36966,13.768],[100.36692,13.76852],[100.36388,13.76869],[100.35992,13.76879],[100.35921,13.76884],[100.35388,13.76922],[100.35367,13.76911],[100.35323,13.76837],[100.35299,13.76817],[100.34582,13.76661],[100.34549,13.76649],[100.34385,13.76615],[100.3425,13.76585],[100.34091,13.76544],[100.34046,13.76533],[100.34011,13.76527],[100.33981,13.76523],[100.33941,13.76518],[100.33896,13.76515],[100.33869,13.7651],[100.33783,13.76484],[100.33589,13.76485],[100.33566,13.76485],[100.33536,13.7648],[100.33494,13.7647],[100.33464,13.76461],[100.33442,13.76453],[100.33421,13.76445],[100.33369,13.76417],[100.33338,13.76406],[100.33305,13.764],[100.33222,13.764],[100.33206,13.76401],[100.33193,13.76405],[100.3318,13.7641],[100.33159,13.7642],[100.33069,13.76472],[100.33021,13.76498],[100.33006,13.76504],[100.33005,13.76504],[100.33008,13.76547],[100.33011,13.76574],[100.33011,13.76586],[100.33014,13.7668],[100.33022,13.76773],[100.33023,13.76789],[100.33024,13.76812],[100.33029,13.76891],[100.33041,13.77052],[100.33044,13.77085],[100.33053,13.77184],[100.33057,13.77359],[100.33075,13.77459],[100.33113,13.77671],[100.33144,13.77782],[100.33197,13.77921],[100.33314,13.78117],[100.33334,13.78155],[100.33351,13.78316],[100.33357,13.78421],[100.33293,13.78653],[100.33236,13.78839],[100.33155,13.79139],[100.33055,13.79484],[100.33001,13.7968],[100.32937,13.7991],[100.32906,13.80236],[100.32796,13.80406],[100.32891,13.80409],[100.32909,13.80407],[100.3299,13.80403],[100.33147,13.80399],[100.33196,13.80395],[100.33316,13.80384],[100.33354,13.80382],[100.33373,13.8038],[100.33397,13.80378],[100.33635,13.80369],[100.33873,13.8036],[100.34062,13.80353],[100.34234,13.80346],[100.34427,13.80339],[100.34644,13.80331],[100.34865,13.80323],[100.35081,13.80314],[100.35238,13.80309],[100.36534,13.80271],[100.37268,13.80261]]]}},{"type":"Feature","properties":{"name_th":"สน.นางเลิ้ง","name_en":"NANG LOENG","type":"สน.","area_km2":2.198},"geometry":{"type":"Polygon","coordinates":[[[100.50682,13.76656],[100.50715,13.7662],[100.50759,13.76572],[100.50826,13.76499],[100.50902,13.76417],[100.50934,13.76381],[100.50991,13.76332],[100.51135,13.76185],[100.51206,13.76113],[100.51327,13.76331],[100.51507,13.76657],[100.51523,13.7665],[100.51934,13.76465],[100.52321,13.76291],[100.52313,13.76271],[100.52123,13.75804],[100.52089,13.75719],[100.52013,13.75533],[100.51904,13.75266],[100.519,13.75258],[100.51813,13.75283],[100.51742,13.75301],[100.51711,13.75308],[100.51649,13.75322],[100.51348,13.75385],[100.51161,13.7543],[100.51036,13.75447],[100.50948,13.75467],[100.50943,13.75468],[100.50938,13.75469],[100.50855,13.75475],[100.50819,13.75483],[100.50644,13.75537],[100.50604,13.75553],[100.50603,13.75554],[100.50557,13.75626],[100.50525,13.75617],[100.50484,13.75626],[100.50241,13.75675],[100.50237,13.75688],[100.50231,13.75701],[100.50223,13.75709],[100.50215,13.75716],[100.50204,13.75722],[100.50196,13.75725],[100.50248,13.75943],[100.50278,13.75994],[100.50432,13.76252],[100.50574,13.76491],[100.50655,13.76628],[100.5067,13.76655],[100.50675,13.76663],[100.50682,13.76656]]]}},{"type":"Feature","properties":{"name_th":"สน.นิมิตรใหม่","name_en":"NIMIT MAI","type":"สน.","area_km2":68.34},"geometry":{"type":"Polygon","coordinates":[[[100.79248,13.9315],[100.79245,13.92923],[100.79245,13.92764],[100.79244,13.92556],[100.79241,13.92264],[100.79238,13.92061],[100.79237,13.91865],[100.79236,13.91622],[100.79236,13.91426],[100.7923,13.91163],[100.79219,13.90904],[100.79221,13.90845],[100.79226,13.90801],[100.79223,13.90745],[100.79219,13.90641],[100.79223,13.90606],[100.79223,13.90543],[100.79222,13.90461],[100.79224,13.9045],[100.79231,13.90419],[100.79232,13.90271],[100.79232,13.90262],[100.79224,13.90236],[100.79226,13.90227],[100.79231,13.90168],[100.79232,13.90159],[100.79232,13.90157],[100.79232,13.90153],[100.79232,13.90153],[100.79232,13.90153],[100.79232,13.90153],[100.79232,13.90152],[100.79232,13.90152],[100.79232,13.90141],[100.79232,13.90141],[100.79232,13.90136],[100.79232,13.9013],[100.79231,13.90105],[100.79226,13.89943],[100.79221,13.89909],[100.7922,13.89741],[100.79228,13.89733],[100.79237,13.89726],[100.79244,13.89724],[100.7926,13.89722],[100.7928,13.8971],[100.79286,13.89684],[100.79284,13.89657],[100.79283,13.89641],[100.79283,13.89609],[100.79284,13.89545],[100.7929,13.89406],[100.79319,13.89381],[100.79506,13.89373],[100.79549,13.89356],[100.79592,13.89321],[100.79593,13.8932],[100.79595,13.89319],[100.79622,13.89306],[100.79649,13.89291],[100.79684,13.89279],[100.79733,13.89251],[100.79823,13.89235],[100.79825,13.89235],[100.79825,13.89235],[100.79806,13.89208],[100.79797,13.89164],[100.79794,13.89147],[100.79789,13.89126],[100.79777,13.89115],[100.79766,13.8911],[100.79753,13.89103],[100.7972,13.89101],[100.79717,13.891],[100.79653,13.89094],[100.79626,13.8909],[100.79623,13.89089],[100.79606,13.89085],[100.79594,13.89072],[100.79589,13.89066],[100.79584,13.89061],[100.79578,13.89027],[100.79576,13.89017],[100.79575,13.89015],[100.79548,13.88967],[100.79521,13.88941],[100.79509,13.88928],[100.79506,13.88919],[100.79491,13.88883],[100.79489,13.88877],[100.79488,13.88865],[100.79487,13.88849],[100.79482,13.88797],[100.79478,13.88764],[100.79472,13.88737],[100.79471,13.88733],[100.7947,13.88728],[100.79466,13.88718],[100.79445,13.88675],[100.79442,13.8867],[100.79419,13.88639],[100.79404,13.88624],[100.79391,13.8862],[100.79376,13.88616],[100.79356,13.88613],[100.79324,13.88608],[100.79309,13.88603],[100.7929,13.88594],[100.79278,13.88583],[100.79276,13.88577],[100.79273,13.88569],[100.79269,13.88561],[100.79267,13.88556],[100.79266,13.88546],[100.79265,13.88542],[100.79264,13.8853],[100.79263,13.88521],[100.79263,13.88518],[100.79263,13.88507],[100.79262,13.88492],[100.79247,13.8843],[100.79246,13.88428],[100.79246,13.88428],[100.79227,13.88396],[100.79197,13.88366],[100.79197,13.88366],[100.79162,13.88322],[100.79095,13.88207],[100.79075,13.88182],[100.79049,13.88167],[100.7901,13.88127],[100.78921,13.88108],[100.789,13.88096],[100.78868,13.8806],[100.78867,13.8806],[100.78848,13.88039],[100.78848,13.88039],[100.78828,13.88026],[100.78828,13.88024],[100.78829,13.88003],[100.78829,13.88001],[100.78825,13.87987],[100.78819,13.87972],[100.78818,13.8797],[100.78811,13.87961],[100.78803,13.8795],[100.78799,13.87947],[100.78794,13.87943],[100.78793,13.87939],[100.78792,13.87932],[100.78795,13.87925],[100.78798,13.87921],[100.78795,13.87908],[100.78795,13.87905],[100.7879,13.87904],[100.78776,13.87901],[100.7877,13.87892],[100.78773,13.87884],[100.78774,13.8788],[100.79295,13.86421],[100.79326,13.8634],[100.79361,13.86257],[100.79406,13.8615],[100.79441,13.86069],[100.79462,13.86014],[100.79499,13.8593],[100.79532,13.85856],[100.79581,13.85745],[100.79615,13.85669],[100.7965,13.85587],[100.79677,13.85528],[100.79713,13.85454],[100.79741,13.85396],[100.79777,13.8532],[100.79807,13.85256],[100.79841,13.85175],[100.79879,13.8509],[100.79598,13.84949],[100.79385,13.84837],[100.78888,13.84566],[100.78785,13.84777],[100.78692,13.84966],[100.78592,13.85161],[100.78506,13.85344],[100.78495,13.85348],[100.78451,13.85339],[100.78413,13.85323],[100.7838,13.85304],[100.78358,13.85304],[100.78344,13.85324],[100.78326,13.85368],[100.78314,13.85414],[100.78196,13.85377],[100.7798,13.85308],[100.779,13.85271],[100.77823,13.85225],[100.7775,13.85176],[100.77698,13.85135],[100.77661,13.85102],[100.77608,13.85068],[100.77575,13.85043],[100.77538,13.85079],[100.77507,13.85118],[100.77495,13.85141],[100.77452,13.85303],[100.77427,13.85358],[100.77399,13.85415],[100.7738,13.85478],[100.77347,13.85543],[100.77319,13.85597],[100.77276,13.85683],[100.77274,13.85694],[100.77246,13.85699],[100.77189,13.85705],[100.77078,13.85729],[100.77049,13.85732],[100.77007,13.85723],[100.76861,13.857],[100.76734,13.85679],[100.76708,13.85682],[100.76688,13.85675],[100.76605,13.85578],[100.76522,13.85483],[100.76508,13.85474],[100.76491,13.85494],[100.76469,13.85528],[100.76466,13.8555],[100.76466,13.85554],[100.76466,13.85571],[100.76467,13.8559],[100.76462,13.85635],[100.76457,13.85677],[100.76441,13.85734],[100.76429,13.85759],[100.76424,13.8577],[100.76406,13.85802],[100.76373,13.85861],[100.76341,13.85918],[100.76328,13.85944],[100.76317,13.85981],[100.76287,13.86021],[100.76264,13.86062],[100.76258,13.86082],[100.76251,13.86104],[100.76194,13.86219],[100.76177,13.86269],[100.76166,13.86329],[100.7616,13.86366],[100.7615,13.86398],[100.76139,13.86416],[100.76125,13.86458],[100.76065,13.86431],[100.75929,13.86362],[100.75839,13.86316],[100.75713,13.86243],[100.75596,13.86186],[100.75504,13.86135],[100.7538,13.8608],[100.75357,13.86058],[100.75283,13.8602],[100.75223,13.86002],[100.75135,13.85952],[100.75054,13.85915],[100.74916,13.85842],[100.74836,13.85807],[100.7447,13.85624],[100.74375,13.85578],[100.74277,13.85535],[100.742,13.85491],[100.73921,13.85358],[100.73863,13.85335],[100.73785,13.85296],[100.73696,13.85244],[100.73641,13.85219],[100.73593,13.85196],[100.73522,13.85167],[100.73448,13.85127],[100.73337,13.85065],[100.73252,13.8503],[100.73216,13.85008],[100.73164,13.8499],[100.73019,13.84915],[100.72959,13.84893],[100.72944,13.84879],[100.72934,13.8487],[100.72729,13.84765],[100.72675,13.84743],[100.72639,13.84739],[100.72542,13.84727],[100.72082,13.84675],[100.71852,13.84645],[100.71695,13.84628],[100.71586,13.84619],[100.71497,13.84609],[100.71382,13.84602],[100.71294,13.84587],[100.71288,13.8479],[100.71283,13.84872],[100.71274,13.85009],[100.71268,13.85194],[100.71264,13.8534],[100.71296,13.86294],[100.71319,13.87012],[100.71368,13.879],[100.71382,13.88665],[100.71383,13.89365],[100.71379,13.89416],[100.71394,13.89418],[100.7139,13.89452],[100.71382,13.89463],[100.71375,13.89576],[100.7136,13.89797],[100.71359,13.89835],[100.71364,13.89853],[100.71389,13.89874],[100.71467,13.89941],[100.7154,13.9002],[100.71597,13.90132],[100.71613,13.90208],[100.71598,13.90275],[100.7159,13.90288],[100.71583,13.90296],[100.7158,13.90315],[100.71581,13.90342],[100.71587,13.90399],[100.71589,13.9047],[100.71594,13.90514],[100.71617,13.90607],[100.7165,13.90711],[100.71679,13.9077],[100.71702,13.90812],[100.71752,13.90876],[100.71864,13.90959],[100.71887,13.90985],[100.7191,13.91021],[100.71916,13.91033],[100.71923,13.91048],[100.71926,13.91061],[100.71928,13.91075],[100.71926,13.91093],[100.7192,13.91109],[100.71909,13.91123],[100.71897,13.91134],[100.71877,13.91148],[100.71839,13.91168],[100.71802,13.9118],[100.71792,13.91181],[100.7177,13.91188],[100.71747,13.91199],[100.71738,13.91205],[100.71734,13.91209],[100.71731,13.91212],[100.7173,13.91216],[100.71731,13.91219],[100.71732,13.91225],[100.71734,13.91233],[100.71734,13.91258],[100.71734,13.91283],[100.71732,13.91309],[100.71727,13.91329],[100.71721,13.91393],[100.71711,13.91514],[100.71695,13.9168],[100.71698,13.91701],[100.71696,13.91714],[100.71693,13.91737],[100.7169,13.91801],[100.71663,13.92156],[100.72845,13.92311],[100.7319,13.92355],[100.74802,13.92561],[100.75779,13.92686],[100.79129,13.93114],[100.79139,13.93115],[100.79147,13.93111],[100.79184,13.93121],[100.79198,13.93131],[100.79248,13.9315]]]}},{"type":"Feature","properties":{"name_th":"สน.บวรมงคล","name_en":"BOWON MONGKHON","type":"สน.","area_km2":0.627},"geometry":{"type":"Polygon","coordinates":[[[100.50362,13.78049],[100.50281,13.77916],[100.50219,13.77703],[100.50135,13.77452],[100.50029,13.77235],[100.50026,13.77228],[100.4995,13.77073],[100.49766,13.7678],[100.49582,13.7655],[100.49538,13.76502],[100.4941,13.76362],[100.49161,13.7613],[100.49146,13.76116],[100.4909,13.76187],[100.49024,13.76272],[100.49039,13.76282],[100.49175,13.76383],[100.49313,13.76512],[100.49426,13.76629],[100.49539,13.76809],[100.49643,13.76978],[100.49806,13.77403],[100.49913,13.77673],[100.49969,13.7784],[100.50099,13.78167],[100.50226,13.7811],[100.50362,13.78049]]]}},{"type":"Feature","properties":{"name_th":"สน.บางกอกน้อย","name_en":"BANGKOK NOI","type":"สน.","area_km2":3.578},"geometry":{"type":"Polygon","coordinates":[[[100.48826,13.76074],[100.48818,13.76054],[100.48769,13.75936],[100.48726,13.75783],[100.48696,13.75639],[100.48671,13.75421],[100.48671,13.75177],[100.48692,13.75002],[100.48701,13.74924],[100.48729,13.74795],[100.48712,13.74789],[100.48623,13.74759],[100.48507,13.7472],[100.48476,13.74707],[100.48457,13.74695],[100.48429,13.74687],[100.48428,13.74686],[100.48426,13.74686],[100.48399,13.74678],[100.48344,13.74654],[100.483,13.74637],[100.48224,13.74616],[100.4813,13.74601],[100.48051,13.746],[100.4802,13.74601],[100.48016,13.74602],[100.47977,13.74603],[100.4795,13.74602],[100.47904,13.74608],[100.47873,13.74615],[100.47831,13.74638],[100.47818,13.74643],[100.47806,13.74637],[100.47799,13.74629],[100.47774,13.74559],[100.47748,13.74506],[100.47732,13.74481],[100.47725,13.74466],[100.47715,13.74437],[100.47707,13.74416],[100.47702,13.74414],[100.47672,13.74421],[100.47615,13.74439],[100.47576,13.74456],[100.47557,13.74466],[100.47544,13.74468],[100.47536,13.74466],[100.47529,13.74462],[100.47526,13.74458],[100.47519,13.74447],[100.47512,13.74438],[100.475,13.74428],[100.47486,13.74416],[100.47466,13.74401],[100.47446,13.74387],[100.47415,13.74376],[100.47369,13.74369],[100.47309,13.74358],[100.47252,13.74346],[100.47194,13.74335],[100.47117,13.74322],[100.47082,13.74318],[100.47048,13.74313],[100.47031,13.74486],[100.47021,13.74607],[100.47011,13.74722],[100.47001,13.74843],[100.46991,13.74945],[100.46979,13.7508],[100.46968,13.75197],[100.46958,13.75328],[100.46938,13.75547],[100.46928,13.75662],[100.46922,13.75725],[100.46921,13.75754],[100.46922,13.75786],[100.46927,13.75813],[100.46934,13.75836],[100.46944,13.75862],[100.46958,13.75888],[100.46973,13.75907],[100.47018,13.7596],[100.47121,13.76081],[100.47264,13.76248],[100.47296,13.76287],[100.47297,13.76289],[100.47297,13.76289],[100.47367,13.76371],[100.47457,13.76479],[100.47477,13.76503],[100.47531,13.76564],[100.47535,13.76568],[100.47545,13.7658],[100.47599,13.76536],[100.47778,13.76395],[100.47945,13.76299],[100.48129,13.76219],[100.48287,13.7617],[100.48527,13.76139],[100.48677,13.76131],[100.4877,13.76105],[100.48826,13.76074]]]}},{"type":"Feature","properties":{"name_th":"สน.บางกอกใหญ่","name_en":"BANGKOK YAI","type":"สน.","area_km2":3.46},"geometry":{"type":"Polygon","coordinates":[[[100.49143,13.7418],[100.49048,13.74074],[100.49029,13.74062],[100.49003,13.74032],[100.48966,13.73985],[100.48934,13.73941],[100.48906,13.739],[100.48887,13.73864],[100.48873,13.73836],[100.48856,13.73805],[100.48842,13.73752],[100.48824,13.73706],[100.48811,13.73673],[100.48797,13.73637],[100.48783,13.73607],[100.4878,13.73601],[100.48779,13.736],[100.48765,13.73574],[100.48744,13.73538],[100.48728,13.73506],[100.48719,13.7347],[100.48698,13.73394],[100.48664,13.73318],[100.4864,13.73225],[100.48633,13.73162],[100.48625,13.73087],[100.48622,13.73019],[100.48605,13.72966],[100.48591,13.72902],[100.48584,13.72834],[100.48571,13.72769],[100.48568,13.72762],[100.4834,13.72798],[100.48327,13.7281],[100.48291,13.7283],[100.48253,13.72875],[100.48227,13.72911],[100.48189,13.72951],[100.48166,13.72959],[100.48144,13.72976],[100.48125,13.72995],[100.48102,13.73015],[100.48079,13.73036],[100.48062,13.7305],[100.48047,13.73068],[100.48033,13.73084],[100.48031,13.73089],[100.48018,13.731],[100.48001,13.73112],[100.4798,13.73135],[100.47964,13.73174],[100.47942,13.73209],[100.47918,13.73251],[100.47898,13.73291],[100.47863,13.73378],[100.47838,13.73439],[100.47813,13.73507],[100.47796,13.73552],[100.47775,13.73611],[100.47772,13.73614],[100.47763,13.7364],[100.47754,13.73658],[100.47739,13.73699],[100.47699,13.73807],[100.47678,13.73863],[100.47661,13.73859],[100.47652,13.73858],[100.47634,13.7386],[100.47628,13.7386],[100.47623,13.73859],[100.47619,13.73857],[100.47598,13.73857],[100.47584,13.73859],[100.47566,13.73864],[100.47549,13.7387],[100.47526,13.73816],[100.47502,13.73792],[100.4747,13.73786],[100.47451,13.73777],[100.47417,13.7377],[100.47397,13.73751],[100.47386,13.73741],[100.47371,13.73734],[100.47323,13.73722],[100.4728,13.73709],[100.47277,13.73717],[100.47219,13.73701],[100.47113,13.73677],[100.47089,13.73669],[100.46915,13.73626],[100.46775,13.73606],[100.46696,13.73595],[100.46564,13.73584],[100.46522,13.73584],[100.46498,13.73581],[100.46474,13.73579],[100.46397,13.7358],[100.46378,13.73577],[100.46287,13.73577],[100.46239,13.7358],[100.46215,13.7358],[100.46203,13.73668],[100.46191,13.73713],[100.4619,13.73718],[100.46187,13.73728],[100.46181,13.73765],[100.46173,13.73805],[100.46164,13.73853],[100.46162,13.73899],[100.46159,13.7396],[100.46158,13.73967],[100.46161,13.74019],[100.46162,13.74067],[100.46162,13.7408],[100.46161,13.74115],[100.46159,13.74155],[100.4616,13.74188],[100.4616,13.74196],[100.46162,13.74218],[100.46168,13.7429],[100.4617,13.74301],[100.46181,13.74359],[100.46183,13.74369],[100.46196,13.74417],[100.462,13.74434],[100.46202,13.74443],[100.46202,13.74443],[100.46215,13.74445],[100.46253,13.74437],[100.46306,13.74421],[100.4637,13.7438],[100.46424,13.74349],[100.46508,13.74329],[100.46607,13.74311],[100.46677,13.74302],[100.46763,13.743],[100.46871,13.74305],[100.46977,13.74311],[100.47046,13.74313],[100.47048,13.74313],[100.47082,13.74318],[100.47117,13.74322],[100.47194,13.74335],[100.47252,13.74346],[100.47309,13.74358],[100.47369,13.74369],[100.47415,13.74376],[100.47446,13.74387],[100.47466,13.74401],[100.47486,13.74416],[100.475,13.74428],[100.47512,13.74438],[100.47519,13.74447],[100.47526,13.74458],[100.47529,13.74462],[100.47536,13.74466],[100.47544,13.74468],[100.47557,13.74466],[100.47576,13.74456],[100.47615,13.74439],[100.47672,13.74421],[100.47702,13.74414],[100.47707,13.74416],[100.47715,13.74437],[100.47725,13.74466],[100.47732,13.74481],[100.47748,13.74506],[100.47774,13.74559],[100.47799,13.74629],[100.47806,13.74637],[100.47818,13.74643],[100.47831,13.74638],[100.47873,13.74615],[100.47904,13.74608],[100.4795,13.74602],[100.47977,13.74603],[100.48016,13.74602],[100.4802,13.74601],[100.48051,13.746],[100.4813,13.74601],[100.48224,13.74616],[100.483,13.74637],[100.48344,13.74654],[100.48399,13.74678],[100.48426,13.74686],[100.48428,13.74686],[100.48429,13.74687],[100.48457,13.74695],[100.48476,13.74707],[100.48507,13.7472],[100.48623,13.74759],[100.48712,13.74789],[100.48729,13.74795],[100.4873,13.74789],[100.48731,13.74785],[100.48757,13.74736],[100.48819,13.74625],[100.48889,13.74533],[100.49016,13.74365],[100.49126,13.7421],[100.49143,13.7418]]]}},{"type":"Feature","properties":{"name_th":"สน.บางขุนนนท์","name_en":"BANG KHUNNON","type":"สน.","area_km2":5.654},"geometry":{"type":"Polygon","coordinates":[[[100.47117,13.77359],[100.47137,13.77276],[100.47193,13.7708],[100.47278,13.76902],[100.47386,13.76768],[100.47452,13.76675],[100.47524,13.76598],[100.47545,13.7658],[100.47535,13.76568],[100.47531,13.76564],[100.47477,13.76503],[100.47457,13.76479],[100.47367,13.76371],[100.47297,13.76289],[100.47297,13.76289],[100.47296,13.76287],[100.47264,13.76248],[100.47121,13.76081],[100.47018,13.7596],[100.46973,13.75907],[100.46958,13.75888],[100.46944,13.75862],[100.46934,13.75836],[100.46927,13.75813],[100.46922,13.75786],[100.46921,13.75754],[100.46922,13.75725],[100.46928,13.75662],[100.46938,13.75547],[100.46958,13.75328],[100.46968,13.75197],[100.46979,13.7508],[100.46991,13.74945],[100.47001,13.74843],[100.47011,13.74722],[100.47021,13.74607],[100.47031,13.74486],[100.47048,13.74313],[100.47046,13.74313],[100.46977,13.74311],[100.46871,13.74305],[100.46763,13.743],[100.46677,13.74302],[100.46607,13.74311],[100.46508,13.74329],[100.46424,13.74349],[100.4637,13.7438],[100.46306,13.74421],[100.46253,13.74437],[100.46215,13.74445],[100.46214,13.74478],[100.46215,13.74566],[100.46219,13.74657],[100.46226,13.74738],[100.46236,13.7481],[100.46245,13.74868],[100.46243,13.74929],[100.4623,13.74991],[100.46216,13.75065],[100.462,13.75138],[100.46178,13.75199],[100.46145,13.75268],[100.46092,13.75345],[100.46054,13.75417],[100.46019,13.75489],[100.45968,13.75573],[100.45919,13.75653],[100.45879,13.75717],[100.45853,13.75759],[100.45814,13.75818],[100.45747,13.75935],[100.45704,13.75982],[100.45688,13.76004],[100.45654,13.76046],[100.4559,13.76109],[100.4551,13.76182],[100.45465,13.76229],[100.45426,13.76276],[100.45402,13.76329],[100.45384,13.76401],[100.45365,13.76511],[100.45351,13.76619],[100.45349,13.76704],[100.45361,13.76824],[100.45385,13.76966],[100.45418,13.77108],[100.45458,13.77223],[100.45476,13.77278],[100.4552,13.77356],[100.45574,13.77451],[100.45628,13.77543],[100.45646,13.77572],[100.45664,13.776],[100.4568,13.77626],[100.45723,13.77682],[100.45738,13.77696],[100.45781,13.77734],[100.45785,13.77738],[100.45863,13.77787],[100.45956,13.77839],[100.46052,13.7788],[100.46121,13.77909],[100.46198,13.77925],[100.46263,13.77925],[100.46349,13.77909],[100.46425,13.77893],[100.46513,13.77875],[100.46621,13.77885],[100.46681,13.77918],[100.46731,13.77947],[100.46763,13.77978],[100.46772,13.77987],[100.46883,13.7791],[100.4694,13.77855],[100.4699,13.77807],[100.47016,13.77753],[100.47042,13.77673],[100.47073,13.77571],[100.47086,13.77511],[100.47113,13.77375],[100.47117,13.77359]]]}},{"type":"Feature","properties":{"name_th":"สน.บางขุนเทียน","name_en":"BANG KHUN THIAN","type":"สน.","area_km2":21.816},"geometry":{"type":"Polygon","coordinates":[[[100.47163,13.72264],[100.47163,13.72263],[100.47161,13.722],[100.47159,13.72173],[100.4716,13.72145],[100.47151,13.72119],[100.47137,13.72092],[100.47123,13.72073],[100.4711,13.72053],[100.47095,13.72032],[100.47069,13.71998],[100.47032,13.71941],[100.4701,13.71919],[100.4697,13.7186],[100.46945,13.71823],[100.46925,13.71783],[100.46921,13.71771],[100.46916,13.71757],[100.4691,13.71738],[100.4691,13.71726],[100.46913,13.71651],[100.46921,13.71603],[100.46921,13.7159],[100.46921,13.71589],[100.46917,13.71549],[100.46917,13.71507],[100.46898,13.71419],[100.46891,13.71388],[100.46886,13.71357],[100.46886,13.71352],[100.46884,13.71321],[100.46877,13.71296],[100.46868,13.71272],[100.46855,13.71244],[100.46855,13.71243],[100.46853,13.71239],[100.46853,13.71239],[100.46854,13.71238],[100.46873,13.7123],[100.4689,13.71223],[100.46895,13.71222],[100.46924,13.71211],[100.46936,13.71206],[100.4694,13.71202],[100.47012,13.7117],[100.47062,13.71148],[100.47081,13.71138],[100.47145,13.7111],[100.47188,13.7109],[100.47198,13.71058],[100.47285,13.71067],[100.47288,13.71054],[100.47322,13.71058],[100.47392,13.71072],[100.47405,13.71074],[100.47431,13.71077],[100.47466,13.71083],[100.47513,13.7109],[100.47546,13.71096],[100.47567,13.711],[100.47639,13.7112],[100.4764,13.71118],[100.4764,13.71118],[100.47655,13.71063],[100.47663,13.71027],[100.47666,13.71016],[100.47666,13.71012],[100.4769,13.70959],[100.47697,13.70939],[100.47701,13.70924],[100.47704,13.70911],[100.47705,13.70901],[100.47702,13.7089],[100.47698,13.70877],[100.47699,13.70861],[100.47713,13.7082],[100.47728,13.70776],[100.47743,13.70721],[100.4775,13.70684],[100.4776,13.70635],[100.47761,13.70632],[100.47761,13.7063],[100.47772,13.70587],[100.47775,13.70573],[100.47787,13.70522],[100.47791,13.70508],[100.47804,13.70457],[100.47804,13.70454],[100.47813,13.70429],[100.47824,13.70379],[100.47832,13.70339],[100.47849,13.70263],[100.4786,13.70239],[100.47871,13.702],[100.47878,13.70159],[100.47877,13.70152],[100.47877,13.70147],[100.47876,13.70144],[100.47889,13.70092],[100.47898,13.70045],[100.479,13.70039],[100.47903,13.70026],[100.47905,13.70012],[100.47907,13.70001],[100.47912,13.69982],[100.47916,13.69964],[100.4792,13.6995],[100.47924,13.69931],[100.47936,13.69899],[100.47936,13.69875],[100.47942,13.69864],[100.47948,13.6985],[100.47951,13.69806],[100.47954,13.69802],[100.47957,13.69797],[100.47959,13.69795],[100.47984,13.69772],[100.47993,13.69756],[100.48006,13.6972],[100.4802,13.69683],[100.48026,13.69654],[100.48035,13.69643],[100.48041,13.69639],[100.48046,13.69635],[100.48055,13.69629],[100.48066,13.69621],[100.48075,13.69613],[100.48093,13.6959],[100.48101,13.69587],[100.48134,13.69575],[100.48145,13.69571],[100.48206,13.69554],[100.48212,13.69551],[100.48223,13.69545],[100.48233,13.6954],[100.48179,13.69392],[100.48178,13.69391],[100.48136,13.6939],[100.48091,13.69392],[100.48039,13.6941],[100.47704,13.69568],[100.47235,13.69782],[100.47049,13.6987],[100.46965,13.69898],[100.46877,13.69909],[100.46649,13.69904],[100.46383,13.69903],[100.46359,13.69836],[100.46336,13.698],[100.46286,13.69739],[100.46229,13.6968],[100.4618,13.69625],[100.46084,13.69443],[100.46035,13.69361],[100.45959,13.69225],[100.4594,13.69197],[100.45883,13.69115],[100.45864,13.69086],[100.45844,13.69042],[100.45834,13.69006],[100.45817,13.68943],[100.45808,13.68927],[100.45787,13.68905],[100.45742,13.68877],[100.45713,13.68857],[100.45686,13.68824],[100.45655,13.68797],[100.45621,13.68784],[100.45593,13.68777],[100.4556,13.68758],[100.45539,13.68723],[100.45528,13.68675],[100.45511,13.68645],[100.45448,13.68579],[100.45405,13.68543],[100.45355,13.68497],[100.45324,13.68482],[100.45303,13.68478],[100.45224,13.68494],[100.45194,13.68496],[100.45162,13.68484],[100.45127,13.68441],[100.45082,13.68382],[100.4501,13.68307],[100.44914,13.68206],[100.44861,13.68164],[100.4486,13.68165],[100.44841,13.68168],[100.44774,13.6815],[100.4476,13.68146],[100.44759,13.68146],[100.44755,13.68141],[100.44775,13.68097],[100.44776,13.68081],[100.44757,13.68065],[100.44741,13.68066],[100.44715,13.68091],[100.44687,13.68098],[100.4467,13.68091],[100.44659,13.68067],[100.4465,13.68061],[100.44632,13.68069],[100.44607,13.68091],[100.4459,13.681],[100.44575,13.68096],[100.44566,13.68082],[100.44567,13.68046],[100.44559,13.6802],[100.44549,13.67999],[100.44535,13.67994],[100.44522,13.68002],[100.44494,13.68023],[100.44484,13.68023],[100.44472,13.68017],[100.44456,13.6798],[100.44433,13.67958],[100.44403,13.67945],[100.44377,13.67952],[100.44356,13.6796],[100.44349,13.67963],[100.44336,13.6796],[100.44305,13.67936],[100.44231,13.67882],[100.44207,13.67867],[100.4417,13.67853],[100.4414,13.67844],[100.44092,13.6782],[100.44045,13.67806],[100.43993,13.6776],[100.4397,13.67756],[100.43952,13.6776],[100.43934,13.67754],[100.43909,13.67733],[100.43863,13.67689],[100.43839,13.67677],[100.43802,13.67664],[100.43761,13.67648],[100.43737,13.67624],[100.43704,13.67609],[100.43679,13.676],[100.43632,13.67577],[100.436,13.67559],[100.43534,13.67526],[100.4348,13.67495],[100.43429,13.6747],[100.43393,13.67455],[100.43358,13.67431],[100.43324,13.67409],[100.43302,13.67399],[100.43272,13.67386],[100.43257,13.67383],[100.43243,13.67372],[100.4323,13.67359],[100.43211,13.67347],[100.43177,13.67323],[100.43134,13.67292],[100.4305,13.67252],[100.42976,13.6721],[100.42965,13.67198],[100.42848,13.67127],[100.42692,13.67041],[100.42511,13.66939],[100.42425,13.66897],[100.42392,13.66872],[100.42351,13.66837],[100.42253,13.66788],[100.42204,13.6676],[100.42101,13.66713],[100.42003,13.66649],[100.41931,13.66608],[100.4179,13.66527],[100.41643,13.66439],[100.41526,13.66369],[100.4134,13.66257],[100.41159,13.66153],[100.40924,13.66016],[100.40711,13.65896],[100.40558,13.65801],[100.40489,13.65761],[100.40522,13.66269],[100.40591,13.67237],[100.40613,13.67597],[100.4068,13.67636],[100.40758,13.67674],[100.40866,13.67727],[100.40939,13.67765],[100.41084,13.67841],[100.4122,13.67913],[100.41302,13.67958],[100.4141,13.68004],[100.4148,13.68041],[100.41529,13.68065],[100.41573,13.68089],[100.41725,13.68164],[100.41826,13.68215],[100.4192,13.68267],[100.41926,13.6827],[100.41973,13.68296],[100.42101,13.68361],[100.42126,13.68376],[100.42204,13.6842],[100.4222,13.6843],[100.42251,13.6845],[100.42253,13.68452],[100.42274,13.68469],[100.42314,13.68485],[100.42342,13.68505],[100.42383,13.68529],[100.4243,13.68553],[100.42459,13.68564],[100.42499,13.68593],[100.42537,13.68616],[100.42604,13.68654],[100.42658,13.68689],[100.42777,13.68757],[100.42777,13.68759],[100.42748,13.68989],[100.42726,13.69055],[100.42715,13.691],[100.4268,13.69335],[100.42677,13.69356],[100.42676,13.69389],[100.42666,13.69456],[100.42662,13.69501],[100.42657,13.69568],[100.42652,13.69671],[100.42654,13.69697],[100.42652,13.69769],[100.42651,13.69815],[100.42659,13.69857],[100.42664,13.69904],[100.42665,13.69934],[100.42665,13.69964],[100.42662,13.69989],[100.42661,13.70011],[100.42657,13.70103],[100.42648,13.70233],[100.4264,13.70363],[100.42635,13.70469],[100.42626,13.70675],[100.42623,13.70713],[100.4262,13.70727],[100.42625,13.70729],[100.43216,13.70936],[100.43841,13.71157],[100.44639,13.71437],[100.45419,13.71713],[100.45838,13.71857],[100.45842,13.71858],[100.46439,13.7207],[100.46876,13.72224],[100.47059,13.72297],[100.47078,13.72288],[100.47118,13.72268],[100.47125,13.72265],[100.47144,13.7226],[100.47154,13.72262],[100.47163,13.72264]]]}},{"type":"Feature","properties":{"name_th":"สน.บางคอแหลม","name_en":"BANG KHO HAEM","type":"สน.","area_km2":1.695},"geometry":{"type":"Polygon","coordinates":[[[100.52147,13.67673],[100.52129,13.67653],[100.52041,13.67761],[100.51913,13.67877],[100.51773,13.67994],[100.51628,13.68101],[100.51456,13.68165],[100.51232,13.68254],[100.50983,13.68335],[100.50786,13.68354],[100.50578,13.68389],[100.50541,13.68395],[100.50244,13.68463],[100.49952,13.68529],[100.49714,13.6863],[100.49513,13.68727],[100.49326,13.68868],[100.49141,13.69022],[100.49062,13.69058],[100.49025,13.69105],[100.48966,13.69241],[100.48931,13.69362],[100.48908,13.69481],[100.48907,13.69522],[100.48907,13.69583],[100.48904,13.69703],[100.48914,13.69786],[100.48945,13.69917],[100.49013,13.70063],[100.49067,13.70174],[100.49069,13.70178],[100.49223,13.70085],[100.49333,13.70018],[100.49225,13.6992],[100.49108,13.6978],[100.49086,13.69541],[100.49148,13.69344],[100.49285,13.69186],[100.49544,13.69023],[100.49796,13.6889],[100.50005,13.6882],[100.50043,13.68813],[100.50204,13.68783],[100.50549,13.68751],[100.50875,13.68704],[100.51136,13.68667],[100.51437,13.68606],[100.5165,13.68532],[100.51818,13.68444],[100.51824,13.68441],[100.52003,13.68324],[100.52243,13.68153],[100.52432,13.6799],[100.5229,13.67833],[100.52271,13.67811],[100.52195,13.67726],[100.52147,13.67673]]]}},{"type":"Feature","properties":{"name_th":"สน.บางชัน","name_en":"BANG CHAN","type":"สน.","area_km2":27.589},"geometry":{"type":"Polygon","coordinates":[[[100.6714,13.82163],[100.67124,13.82178],[100.6712,13.82186],[100.67105,13.82226],[100.671,13.82235],[100.67088,13.82251],[100.6708,13.82268],[100.67075,13.82281],[100.67069,13.82304],[100.67065,13.82314],[100.67061,13.82321],[100.67054,13.8233],[100.67042,13.82343],[100.67035,13.82357],[100.67034,13.82362],[100.67102,13.82372],[100.67155,13.82317],[100.67357,13.82493],[100.6741,13.82521],[100.67561,13.8258],[100.67524,13.82616],[100.67482,13.83002],[100.67484,13.83012],[100.67805,13.83304],[100.67837,13.83329],[100.67874,13.83348],[100.68162,13.83447],[100.68371,13.8352],[100.68799,13.83683],[100.68807,13.83652],[100.68819,13.83618],[100.68822,13.83581],[100.68814,13.83562],[100.6878,13.83512],[100.68775,13.83489],[100.68779,13.83461],[100.68805,13.83432],[100.68866,13.83397],[100.68952,13.83328],[100.69008,13.83282],[100.69035,13.8325],[100.69058,13.83202],[100.69069,13.83167],[100.69072,13.83118],[100.69082,13.83096],[100.69095,13.83076],[100.69115,13.8306],[100.69144,13.83044],[100.69179,13.83019],[100.69194,13.82987],[100.69215,13.82937],[100.69246,13.8288],[100.69301,13.82792],[100.69353,13.82706],[100.69389,13.82644],[100.6943,13.82567],[100.69468,13.82482],[100.69493,13.82446],[100.69519,13.82412],[100.6953,13.82366],[100.69536,13.82317],[100.69532,13.82229],[100.69541,13.82186],[100.69557,13.8215],[100.6958,13.8211],[100.69597,13.82089],[100.69613,13.82071],[100.69637,13.82056],[100.69672,13.8204],[100.69685,13.82033],[100.69685,13.8202],[100.69679,13.81946],[100.69669,13.81905],[100.69657,13.81808],[100.69648,13.81727],[100.69649,13.81691],[100.69654,13.81629],[100.69663,13.81553],[100.69674,13.81495],[100.69695,13.81412],[100.69724,13.81329],[100.69751,13.81259],[100.69782,13.81212],[100.69838,13.81149],[100.69949,13.81065],[100.70002,13.81033],[100.7006,13.81004],[100.70137,13.80949],[100.70155,13.80934],[100.70165,13.80918],[100.70179,13.809],[100.70188,13.80876],[100.70193,13.80842],[100.70202,13.80777],[100.70201,13.80731],[100.70197,13.80698],[100.70162,13.80626],[100.70108,13.80538],[100.70063,13.80487],[100.70045,13.80475],[100.7004,13.80468],[100.70042,13.80457],[100.70068,13.80411],[100.70097,13.80367],[100.70113,13.80343],[100.70195,13.8021],[100.70296,13.80055],[100.70376,13.79939],[100.70445,13.79831],[100.70487,13.79762],[100.70591,13.79819],[100.70612,13.7982],[100.70625,13.79803],[100.70871,13.79377],[100.71074,13.79017],[100.71219,13.78767],[100.71341,13.78556],[100.71396,13.78452],[100.71448,13.78359],[100.7148,13.78301],[100.71493,13.7827],[100.71501,13.78244],[100.71517,13.78197],[100.71529,13.78166],[100.71532,13.78151],[100.71534,13.78135],[100.71536,13.78124],[100.71537,13.78097],[100.71538,13.78077],[100.71546,13.7804],[100.71555,13.77993],[100.71564,13.77967],[100.7158,13.77933],[100.71601,13.77879],[100.71618,13.7784],[100.7163,13.77809],[100.71639,13.77788],[100.71648,13.77765],[100.71653,13.7775],[100.7166,13.7773],[100.71662,13.77706],[100.71658,13.77633],[100.71653,13.77582],[100.71649,13.77543],[100.7164,13.77449],[100.71633,13.77292],[100.71629,13.77249],[100.7162,13.77215],[100.71607,13.77176],[100.71583,13.7713],[100.71536,13.77042],[100.71509,13.76998],[100.71454,13.76929],[100.71438,13.76902],[100.71412,13.76851],[100.71387,13.76806],[100.71336,13.76717],[100.71314,13.7668],[100.71297,13.7664],[100.71282,13.76603],[100.7127,13.76574],[100.71263,13.76551],[100.71255,13.76534],[100.71246,13.76517],[100.71206,13.76469],[100.71147,13.76411],[100.71102,13.76351],[100.71039,13.76239],[100.71013,13.76206],[100.70988,13.76185],[100.70962,13.76165],[100.70955,13.76194],[100.70941,13.76286],[100.70927,13.76301],[100.70902,13.76314],[100.70805,13.76333],[100.70774,13.76341],[100.70726,13.76365],[100.70673,13.76393],[100.7065,13.76401],[100.7062,13.76403],[100.70483,13.76387],[100.70461,13.76387],[100.70422,13.76409],[100.70326,13.76455],[100.70273,13.7647],[100.70245,13.76476],[100.70209,13.76471],[100.70182,13.76454],[100.70133,13.76422],[100.70077,13.7642],[100.70035,13.76408],[100.69992,13.76402],[100.69964,13.76374],[100.69939,13.76309],[100.69933,13.76299],[100.6987,13.76236],[100.69828,13.76214],[100.69779,13.76187],[100.69768,13.76172],[100.69754,13.76131],[100.69707,13.76061],[100.69679,13.76029],[100.69661,13.75998],[100.6964,13.75943],[100.69606,13.75848],[100.69577,13.75789],[100.69521,13.7572],[100.69481,13.75624],[100.69432,13.75547],[100.69377,13.75505],[100.69341,13.75492],[100.69275,13.75482],[100.69213,13.75463],[100.69149,13.75431],[100.69093,13.7543],[100.69067,13.7544],[100.69025,13.75454],[100.68974,13.7545],[100.68901,13.75425],[100.68835,13.75389],[100.68789,13.75371],[100.68759,13.75362],[100.68734,13.75362],[100.68707,13.75364],[100.68678,13.75371],[100.6852,13.75418],[100.68428,13.75441],[100.68386,13.75441],[100.68357,13.75436],[100.6833,13.75422],[100.68299,13.75403],[100.68268,13.75396],[100.6824,13.75396],[100.68212,13.75404],[100.68191,13.75413],[100.68095,13.75455],[100.68042,13.75474],[100.68011,13.75483],[100.68001,13.7548],[100.67994,13.75468],[100.67989,13.75433],[100.67959,13.75361],[100.67938,13.75289],[100.67891,13.75205],[100.67648,13.75307],[100.67621,13.75318],[100.67351,13.75442],[100.67297,13.7546],[100.67128,13.75538],[100.67025,13.75586],[100.66994,13.75604],[100.66974,13.75623],[100.66964,13.75645],[100.66964,13.75677],[100.66964,13.75751],[100.6696,13.75885],[100.66947,13.75993],[100.66949,13.76031],[100.66944,13.76115],[100.66939,13.76175],[100.66934,13.76325],[100.66925,13.76363],[100.66922,13.76406],[100.66915,13.76456],[100.66894,13.76541],[100.66886,13.76638],[100.66859,13.76719],[100.66823,13.76794],[100.66756,13.76942],[100.66687,13.77082],[100.66585,13.77291],[100.6653,13.77396],[100.66464,13.77537],[100.66474,13.77542],[100.6657,13.77594],[100.66816,13.77727],[100.6685,13.77745],[100.67109,13.77896],[100.67341,13.78025],[100.67366,13.78038],[100.67605,13.78163],[100.67897,13.78327],[100.68102,13.7844],[100.68436,13.7863],[100.68624,13.78729],[100.68831,13.78838],[100.68824,13.78849],[100.68812,13.78871],[100.68795,13.78916],[100.68798,13.78961],[100.68798,13.78968],[100.68777,13.79018],[100.68769,13.79031],[100.68766,13.79039],[100.68766,13.79049],[100.68767,13.79055],[100.68766,13.79062],[100.6876,13.79065],[100.68741,13.79088],[100.68728,13.79118],[100.68712,13.79147],[100.68683,13.79177],[100.68657,13.79253],[100.68622,13.79303],[100.68568,13.79386],[100.685,13.79497],[100.68457,13.79567],[100.68439,13.79595],[100.6843,13.79605],[100.68421,13.79614],[100.68387,13.79635],[100.68369,13.79652],[100.68344,13.79687],[100.68326,13.79724],[100.68305,13.79751],[100.68249,13.79861],[100.6822,13.79937],[100.68198,13.79984],[100.68146,13.80068],[100.68122,13.80105],[100.68108,13.80163],[100.681,13.80192],[100.68097,13.80207],[100.68093,13.80221],[100.68082,13.80234],[100.68074,13.8024],[100.68066,13.80244],[100.67989,13.8029],[100.67952,13.80316],[100.67932,13.80339],[100.67904,13.80373],[100.67837,13.80476],[100.67807,13.80535],[100.67766,13.80635],[100.67749,13.80676],[100.67737,13.80709],[100.6772,13.80744],[100.67707,13.80775],[100.67648,13.80889],[100.67631,13.80918],[100.67613,13.80952],[100.67597,13.8098],[100.67587,13.80994],[100.67571,13.81008],[100.67547,13.81024],[100.67528,13.81041],[100.67511,13.81059],[100.67503,13.81071],[100.67475,13.81117],[100.67457,13.81147],[100.67433,13.81182],[100.67421,13.81198],[100.67414,13.8121],[100.67412,13.81223],[100.67413,13.81232],[100.67415,13.81243],[100.67426,13.81263],[100.67435,13.81287],[100.67437,13.81299],[100.67437,13.81314],[100.67433,13.81337],[100.67427,13.81363],[100.67425,13.81402],[100.67428,13.81454],[100.67427,13.81474],[100.67423,13.81497],[100.6742,13.81509],[100.67414,13.81526],[100.67411,13.81539],[100.67406,13.81554],[100.67406,13.81567],[100.67404,13.81591],[100.67402,13.81618],[100.67395,13.81632],[100.67393,13.81643],[100.67387,13.81658],[100.67378,13.8168],[100.67372,13.81699],[100.67361,13.81725],[100.67353,13.81738],[100.6735,13.81747],[100.67345,13.81761],[100.67342,13.81776],[100.67338,13.81789],[100.6733,13.81808],[100.67317,13.81833],[100.6731,13.81855],[100.67303,13.81886],[100.673,13.81898],[100.67286,13.81928],[100.67272,13.81966],[100.67266,13.81985],[100.67257,13.82006],[100.67245,13.82032],[100.67218,13.82072],[100.67202,13.82091],[100.67168,13.82134],[100.67147,13.82159],[100.6714,13.82163]]]}},{"type":"Feature","properties":{"name_th":"สน.บางซื่อ","name_en":"BANG SUE","type":"สน.","area_km2":11.648},"geometry":{"type":"Polygon","coordinates":[[[100.55936,13.81204],[100.55977,13.80818],[100.56001,13.80536],[100.56033,13.80244],[100.56077,13.79809],[100.5611,13.79513],[100.56111,13.79506],[100.56119,13.7941],[100.56133,13.793],[100.56139,13.79214],[100.56148,13.79127],[100.56151,13.79054],[100.56151,13.78994],[100.56146,13.78948],[100.56132,13.78881],[100.56117,13.78825],[100.56083,13.78728],[100.5601,13.78589],[100.55932,13.78455],[100.55829,13.78283],[100.55637,13.77946],[100.55581,13.77858],[100.55397,13.77536],[100.55176,13.77125],[100.55085,13.77166],[100.55076,13.77166],[100.55058,13.77155],[100.55035,13.77143],[100.55006,13.77133],[100.54976,13.7713],[100.54946,13.77133],[100.5491,13.77148],[100.5488,13.77172],[100.54734,13.77336],[100.547,13.7737],[100.54661,13.77398],[100.54621,13.77419],[100.54574,13.77434],[100.54513,13.77452],[100.54487,13.77464],[100.54464,13.77473],[100.54402,13.77509],[100.54326,13.77559],[100.54371,13.77683],[100.5426,13.77757],[100.54211,13.7779],[100.54115,13.77664],[100.54102,13.77668],[100.54084,13.77681],[100.5406,13.77699],[100.54004,13.77741],[100.53928,13.778],[100.53905,13.77828],[100.5387,13.77857],[100.53771,13.77915],[100.53762,13.77923],[100.536,13.78031],[100.53468,13.78121],[100.53424,13.7815],[100.53381,13.7817],[100.53415,13.78262],[100.53185,13.78366],[100.53167,13.78373],[100.53165,13.78374],[100.53303,13.78712],[100.53337,13.78795],[100.53519,13.7925],[100.53729,13.79775],[100.53733,13.79785],[100.53943,13.80287],[100.54079,13.80639],[100.54154,13.80828],[100.54227,13.81005],[100.54333,13.81271],[100.54338,13.81285],[100.54373,13.81429],[100.54396,13.81513],[100.54417,13.81568],[100.54438,13.8162],[100.54598,13.81941],[100.54721,13.82196],[100.54805,13.82357],[100.54857,13.82454],[100.55229,13.82263],[100.55316,13.82218],[100.555,13.82125],[100.55828,13.8196],[100.55852,13.81954],[100.55889,13.81624],[100.55936,13.81204],[100.55936,13.81204]]]}},{"type":"Feature","properties":{"name_th":"สน.บางนา","name_en":"BANG NA","type":"สน.","area_km2":19.627},"geometry":{"type":"Polygon","coordinates":[[[100.62688,13.67922],[100.62687,13.67898],[100.62685,13.67834],[100.62686,13.67834],[100.62686,13.67834],[100.63367,13.6781],[100.63368,13.6781],[100.64021,13.67792],[100.64024,13.67792],[100.646,13.6778],[100.64806,13.67775],[100.64954,13.67771],[100.6503,13.67766],[100.65312,13.67737],[100.65811,13.67689],[100.66031,13.67669],[100.66157,13.67659],[100.66195,13.67657],[100.6623,13.67678],[100.66247,13.67701],[100.66308,13.67809],[100.66544,13.67714],[100.6664,13.67671],[100.66703,13.67646],[100.6671,13.67629],[100.66688,13.67543],[100.66692,13.67531],[100.66701,13.67522],[100.66957,13.67419],[100.66966,13.67411],[100.6694,13.67333],[100.66924,13.67299],[100.66917,13.67288],[100.66912,13.67253],[100.66905,13.67219],[100.66897,13.67195],[100.66885,13.67172],[100.66866,13.67153],[100.66848,13.67122],[100.66806,13.67035],[100.66796,13.67017],[100.66796,13.67017],[100.66795,13.67015],[100.66746,13.66953],[100.66741,13.66945],[100.6673,13.66907],[100.66729,13.66901],[100.66726,13.66892],[100.66724,13.66887],[100.66691,13.66829],[100.66636,13.6685],[100.66635,13.6685],[100.66604,13.66874],[100.66588,13.66885],[100.66542,13.66915],[100.66454,13.66975],[100.66334,13.67038],[100.6623,13.67133],[100.66183,13.67134],[100.66108,13.67171],[100.66098,13.67167],[100.66073,13.67128],[100.66017,13.67044],[100.65999,13.67022],[100.65992,13.6702],[100.65988,13.6702],[100.65753,13.67163],[100.65598,13.67217],[100.65563,13.6723],[100.65558,13.67231],[100.65551,13.67232],[100.6555,13.6723],[100.65531,13.67204],[100.6551,13.67157],[100.65502,13.6713],[100.65472,13.67068],[100.65431,13.67002],[100.65398,13.66938],[100.65391,13.66914],[100.65377,13.66895],[100.65373,13.66874],[100.65368,13.66844],[100.65348,13.66791],[100.6533,13.66741],[100.65293,13.66628],[100.65283,13.66596],[100.65248,13.66467],[100.65243,13.6644],[100.65236,13.6642],[100.65231,13.66388],[100.65219,13.66365],[100.65179,13.66281],[100.65177,13.66279],[100.65176,13.66274],[100.65156,13.66216],[100.65128,13.66147],[100.6509,13.66054],[100.65078,13.66018],[100.65076,13.66],[100.65077,13.65977],[100.65078,13.65954],[100.65077,13.65944],[100.65073,13.65934],[100.65066,13.65926],[100.65059,13.6592],[100.65053,13.6592],[100.65018,13.6592],[100.65016,13.65804],[100.65011,13.65744],[100.65011,13.65742],[100.65015,13.65689],[100.65024,13.65589],[100.65031,13.65509],[100.6504,13.65378],[100.65034,13.65226],[100.65034,13.65226],[100.65006,13.65227],[100.64992,13.65228],[100.64986,13.6526],[100.64857,13.6528],[100.64776,13.65294],[100.64705,13.65308],[100.64646,13.65324],[100.6459,13.65341],[100.64546,13.65354],[100.64436,13.65385],[100.64426,13.65389],[100.64426,13.65389],[100.64415,13.65367],[100.64278,13.65384],[100.64278,13.65384],[100.64275,13.65342],[100.64275,13.65342],[100.64269,13.65335],[100.64217,13.65358],[100.64171,13.65378],[100.64113,13.65383],[100.64071,13.65384],[100.6407,13.65384],[100.64065,13.65357],[100.64064,13.65357],[100.6405,13.65355],[100.64024,13.65355],[100.64014,13.65353],[100.64014,13.65353],[100.64011,13.65321],[100.64011,13.65321],[100.63999,13.65318],[100.63979,13.65316],[100.63959,13.65318],[100.63959,13.65318],[100.63932,13.65215],[100.63913,13.6516],[100.63895,13.65108],[100.63892,13.651],[100.63891,13.651],[100.6388,13.65095],[100.63787,13.65159],[100.63787,13.65159],[100.63677,13.64998],[100.63591,13.65014],[100.63491,13.65031],[100.63354,13.65067],[100.63065,13.65153],[100.63091,13.65237],[100.63115,13.65321],[100.63114,13.65323],[100.63112,13.65334],[100.63111,13.65334],[100.6311,13.65334],[100.631,13.65334],[100.63099,13.65334],[100.63041,13.65342],[100.63002,13.6535],[100.62992,13.65355],[100.62997,13.6542],[100.62484,13.65555],[100.62191,13.65756],[100.62147,13.65791],[100.61965,13.65844],[100.61868,13.65873],[100.61908,13.66004],[100.61846,13.66026],[100.6179,13.66048],[100.6179,13.66048],[100.61747,13.65956],[100.61734,13.65933],[100.61734,13.65933],[100.61641,13.65957],[100.61573,13.65978],[100.61628,13.66108],[100.61525,13.66163],[100.61501,13.66174],[100.61498,13.66184],[100.61509,13.66213],[100.61519,13.66238],[100.61419,13.66275],[100.61349,13.66298],[100.61349,13.66298],[100.61335,13.66254],[100.61335,13.66254],[100.61306,13.66264],[100.61305,13.66264],[100.61271,13.66176],[100.61261,13.66152],[100.61257,13.66129],[100.61178,13.65841],[100.61171,13.65818],[100.61157,13.658],[100.61157,13.658],[100.61148,13.65797],[100.61134,13.658],[100.61075,13.65823],[100.61025,13.65839],[100.60862,13.65891],[100.60879,13.65936],[100.60752,13.6596],[100.60801,13.66102],[100.60547,13.66149],[100.60547,13.66149],[100.60522,13.66041],[100.60522,13.66041],[100.60231,13.66049],[100.60231,13.66049],[100.60166,13.65838],[100.60166,13.65838],[100.60046,13.65882],[100.60059,13.65938],[100.60059,13.65938],[100.59877,13.65994],[100.59872,13.65996],[100.59859,13.65998],[100.59859,13.65998],[100.59817,13.66018],[100.59811,13.66021],[100.59781,13.66035],[100.59757,13.66043],[100.59756,13.66043],[100.59669,13.66069],[100.59663,13.66071],[100.59663,13.66073],[100.59668,13.66098],[100.59668,13.66099],[100.59565,13.66127],[100.59587,13.6623],[100.59319,13.66337],[100.59319,13.66337],[100.59319,13.66316],[100.59319,13.66317],[100.59223,13.66352],[100.58905,13.66478],[100.58135,13.66783],[100.58135,13.66784],[100.58123,13.66814],[100.58428,13.67241],[100.58638,13.67526],[100.58699,13.67583],[100.58771,13.67693],[100.58904,13.67915],[100.58974,13.68089],[100.59022,13.68255],[100.59149,13.68227],[100.59181,13.68209],[100.5922,13.68199],[100.59246,13.68199],[100.59274,13.68193],[100.59296,13.68197],[100.59302,13.68198],[100.59307,13.68199],[100.59309,13.68198],[100.59324,13.68192],[100.59342,13.6818],[100.59363,13.68176],[100.59391,13.68171],[100.5944,13.68167],[100.59487,13.6815],[100.59509,13.68148],[100.59519,13.68141],[100.59763,13.68065],[100.5982,13.68046],[100.59865,13.68028],[100.59894,13.68024],[100.59929,13.68008],[100.59943,13.68003],[100.59982,13.68001],[100.59986,13.68001],[100.59991,13.68],[100.60025,13.6799],[100.60038,13.67989],[100.60183,13.68031],[100.60307,13.68065],[100.60464,13.68106],[100.60517,13.68138],[100.60672,13.68229],[100.60687,13.68235],[100.60712,13.68233],[100.60729,13.68223],[100.60729,13.68223],[100.60729,13.68222],[100.60731,13.6822],[100.60733,13.68218],[100.60736,13.68215],[100.6075,13.682],[100.60842,13.68282],[100.60847,13.68287],[100.60847,13.68287],[100.60932,13.68337],[100.60934,13.68339],[100.60939,13.68342],[100.60948,13.68349],[100.60965,13.68362],[100.61004,13.6839],[100.61033,13.68411],[100.61051,13.6842],[100.61055,13.68423],[100.61108,13.68424],[100.61112,13.68424],[100.61965,13.68437],[100.61966,13.68437],[100.62442,13.68445],[100.62447,13.68445],[100.62688,13.67922]]]}},{"type":"Feature","properties":{"name_th":"สน.บางบอน","name_en":"BANG BON","type":"สน.","area_km2":16.249},"geometry":{"type":"Polygon","coordinates":[[[100.35203,13.64032],[100.35202,13.64028],[100.35199,13.64026],[100.35197,13.64025],[100.35132,13.64025],[100.35093,13.64025],[100.35058,13.64026],[100.35031,13.64027],[100.35026,13.64027],[100.35025,13.64036],[100.35024,13.64059],[100.35023,13.6408],[100.35021,13.64096],[100.35009,13.64097],[100.34975,13.64098],[100.34943,13.64099],[100.34906,13.641],[100.34875,13.641],[100.34852,13.64101],[100.34853,13.64116],[100.34854,13.64144],[100.34854,13.64154],[100.34855,13.64172],[100.34855,13.64196],[100.34857,13.64237],[100.34858,13.64275],[100.34859,13.64305],[100.3486,13.64343],[100.34861,13.64373],[100.34851,13.64372],[100.34835,13.64371],[100.34825,13.6437],[100.34813,13.6437],[100.34792,13.64368],[100.34761,13.64366],[100.34736,13.64364],[100.34726,13.6444],[100.34724,13.64456],[100.34722,13.64476],[100.34717,13.64506],[100.34673,13.64498],[100.34603,13.64484],[100.34545,13.64473],[100.34537,13.6452],[100.34522,13.64603],[100.34508,13.64682],[100.34473,13.64893],[100.3447,13.64908],[100.34468,13.64923],[100.34468,13.64923],[100.3449,13.64922],[100.34537,13.64921],[100.34583,13.64919],[100.34632,13.64918],[100.34632,13.64918],[100.34638,13.64957],[100.34641,13.64983],[100.34647,13.6503],[100.34652,13.65073],[100.34658,13.65122],[100.34663,13.65163],[100.34669,13.65221],[100.34685,13.65223],[100.34685,13.65235],[100.34685,13.65241],[100.34685,13.65266],[100.34685,13.65295],[100.34685,13.65344],[100.34685,13.6536],[100.34685,13.65386],[100.34686,13.65398],[100.34686,13.65411],[100.34686,13.65423],[100.34687,13.65436],[100.34687,13.65447],[100.34687,13.65454],[100.34686,13.65484],[100.34685,13.655],[100.34684,13.65536],[100.34684,13.65536],[100.34712,13.65535],[100.34745,13.65534],[100.34762,13.65517],[100.34773,13.6548],[100.34781,13.65475],[100.3483,13.65471],[100.34872,13.65475],[100.34957,13.65509],[100.34976,13.65524],[100.34995,13.65541],[100.35027,13.65573],[100.3511,13.65635],[100.35139,13.65659],[100.35123,13.65691],[100.3511,13.65738],[100.35111,13.65743],[100.35114,13.65745],[100.35145,13.65757],[100.35164,13.65765],[100.35229,13.65784],[100.35245,13.65788],[100.35296,13.6581],[100.3531,13.65821],[100.35332,13.65833],[100.35392,13.65855],[100.35427,13.6587],[100.35457,13.65887],[100.35491,13.6591],[100.3553,13.65934],[100.35561,13.65953],[100.35603,13.65967],[100.35636,13.65979],[100.35654,13.65982],[100.35665,13.65985],[100.35666,13.66003],[100.35667,13.66033],[100.35677,13.66072],[100.35683,13.66088],[100.35689,13.66117],[100.35708,13.6615],[100.35725,13.66159],[100.35754,13.66158],[100.35789,13.66148],[100.35815,13.66142],[100.35843,13.6614],[100.35871,13.66136],[100.35902,13.66124],[100.35938,13.66121],[100.3598,13.66122],[100.36053,13.66123],[100.36063,13.66129],[100.36066,13.6615],[100.36073,13.66164],[100.36119,13.66182],[100.36182,13.66208],[100.36261,13.66242],[100.36377,13.66293],[100.36432,13.66314],[100.36489,13.6634],[100.36512,13.66349],[100.36529,13.66358],[100.36544,13.66362],[100.36584,13.66378],[100.36602,13.66388],[100.36615,13.66394],[100.36625,13.66395],[100.36632,13.66402],[100.36654,13.66411],[100.36681,13.66427],[100.36694,13.66432],[100.36726,13.66442],[100.3676,13.66456],[100.36788,13.6647],[100.36805,13.66479],[100.36825,13.66489],[100.36849,13.66501],[100.36867,13.66507],[100.36893,13.66517],[100.36905,13.66526],[100.36922,13.66531],[100.36946,13.66536],[100.37006,13.66571],[100.37123,13.66622],[100.37173,13.66648],[100.37253,13.6668],[100.37353,13.66719],[100.3741,13.66748],[100.3746,13.66771],[100.37534,13.66804],[100.37553,13.66816],[100.37565,13.66822],[100.37616,13.66843],[100.37647,13.66854],[100.3768,13.6687],[100.37711,13.66876],[100.3777,13.66907],[100.37785,13.66914],[100.37832,13.66936],[100.37878,13.6696],[100.37928,13.6697],[100.37958,13.66989],[100.38001,13.67011],[100.38041,13.67027],[100.3808,13.67047],[100.38124,13.6707],[100.38169,13.67087],[100.38254,13.67126],[100.38284,13.67136],[100.38313,13.67151],[100.38334,13.67165],[100.38353,13.67166],[100.38375,13.67158],[100.38408,13.67148],[100.38482,13.67133],[100.38496,13.67131],[100.38506,13.67125],[100.38514,13.67119],[100.38527,13.67113],[100.38541,13.6711],[100.38607,13.67092],[100.38641,13.67087],[100.38682,13.67064],[100.38733,13.67044],[100.38744,13.67034],[100.38759,13.66997],[100.38802,13.66897],[100.38836,13.66799],[100.38893,13.66813],[100.3895,13.66835],[100.39001,13.66852],[100.39013,13.66853],[100.39066,13.66866],[100.39192,13.66871],[100.39235,13.66885],[100.39274,13.66895],[100.3932,13.66918],[100.39358,13.66934],[100.39401,13.66963],[100.39438,13.66997],[100.3948,13.67029],[100.3952,13.67048],[100.39562,13.67065],[100.39602,13.67089],[100.39632,13.67102],[100.39743,13.67158],[100.39787,13.67184],[100.39897,13.67241],[100.40064,13.67321],[100.40163,13.67368],[100.40191,13.67385],[100.40215,13.67395],[100.40241,13.67411],[100.40256,13.67414],[100.40266,13.67418],[100.40279,13.67425],[100.40287,13.67432],[100.40289,13.67436],[100.4048,13.67533],[100.40525,13.6756],[100.40613,13.67597],[100.40591,13.67237],[100.40522,13.66269],[100.40489,13.65761],[100.40425,13.65723],[100.40346,13.65675],[100.40226,13.65599],[100.40119,13.65538],[100.40023,13.65487],[100.39942,13.6544],[100.39887,13.6541],[100.39867,13.65399],[100.39842,13.65387],[100.39822,13.65374],[100.39796,13.65353],[100.39777,13.65329],[100.39753,13.65307],[100.39725,13.65282],[100.39677,13.65267],[100.39604,13.65242],[100.39473,13.65173],[100.39372,13.65116],[100.39256,13.65045],[100.39106,13.64963],[100.39011,13.64899],[100.3896,13.64869],[100.38902,13.64834],[100.38858,13.64803],[100.38726,13.64732],[100.38648,13.64691],[100.38597,13.64657],[100.38531,13.64608],[100.38489,13.64584],[100.38434,13.64564],[100.3836,13.6452],[100.38274,13.64468],[100.38195,13.64415],[100.3812,13.64378],[100.37994,13.64296],[100.37946,13.64253],[100.37876,13.64207],[100.37842,13.64177],[100.378,13.64141],[100.37738,13.64104],[100.3771,13.64077],[100.3766,13.64037],[100.37567,13.63981],[100.37521,13.63948],[100.37488,13.63919],[100.37413,13.6387],[100.37265,13.63758],[100.37201,13.63708],[100.37182,13.6371],[100.3698,13.63544],[100.3682,13.63415],[100.36762,13.63375],[100.36696,13.63321],[100.36639,13.63276],[100.36636,13.63285],[100.36631,13.63302],[100.36619,13.63334],[100.36617,13.63338],[100.36614,13.63343],[100.366,13.6336],[100.366,13.6336],[100.36574,13.63374],[100.36553,13.63384],[100.36539,13.6339],[100.36515,13.63401],[100.36275,13.63486],[100.36257,13.63494],[100.36243,13.63501],[100.36227,13.6351],[100.36194,13.63528],[100.36187,13.63532],[100.36152,13.63551],[100.36134,13.6356],[100.3612,13.63568],[100.36105,13.63576],[100.3609,13.63584],[100.36072,13.63593],[100.36054,13.63601],[100.36011,13.63621],[100.35963,13.63644],[100.35942,13.63653],[100.35854,13.63642],[100.35806,13.63637],[100.35777,13.63633],[100.35735,13.63628],[100.35706,13.63625],[100.35687,13.63623],[100.35659,13.6362],[100.35633,13.63616],[100.35592,13.63612],[100.35562,13.63608],[100.35525,13.63604],[100.35524,13.63604],[100.35523,13.63625],[100.35522,13.63637],[100.35517,13.63704],[100.35517,13.63707],[100.35512,13.63719],[100.3551,13.63723],[100.35509,13.63726],[100.35508,13.63734],[100.35506,13.63744],[100.35503,13.63757],[100.355,13.63769],[100.35497,13.63782],[100.35495,13.63789],[100.35492,13.63796],[100.3549,13.63802],[100.35488,13.63807],[100.35486,13.63814],[100.35485,13.6382],[100.35483,13.63824],[100.35481,13.63832],[100.35478,13.6384],[100.35476,13.63846],[100.35475,13.63852],[100.35474,13.6386],[100.35471,13.63869],[100.35468,13.63879],[100.35466,13.63887],[100.35462,13.63903],[100.35462,13.6392],[100.35461,13.63924],[100.35462,13.63932],[100.35462,13.63934],[100.3546,13.63944],[100.3546,13.63947],[100.35457,13.63968],[100.35456,13.63976],[100.35454,13.63993],[100.35452,13.64003],[100.35451,13.64012],[100.3545,13.64021],[100.35449,13.64029],[100.35448,13.64035],[100.35447,13.64044],[100.35446,13.64052],[100.35444,13.64064],[100.35443,13.6407],[100.35442,13.64075],[100.35441,13.64081],[100.35421,13.64081],[100.35401,13.64081],[100.35392,13.6408],[100.35384,13.6408],[100.3537,13.64079],[100.35349,13.64079],[100.35308,13.64078],[100.35289,13.64078],[100.35272,13.64078],[100.35264,13.64078],[100.35234,13.64078],[100.35226,13.64079],[100.35196,13.64079],[100.35196,13.64079],[100.35203,13.64034],[100.35203,13.64032]]]}},{"type":"Feature","properties":{"name_th":"สน.บางพลัด","name_en":"BANG PHLAT","type":"สน.","area_km2":7.11},"geometry":{"type":"Polygon","coordinates":[[[100.50205,13.78359],[100.501,13.78169],[100.50099,13.78167],[100.49969,13.7784],[100.49896,13.7787],[100.49842,13.77883],[100.49805,13.77896],[100.49783,13.77908],[100.4975,13.77926],[100.49695,13.77939],[100.49644,13.77948],[100.49594,13.77965],[100.49553,13.77971],[100.49536,13.77977],[100.49526,13.77983],[100.49517,13.77998],[100.4951,13.78004],[100.49492,13.78005],[100.49468,13.78004],[100.49453,13.77996],[100.49438,13.77998],[100.49431,13.78003],[100.49441,13.78043],[100.4944,13.78069],[100.49442,13.78092],[100.49467,13.78151],[100.49365,13.78186],[100.49314,13.78203],[100.49271,13.78218],[100.49168,13.78267],[100.49146,13.78277],[100.49146,13.78277],[100.48928,13.7814],[100.48835,13.78082],[100.48823,13.78075],[100.4881,13.78064],[100.48787,13.78048],[100.48785,13.78046],[100.48764,13.78029],[100.48738,13.78002],[100.48679,13.77934],[100.48613,13.77854],[100.48544,13.77771],[100.48475,13.77689],[100.48375,13.77571],[100.48301,13.77643],[100.48283,13.77661],[100.48257,13.77687],[100.48223,13.77717],[100.48202,13.77735],[100.48191,13.77742],[100.48169,13.77753],[100.48149,13.77761],[100.48109,13.77782],[100.4808,13.77799],[100.48054,13.77809],[100.48018,13.7783],[100.47976,13.77853],[100.47905,13.77886],[100.47836,13.77925],[100.47824,13.77937],[100.47813,13.77937],[100.47774,13.77951],[100.47755,13.77961],[100.47747,13.77966],[100.47739,13.77967],[100.47733,13.77966],[100.47728,13.77968],[100.47716,13.77981],[100.47706,13.77992],[100.47703,13.77996],[100.47693,13.77994],[100.47685,13.77995],[100.47678,13.78],[100.47672,13.78004],[100.47669,13.78008],[100.47665,13.78012],[100.4766,13.78016],[100.47656,13.78019],[100.47653,13.78021],[100.47671,13.78058],[100.47685,13.78073],[100.47714,13.78123],[100.47739,13.78172],[100.47747,13.7819],[100.4777,13.78214],[100.47777,13.78222],[100.47784,13.78241],[100.47793,13.78256],[100.47805,13.78285],[100.47828,13.78333],[100.47847,13.78354],[100.47866,13.7838],[100.47889,13.78415],[100.47905,13.78433],[100.47925,13.78481],[100.47932,13.7849],[100.47966,13.78518],[100.47995,13.78568],[100.48003,13.7858],[100.48012,13.78599],[100.48024,13.78633],[100.48056,13.78669],[100.48071,13.78691],[100.48096,13.78724],[100.48097,13.78738],[100.48135,13.78811],[100.4816,13.78862],[100.48163,13.7887],[100.48164,13.78889],[100.48164,13.78894],[100.48176,13.78904],[100.48198,13.78947],[100.4821,13.78971],[100.48226,13.79002],[100.48244,13.7904],[100.48263,13.79084],[100.48279,13.79115],[100.48292,13.79143],[100.48308,13.79174],[100.48334,13.79212],[100.48377,13.79269],[100.48474,13.79381],[100.48513,13.79431],[100.48522,13.79451],[100.48519,13.79485],[100.48519,13.79487],[100.48763,13.79576],[100.48885,13.79619],[100.49025,13.79671],[100.49312,13.79776],[100.49426,13.79818],[100.4958,13.79874],[100.49583,13.79875],[100.49938,13.80004],[100.50054,13.80047],[100.5022,13.80145],[100.50324,13.80241],[100.50474,13.80372],[100.50728,13.80601],[100.5081,13.80675],[100.51033,13.80874],[100.51195,13.8102],[100.51274,13.81094],[100.51425,13.81237],[100.51427,13.81235],[100.51461,13.81213],[100.51511,13.81169],[100.51554,13.81113],[100.516,13.81007],[100.5162,13.8093],[100.51631,13.80849],[100.51636,13.80758],[100.5164,13.80683],[100.51633,13.80527],[100.51606,13.80307],[100.51542,13.80073],[100.51438,13.79828],[100.51239,13.79533],[100.50969,13.79217],[100.5074,13.78986],[100.50733,13.7898],[100.50488,13.78722],[100.5032,13.78527],[100.50205,13.78359]]]}},{"type":"Feature","properties":{"name_th":"สน.บางมด","name_en":"BANGMOT","type":"สน.","area_km2":10.764},"geometry":{"type":"Polygon","coordinates":[[[100.48178,13.69391],[100.48128,13.69237],[100.48112,13.69172],[100.48112,13.6911],[100.48113,13.69104],[100.48129,13.69036],[100.48157,13.68987],[100.48195,13.68942],[100.48275,13.68879],[100.48553,13.68682],[100.48699,13.68583],[100.48773,13.68533],[100.48881,13.68459],[100.4888,13.68457],[100.48842,13.68381],[100.48828,13.6834],[100.48799,13.68251],[100.48731,13.68262],[100.48726,13.68254],[100.48727,13.68239],[100.48753,13.6818],[100.48765,13.68142],[100.48783,13.68089],[100.4879,13.68053],[100.48811,13.68014],[100.48814,13.67994],[100.48818,13.67982],[100.48827,13.67972],[100.48847,13.67959],[100.48848,13.67953],[100.48844,13.67945],[100.488,13.67916],[100.48781,13.679],[100.48733,13.67825],[100.48684,13.67766],[100.48638,13.67711],[100.48618,13.67679],[100.48569,13.67622],[100.48534,13.67586],[100.4851,13.67541],[100.48385,13.674],[100.48295,13.6728],[100.4825,13.6723],[100.48217,13.67185],[100.48198,13.67153],[100.4817,13.67119],[100.48105,13.67055],[100.48084,13.67028],[100.48064,13.6701],[100.48043,13.66988],[100.4801,13.66948],[100.48009,13.66939],[100.48012,13.66918],[100.48166,13.66563],[100.48204,13.66483],[100.48201,13.66475],[100.47885,13.66419],[100.47718,13.66391],[100.47557,13.66359],[100.47567,13.66288],[100.47589,13.66097],[100.4759,13.6609],[100.4749,13.66081],[100.47433,13.66076],[100.47101,13.66037],[100.47004,13.66023],[100.46993,13.66074],[100.46949,13.66206],[100.46906,13.66369],[100.46871,13.66533],[100.46827,13.66742],[100.46779,13.6695],[100.46739,13.67088],[100.46721,13.67166],[100.4644,13.67106],[100.46425,13.67278],[100.46428,13.67325],[100.46434,13.6742],[100.46436,13.6762],[100.46439,13.67672],[100.46421,13.67751],[100.45939,13.67457],[100.45932,13.67455],[100.45646,13.67285],[100.4542,13.6715],[100.45297,13.67072],[100.45254,13.67045],[100.44702,13.66712],[100.44698,13.66728],[100.44693,13.66751],[100.44692,13.66754],[100.44692,13.66755],[100.44693,13.66765],[100.44693,13.66779],[100.44698,13.66801],[100.447,13.66811],[100.44727,13.66923],[100.44749,13.67019],[100.44756,13.67049],[100.44769,13.67102],[100.44777,13.67124],[100.4478,13.6713],[100.44782,13.67133],[100.44819,13.67166],[100.44828,13.67174],[100.44852,13.67195],[100.44855,13.67197],[100.44859,13.672],[100.44873,13.6721],[100.44874,13.67211],[100.44876,13.67215],[100.44879,13.6722],[100.44884,13.67235],[100.44884,13.67235],[100.44884,13.67255],[100.44884,13.67255],[100.4488,13.6726],[100.44876,13.67267],[100.44874,13.67271],[100.4487,13.67281],[100.44867,13.67287],[100.44861,13.67301],[100.44857,13.67321],[100.44854,13.67338],[100.44851,13.67355],[100.4485,13.67358],[100.44851,13.67365],[100.44853,13.67385],[100.44853,13.67412],[100.44862,13.67459],[100.44868,13.67498],[100.44873,13.67528],[100.44874,13.67528],[100.44877,13.67531],[100.4488,13.67534],[100.44881,13.67534],[100.44886,13.67578],[100.44886,13.67578],[100.44894,13.6759],[100.44901,13.676],[100.44902,13.67601],[100.44901,13.67619],[100.449,13.67629],[100.449,13.67639],[100.44899,13.6775],[100.44894,13.67768],[100.44881,13.67783],[100.44876,13.67801],[100.44867,13.67835],[100.44856,13.67865],[100.4485,13.67883],[100.44845,13.67919],[100.44843,13.67932],[100.44843,13.67972],[100.44843,13.68004],[100.44843,13.68038],[100.44845,13.68054],[100.44846,13.68066],[100.44847,13.68074],[100.44848,13.68081],[100.44849,13.68086],[100.4485,13.68091],[100.44853,13.68104],[100.44854,13.68113],[100.44856,13.68123],[100.44858,13.68132],[100.4486,13.68141],[100.4486,13.68142],[100.4486,13.68143],[100.4486,13.68147],[100.4486,13.6815],[100.4486,13.6816],[100.44861,13.68164],[100.44914,13.68206],[100.4501,13.68307],[100.45082,13.68382],[100.45127,13.68441],[100.45162,13.68484],[100.45194,13.68496],[100.45224,13.68494],[100.45303,13.68478],[100.45324,13.68482],[100.45355,13.68497],[100.45405,13.68543],[100.45448,13.68579],[100.45511,13.68645],[100.45528,13.68675],[100.45539,13.68723],[100.4556,13.68758],[100.45593,13.68777],[100.45621,13.68784],[100.45655,13.68797],[100.45686,13.68824],[100.45713,13.68857],[100.45742,13.68877],[100.45787,13.68905],[100.45808,13.68927],[100.45817,13.68943],[100.45834,13.69006],[100.45844,13.69042],[100.45864,13.69086],[100.45883,13.69115],[100.4594,13.69197],[100.45959,13.69225],[100.46035,13.69361],[100.46084,13.69443],[100.4618,13.69625],[100.46229,13.6968],[100.46286,13.69739],[100.46336,13.698],[100.46359,13.69836],[100.46383,13.69903],[100.46649,13.69904],[100.46877,13.69909],[100.46965,13.69898],[100.47049,13.6987],[100.47235,13.69782],[100.47704,13.69568],[100.48039,13.6941],[100.48091,13.69392],[100.48136,13.6939],[100.48178,13.69391]]]}},{"type":"Feature","properties":{"name_th":"สน.บางยี่ขัน","name_en":"BAND YIKHAN","type":"สน.","area_km2":4.588},"geometry":{"type":"Polygon","coordinates":[[[100.49969,13.7784],[100.49913,13.77673],[100.49806,13.77403],[100.49643,13.76978],[100.49539,13.76809],[100.49426,13.76629],[100.49313,13.76512],[100.49175,13.76383],[100.49039,13.76282],[100.49024,13.76272],[100.48937,13.7618],[100.48887,13.76131],[100.48827,13.76076],[100.48826,13.76074],[100.4877,13.76105],[100.48677,13.76131],[100.48527,13.76139],[100.48287,13.7617],[100.48129,13.76219],[100.47945,13.76299],[100.47778,13.76395],[100.47599,13.76536],[100.47545,13.7658],[100.47524,13.76598],[100.47452,13.76675],[100.47386,13.76768],[100.47278,13.76902],[100.47193,13.7708],[100.47137,13.77276],[100.47117,13.77359],[100.47172,13.77371],[100.47222,13.77398],[100.47278,13.77439],[100.47297,13.77448],[100.47326,13.7747],[100.47374,13.77523],[100.47406,13.77591],[100.47472,13.77671],[100.47476,13.77686],[100.47487,13.7774],[100.47539,13.77833],[100.47581,13.77889],[100.47614,13.77953],[100.47623,13.77969],[100.47653,13.78021],[100.47656,13.78019],[100.4766,13.78016],[100.47665,13.78012],[100.47669,13.78008],[100.47672,13.78004],[100.47678,13.78],[100.47685,13.77995],[100.47693,13.77994],[100.47703,13.77996],[100.47706,13.77992],[100.47716,13.77981],[100.47728,13.77968],[100.47733,13.77966],[100.47739,13.77967],[100.47747,13.77966],[100.47755,13.77961],[100.47774,13.77951],[100.47813,13.77937],[100.47824,13.77937],[100.47836,13.77925],[100.47905,13.77886],[100.47976,13.77853],[100.48018,13.7783],[100.48054,13.77809],[100.4808,13.77799],[100.48109,13.77782],[100.48149,13.77761],[100.48169,13.77753],[100.48191,13.77742],[100.48202,13.77735],[100.48223,13.77717],[100.48257,13.77687],[100.48283,13.77661],[100.48301,13.77643],[100.48375,13.77571],[100.48475,13.77689],[100.48544,13.77771],[100.48613,13.77854],[100.48679,13.77934],[100.48738,13.78002],[100.48764,13.78029],[100.48785,13.78046],[100.48787,13.78048],[100.4881,13.78064],[100.48823,13.78075],[100.48835,13.78082],[100.48928,13.7814],[100.49146,13.78277],[100.49146,13.78277],[100.49168,13.78267],[100.49271,13.78218],[100.49314,13.78203],[100.49365,13.78186],[100.49467,13.78151],[100.49442,13.78092],[100.4944,13.78069],[100.49441,13.78043],[100.49431,13.78003],[100.49438,13.77998],[100.49453,13.77996],[100.49468,13.78004],[100.49492,13.78005],[100.4951,13.78004],[100.49517,13.77998],[100.49526,13.77983],[100.49536,13.77977],[100.49553,13.77971],[100.49594,13.77965],[100.49644,13.77948],[100.49695,13.77939],[100.4975,13.77926],[100.49783,13.77908],[100.49805,13.77896],[100.49842,13.77883],[100.49896,13.7787],[100.49969,13.7784]]]}},{"type":"Feature","properties":{"name_th":"สน.บางยี่เรือ","name_en":"BANG YIRUE","type":"สน.","area_km2":1.472},"geometry":{"type":"Polygon","coordinates":[[[100.49115,13.72098],[100.49071,13.71972],[100.49061,13.7197],[100.49061,13.7197],[100.49016,13.71959],[100.48893,13.71923],[100.48683,13.71868],[100.48621,13.71843],[100.48481,13.71779],[100.48481,13.71779],[100.48442,13.71841],[100.4843,13.71856],[100.48387,13.71926],[100.48319,13.72051],[100.48258,13.7216],[100.48243,13.72194],[100.48228,13.72212],[100.48213,13.72239],[100.48159,13.72348],[100.48156,13.72353],[100.4816,13.72354],[100.48256,13.72392],[100.48348,13.72424],[100.48403,13.7245],[100.4844,13.72475],[100.48457,13.72494],[100.48465,13.72521],[100.48474,13.72551],[100.48486,13.72579],[100.48516,13.72635],[100.48545,13.72708],[100.48567,13.72761],[100.48568,13.72762],[100.48571,13.72769],[100.48584,13.72834],[100.48591,13.72902],[100.48605,13.72966],[100.48622,13.73019],[100.48625,13.73087],[100.48633,13.73162],[100.4864,13.73225],[100.48664,13.73318],[100.48698,13.73394],[100.48719,13.7347],[100.48728,13.73506],[100.48744,13.73538],[100.48765,13.73574],[100.48779,13.736],[100.4878,13.73601],[100.48782,13.736],[100.4887,13.73559],[100.48976,13.73472],[100.49131,13.73353],[100.49221,13.73282],[100.49357,13.73175],[100.49468,13.73092],[100.49479,13.73084],[100.49409,13.72882],[100.4935,13.72708],[100.49351,13.72701],[100.49336,13.72706],[100.49334,13.72707],[100.49314,13.72709],[100.49291,13.72706],[100.49277,13.727],[100.49261,13.72691],[100.49251,13.72681],[100.49242,13.72669],[100.49237,13.72662],[100.49234,13.72641],[100.49233,13.72637],[100.49233,13.72627],[100.49234,13.72617],[100.49236,13.72608],[100.4924,13.72598],[100.49245,13.7259],[100.49252,13.72582],[100.49259,13.72575],[100.49273,13.7256],[100.49247,13.72485],[100.49115,13.72098]]]}},{"type":"Feature","properties":{"name_th":"สน.บางรัก","name_en":"BANG RAK","type":"สน.","area_km2":2.252},"geometry":{"type":"Polygon","coordinates":[[[100.53647,13.72948],[100.53643,13.7294],[100.53539,13.72902],[100.53321,13.72824],[100.52808,13.72639],[100.52545,13.72547],[100.52132,13.72397],[100.51675,13.72235],[100.51665,13.72235],[100.51655,13.72234],[100.51646,13.7223],[100.51645,13.7222],[100.51607,13.72127],[100.51602,13.72124],[100.51593,13.72121],[100.51585,13.72122],[100.51575,13.72123],[100.51458,13.72191],[100.51351,13.72254],[100.5134,13.72515],[100.51334,13.72759],[100.51298,13.72935],[100.51333,13.72961],[100.51377,13.72994],[100.51399,13.73018],[100.51426,13.73043],[100.51434,13.73053],[100.51471,13.73095],[100.51498,13.73123],[100.51522,13.73169],[100.51526,13.73179],[100.51553,13.7324],[100.51568,13.73293],[100.5158,13.73345],[100.51587,13.73383],[100.51593,13.73439],[100.51597,13.73483],[100.51596,13.73534],[100.51595,13.73573],[100.51591,13.73625],[100.51588,13.73657],[100.51583,13.73688],[100.51579,13.73721],[100.51577,13.73766],[100.51577,13.73787],[100.51874,13.73673],[100.52069,13.73596],[100.52155,13.73562],[100.52264,13.7352],[100.52676,13.73351],[100.52821,13.73294],[100.52866,13.73276],[100.52884,13.73268],[100.52976,13.73231],[100.53058,13.73196],[100.53357,13.73071],[100.53373,13.73065],[100.53543,13.72992],[100.53647,13.72948]]]}},{"type":"Feature","properties":{"name_th":"สน.บางเขน","name_en":"BANG KHAN","type":"สน.","area_km2":37.683},"geometry":{"type":"Polygon","coordinates":[[[100.61966,13.90455],[100.61966,13.90455],[100.6221,13.90545],[100.62257,13.90423],[100.62285,13.9035],[100.62287,13.90347],[100.62289,13.90345],[100.62292,13.90345],[100.62295,13.90345],[100.62317,13.90352],[100.62323,13.90353],[100.62328,13.90352],[100.62331,13.90352],[100.62334,13.90348],[100.62336,13.90345],[100.62358,13.90243],[100.62403,13.90049],[100.62407,13.90039],[100.62412,13.90031],[100.62419,13.90024],[100.62429,13.90018],[100.62439,13.90016],[100.62931,13.89961],[100.62972,13.89957],[100.63022,13.89955],[100.63062,13.89954],[100.63105,13.89955],[100.63157,13.89959],[100.63508,13.9001],[100.63608,13.90021],[100.63784,13.90045],[100.63814,13.89535],[100.63819,13.89504],[100.63824,13.89487],[100.63836,13.89465],[100.6385,13.89445],[100.63865,13.89427],[100.63883,13.89412],[100.63933,13.89383],[100.6408,13.89308],[100.64095,13.89297],[100.64105,13.89287],[100.64116,13.89273],[100.64129,13.89254],[100.64143,13.89228],[100.64153,13.8921],[100.64188,13.89116],[100.6424,13.88976],[100.64319,13.8878],[100.6433,13.88755],[100.64338,13.8873],[100.64347,13.88706],[100.64353,13.88679],[100.64361,13.8865],[100.64365,13.88629],[100.64369,13.88606],[100.64371,13.88581],[100.64372,13.88528],[100.64368,13.883],[100.64368,13.88272],[100.64366,13.88255],[100.64363,13.88241],[100.64339,13.88137],[100.64325,13.88051],[100.64318,13.87992],[100.64312,13.87943],[100.64312,13.87895],[100.64316,13.8784],[100.64347,13.87601],[100.64394,13.87203],[100.64403,13.87132],[100.64411,13.87101],[100.64421,13.87076],[100.64479,13.8695],[100.64522,13.86867],[100.64576,13.86775],[100.64646,13.86679],[100.64711,13.86589],[100.64716,13.86574],[100.64721,13.8656],[100.64704,13.86408],[100.64695,13.86229],[100.64687,13.86013],[100.64705,13.85905],[100.64703,13.85894],[100.64695,13.85888],[100.64366,13.85865],[100.64096,13.85845],[100.64086,13.85837],[100.64083,13.85824],[100.64109,13.85406],[100.64123,13.85378],[100.64143,13.85341],[100.64154,13.8532],[100.64167,13.85291],[100.64175,13.85257],[100.64178,13.85228],[100.64176,13.85197],[100.64172,13.85166],[100.64162,13.85137],[100.64149,13.85108],[100.64134,13.85084],[100.64121,13.85067],[100.64081,13.85053],[100.64059,13.85039],[100.63134,13.85534],[100.62954,13.85186],[100.62914,13.85113],[100.62906,13.85106],[100.62894,13.85101],[100.6266,13.85058],[100.62639,13.85055],[100.62621,13.85048],[100.62581,13.8502],[100.62472,13.84933],[100.62344,13.84829],[100.62268,13.84764],[100.62204,13.84707],[100.622,13.84707],[100.62192,13.84708],[100.62189,13.84709],[100.62186,13.8471],[100.62179,13.84712],[100.62158,13.84728],[100.62091,13.84801],[100.6209,13.84803],[100.62085,13.84806],[100.62071,13.84813],[100.61981,13.84843],[100.61966,13.84847],[100.61964,13.84847],[100.61889,13.84853],[100.61776,13.84872],[100.61672,13.84882],[100.61516,13.84898],[100.61499,13.849],[100.61496,13.849],[100.61418,13.84909],[100.61359,13.84912],[100.61273,13.84911],[100.61243,13.84914],[100.61156,13.84913],[100.61125,13.8491],[100.61095,13.84907],[100.61059,13.8491],[100.61042,13.84913],[100.61022,13.84912],[100.61022,13.84912],[100.61002,13.84912],[100.60973,13.84911],[100.6097,13.84911],[100.60958,13.8491],[100.6094,13.84909],[100.60922,13.8491],[100.6089,13.8491],[100.60863,13.84906],[100.6085,13.84909],[100.6082,13.84918],[100.60776,13.84921],[100.60756,13.84926],[100.60721,13.84926],[100.60701,13.84929],[100.6065,13.84916],[100.60604,13.84897],[100.60588,13.8489],[100.60577,13.84886],[100.6053,13.84863],[100.60478,13.84835],[100.60446,13.84819],[100.6043,13.84812],[100.60409,13.84798],[100.60319,13.84738],[100.60236,13.84685],[100.60181,13.84676],[100.60145,13.8467],[100.60082,13.84665],[100.6005,13.84663],[100.59933,13.84643],[100.59856,13.84632],[100.59831,13.84621],[100.5981,13.84619],[100.59804,13.84618],[100.59777,13.84616],[100.59753,13.8461],[100.59696,13.84579],[100.59561,13.84568],[100.59538,13.84563],[100.59537,13.84563],[100.59531,13.84561],[100.5953,13.84561],[100.59433,13.84537],[100.59398,13.84533],[100.59354,13.84517],[100.59305,13.84501],[100.59247,13.84478],[100.59219,13.84466],[100.59184,13.84451],[100.59157,13.8444],[100.59097,13.84418],[100.59051,13.84405],[100.59003,13.84395],[100.58988,13.84387],[100.58967,13.84376],[100.58985,13.84285],[100.59004,13.84199],[100.59021,13.84111],[100.59049,13.84003],[100.59063,13.83933],[100.59081,13.83877],[100.59091,13.83795],[100.59092,13.83734],[100.59076,13.83645],[100.59061,13.83569],[100.59047,13.83525],[100.59034,13.83471],[100.59026,13.83435],[100.5901,13.8339],[100.58993,13.83324],[100.58986,13.83273],[100.58979,13.83231],[100.58184,13.83468],[100.58138,13.83481],[100.581,13.83486],[100.58058,13.83486],[100.58011,13.8348],[100.57866,13.83454],[100.57754,13.83432],[100.57337,13.8335],[100.57327,13.83348],[100.57316,13.83351],[100.57307,13.83354],[100.57232,13.83394],[100.5756,13.83954],[100.57552,13.83959],[100.5716,13.84179],[100.56267,13.84678],[100.56101,13.84773],[100.56424,13.85374],[100.56515,13.85543],[100.56516,13.85543],[100.56549,13.85542],[100.56607,13.85561],[100.56653,13.85586],[100.56746,13.85605],[100.5689,13.85637],[100.5693,13.85643],[100.56976,13.85638],[100.57059,13.85638],[100.57261,13.85662],[100.5732,13.8569],[100.57375,13.85702],[100.57408,13.857],[100.57455,13.85702],[100.57532,13.85722],[100.57584,13.8574],[100.57656,13.85745],[100.57747,13.85745],[100.57773,13.85747],[100.57808,13.85752],[100.57899,13.85769],[100.58006,13.85776],[100.58144,13.85797],[100.58194,13.85796],[100.58337,13.85794],[100.5836,13.85801],[100.58361,13.85802],[100.58381,13.85818],[100.58393,13.85824],[100.58423,13.85828],[100.58474,13.85831],[100.58554,13.85841],[100.58578,13.85848],[100.58607,13.85871],[100.58607,13.85871],[100.58639,13.85891],[100.58642,13.85904],[100.58648,13.85928],[100.58657,13.86083],[100.58665,13.86145],[100.58683,13.86337],[100.58686,13.86407],[100.58691,13.86479],[100.58696,13.86555],[100.587,13.86591],[100.58706,13.86664],[100.58711,13.86692],[100.58717,13.86774],[100.58725,13.86894],[100.58731,13.86957],[100.58738,13.87057],[100.58742,13.87103],[100.58747,13.8715],[100.58749,13.87201],[100.58757,13.87316],[100.58761,13.87331],[100.5877,13.87485],[100.58777,13.8757],[100.58787,13.87722],[100.58792,13.87807],[100.588,13.87879],[100.58812,13.87948],[100.58829,13.88004],[100.5886,13.88059],[100.58908,13.88128],[100.58932,13.88158],[100.58979,13.88213],[100.59009,13.88248],[100.59035,13.88275],[100.59072,13.88314],[100.59138,13.88389],[100.5921,13.8847],[100.59275,13.88539],[100.59328,13.88599],[100.59381,13.88659],[100.59424,13.88706],[100.59449,13.88734],[100.59465,13.8875],[100.59474,13.88763],[100.59477,13.88767],[100.59514,13.88806],[100.59611,13.88895],[100.59834,13.89066],[100.60092,13.89234],[100.60258,13.89347],[100.60475,13.89497],[100.60574,13.89549],[100.60613,13.89591],[100.60688,13.89694],[100.60715,13.89723],[100.60751,13.89752],[100.60793,13.89783],[100.60864,13.89828],[100.60938,13.89869],[100.61009,13.89915],[100.61031,13.89935],[100.61065,13.89962],[100.61099,13.89982],[100.61116,13.89992],[100.61671,13.90346],[100.61966,13.90455]]]}},{"type":"Feature","properties":{"name_th":"สน.บางเสาธง","name_en":"BANG SAOTHONG","type":"สน.","area_km2":16.899},"geometry":{"type":"Polygon","coordinates":[[[100.40652,13.7601],[100.407,13.76002],[100.40702,13.76002],[100.40849,13.7597],[100.40969,13.75954],[100.41026,13.75943],[100.41118,13.75926],[100.41224,13.75911],[100.41318,13.75895],[100.41388,13.7589],[100.41433,13.75873],[100.41479,13.75865],[100.41534,13.75854],[100.41756,13.75808],[100.41854,13.75796],[100.41912,13.75791],[100.42002,13.75792],[100.42087,13.75797],[100.42132,13.75793],[100.42194,13.75785],[100.42235,13.75776],[100.42268,13.75775],[100.42291,13.75782],[100.42326,13.75783],[100.42382,13.75772],[100.42429,13.75772],[100.4253,13.75767],[100.4262,13.75764],[100.42653,13.75756],[100.42689,13.75757],[100.42701,13.75762],[100.42717,13.75755],[100.42755,13.7575],[100.428,13.75749],[100.42843,13.75745],[100.42907,13.75738],[100.43046,13.75732],[100.43177,13.75734],[100.43217,13.75729],[100.43282,13.75718],[100.43335,13.75708],[100.43384,13.75709],[100.43406,13.75716],[100.43439,13.75727],[100.43476,13.75723],[100.43532,13.75695],[100.43558,13.75691],[100.43595,13.75694],[100.43684,13.75717],[100.437,13.75717],[100.43714,13.75711],[100.43739,13.75682],[100.43748,13.75678],[100.43778,13.75692],[100.43778,13.75692],[100.43782,13.75697],[100.43782,13.75697],[100.43816,13.75704],[100.43828,13.75704],[100.43832,13.75692],[100.4384,13.75678],[100.43851,13.7567],[100.43872,13.75671],[100.43894,13.75674],[100.43909,13.75684],[100.43926,13.75692],[100.43946,13.75699],[100.43983,13.75698],[100.44066,13.7569],[100.44077,13.75682],[100.44093,13.75677],[100.44103,13.75678],[100.44113,13.75685],[100.44116,13.75688],[100.44144,13.7569],[100.44173,13.75683],[100.44193,13.75679],[100.44221,13.75683],[100.44244,13.75689],[100.44257,13.75695],[100.44308,13.75696],[100.44321,13.75691],[100.44352,13.7569],[100.44377,13.75692],[100.44385,13.75698],[100.4439,13.75702],[100.4439,13.75702],[100.44416,13.75707],[100.44436,13.75709],[100.44462,13.75697],[100.445,13.75675],[100.44519,13.75675],[100.44532,13.75677],[100.44556,13.75691],[100.44586,13.75708],[100.44625,13.75723],[100.44643,13.75721],[100.44661,13.75716],[100.44678,13.75703],[100.44699,13.75692],[100.44718,13.75695],[100.44764,13.75713],[100.44785,13.75718],[100.44795,13.75728],[100.44795,13.75728],[100.44802,13.75748],[100.44805,13.75793],[100.4481,13.75808],[100.44813,13.7581],[100.44822,13.75817],[100.44834,13.75826],[100.44852,13.75828],[100.44914,13.75849],[100.44979,13.75861],[100.45032,13.7586],[100.45058,13.75867],[100.45085,13.75881],[100.45085,13.75881],[100.4509,13.75891],[100.45082,13.7592],[100.45078,13.7594],[100.45084,13.75959],[100.45084,13.75959],[100.45102,13.75967],[100.45126,13.75961],[100.45142,13.7595],[100.45169,13.75945],[100.45188,13.75948],[100.45222,13.75959],[100.45262,13.75973],[100.45302,13.75973],[100.45335,13.75965],[100.45361,13.75955],[100.45384,13.75946],[100.45418,13.75945],[100.45465,13.75946],[100.45497,13.75955],[100.45677,13.76001],[100.45688,13.76004],[100.45704,13.75982],[100.45747,13.75935],[100.45814,13.75818],[100.45853,13.75759],[100.45879,13.75717],[100.45919,13.75653],[100.45968,13.75573],[100.46019,13.75489],[100.46054,13.75417],[100.46092,13.75345],[100.46145,13.75268],[100.46178,13.75199],[100.462,13.75138],[100.46216,13.75065],[100.4623,13.74991],[100.46243,13.74929],[100.46245,13.74868],[100.46236,13.7481],[100.46226,13.74738],[100.46219,13.74657],[100.46215,13.74566],[100.46214,13.74478],[100.46215,13.74445],[100.46202,13.74443],[100.46202,13.74443],[100.462,13.74434],[100.46196,13.74417],[100.46183,13.74369],[100.46181,13.74359],[100.4617,13.74301],[100.46168,13.7429],[100.46162,13.74218],[100.4616,13.74196],[100.4616,13.74188],[100.46159,13.74155],[100.46161,13.74115],[100.46162,13.7408],[100.46162,13.74067],[100.46161,13.74019],[100.46158,13.73967],[100.46159,13.7396],[100.46162,13.73899],[100.46164,13.73853],[100.46173,13.73805],[100.46151,13.73806],[100.46123,13.73805],[100.46107,13.73813],[100.46094,13.7383],[100.46077,13.73844],[100.46065,13.73847],[100.46002,13.73846],[100.45973,13.73844],[100.45953,13.73838],[100.45912,13.73821],[100.45875,13.73811],[100.45838,13.73806],[100.45817,13.73804],[100.45771,13.73783],[100.45738,13.73773],[100.45713,13.73765],[100.45656,13.73752],[100.45613,13.73741],[100.45599,13.73733],[100.45591,13.73707],[100.45578,13.73694],[100.45547,13.73691],[100.45513,13.73689],[100.45483,13.73682],[100.45401,13.73679],[100.45329,13.73677],[100.45293,13.73666],[100.4525,13.7365],[100.45123,13.73596],[100.45051,13.73577],[100.44936,13.73547],[100.4482,13.73522],[100.44609,13.73495],[100.44497,13.73479],[100.44449,13.73468],[100.44367,13.7346],[100.44244,13.73453],[100.44172,13.73444],[100.44045,13.73429],[100.43924,13.73419],[100.43859,13.7341],[100.43813,13.73402],[100.43736,13.73402],[100.43611,13.73387],[100.43415,13.73363],[100.43214,13.73343],[100.43211,13.73342],[100.43012,13.73308],[100.42838,13.73277],[100.42789,13.73272],[100.42579,13.73228],[100.42486,13.7321],[100.4248,13.73208],[100.4248,13.73214],[100.42472,13.73347],[100.42463,13.73511],[100.42446,13.73819],[100.4243,13.74046],[100.42364,13.74023],[100.42289,13.73999],[100.42274,13.73996],[100.42261,13.73994],[100.42248,13.73995],[100.42225,13.74004],[100.42109,13.74111],[100.42098,13.74116],[100.42047,13.74114],[100.42003,13.74065],[100.41906,13.73969],[100.41748,13.73797],[100.4174,13.73797],[100.41599,13.73825],[100.41527,13.73845],[100.4151,13.73853],[100.41504,13.73856],[100.41477,13.73867],[100.41474,13.73868],[100.41471,13.73869],[100.4145,13.73874],[100.41442,13.73876],[100.41413,13.73884],[100.41292,13.73911],[100.41249,13.73925],[100.41159,13.73945],[100.41062,13.73972],[100.41002,13.73988],[100.4098,13.73998],[100.40752,13.74054],[100.40675,13.74071],[100.40623,13.74084],[100.40551,13.74112],[100.40458,13.74116],[100.40325,13.74111],[100.40288,13.74109],[100.40072,13.74109],[100.40042,13.74112],[100.39845,13.74113],[100.39632,13.74107],[100.39548,13.74106],[100.39543,13.74475],[100.39532,13.75122],[100.39529,13.75314],[100.39522,13.7566],[100.3951,13.76279],[100.39591,13.76266],[100.39714,13.76234],[100.39916,13.76186],[100.39986,13.76175],[100.40126,13.76142],[100.40234,13.76113],[100.40282,13.76106],[100.40346,13.76092],[100.40424,13.76068],[100.40466,13.76055],[100.40544,13.76037],[100.40616,13.76016],[100.40646,13.76009],[100.40652,13.76008],[100.40652,13.7601]]]}},{"type":"Feature","properties":{"name_th":"สน.บางโพ","name_en":"BANG PHO","type":"สน.","area_km2":1.052},"geometry":{"type":"Polygon","coordinates":[[[100.51288,13.79185],[100.51113,13.78995],[100.50865,13.78753],[100.5069,13.78572],[100.50583,13.78439],[100.50535,13.7838],[100.5043,13.78194],[100.5036,13.78054],[100.50293,13.7792],[100.50158,13.77981],[100.50031,13.78037],[100.50032,13.7804],[100.50136,13.78229],[100.50251,13.78398],[100.50419,13.78593],[100.50664,13.7885],[100.50671,13.78857],[100.509,13.79088],[100.5117,13.79403],[100.5137,13.79698],[100.51474,13.79944],[100.51537,13.80178],[100.51565,13.80398],[100.51572,13.80554],[100.51568,13.80629],[100.51562,13.8072],[100.51551,13.808],[100.51531,13.80878],[100.51485,13.80984],[100.51443,13.8104],[100.51392,13.81083],[100.51359,13.81106],[100.51423,13.81166],[100.51452,13.81194],[100.51457,13.81198],[100.51457,13.81198],[100.51533,13.81267],[100.51614,13.81181],[100.51662,13.81113],[100.51704,13.81033],[100.51738,13.80942],[100.51767,13.80843],[100.51784,13.80739],[100.51795,13.80651],[100.5181,13.80468],[100.518,13.80252],[100.51733,13.79979],[100.51701,13.79899],[100.51651,13.79773],[100.51579,13.79605],[100.51482,13.7943],[100.51397,13.79307],[100.51298,13.79197],[100.51288,13.79185]]]}},{"type":"Feature","properties":{"name_th":"สน.บางโพงพาง","name_en":"BANG PHONG PHANG","type":"สน.","area_km2":8.584},"geometry":{"type":"Polygon","coordinates":[[[100.54962,13.69497],[100.55002,13.69301],[100.55069,13.68977],[100.55108,13.68711],[100.55114,13.68448],[100.55084,13.68167],[100.55006,13.67914],[100.54924,13.67684],[100.54896,13.67643],[100.54764,13.67451],[100.54505,13.67193],[100.54194,13.67071],[100.53979,13.67032],[100.53722,13.67039],[100.53511,13.67101],[100.53276,13.67219],[100.53054,13.67377],[100.52704,13.6772],[100.52461,13.67965],[100.52432,13.6799],[100.52243,13.68153],[100.52003,13.68324],[100.51824,13.68441],[100.51901,13.6855],[100.51939,13.68573],[100.5196,13.68602],[100.52033,13.68658],[100.52076,13.68707],[100.52135,13.68781],[100.52181,13.68843],[100.52219,13.68958],[100.52241,13.69003],[100.5227,13.69046],[100.52369,13.6918],[100.52408,13.69236],[100.52464,13.69289],[100.52522,13.69324],[100.52642,13.69339],[100.52797,13.69359],[100.52802,13.6936],[100.52853,13.69379],[100.52881,13.69385],[100.52903,13.69393],[100.52929,13.69408],[100.53262,13.69533],[100.53268,13.69538],[100.53278,13.69547],[100.53141,13.69896],[100.53073,13.70065],[100.52864,13.7059],[100.52882,13.70586],[100.53015,13.70561],[100.53098,13.70546],[100.53245,13.70538],[100.53337,13.70534],[100.5343,13.70551],[100.53487,13.70565],[100.53526,13.70577],[100.53722,13.70693],[100.53768,13.70716],[100.53769,13.70717],[100.53837,13.70595],[100.53975,13.70334],[100.53981,13.70323],[100.54,13.70294],[100.5408,13.70172],[100.54139,13.70091],[100.54181,13.70032],[100.54317,13.69855],[100.54467,13.69701],[100.54618,13.69581],[100.54723,13.6954],[100.54962,13.69497]]]}},{"type":"Feature","properties":{"name_th":"สน.บึงกุ่ม","name_en":"BUNG KUM","type":"สน.","area_km2":15.274},"geometry":{"type":"Polygon","coordinates":[[[100.66464,13.77537],[100.66203,13.77385],[100.65717,13.77127],[100.65705,13.7712],[100.65631,13.77082],[100.65469,13.76991],[100.65233,13.76803],[100.65229,13.76809],[100.65162,13.76899],[100.65276,13.77042],[100.65326,13.7711],[100.65425,13.77261],[100.65454,13.77288],[100.65459,13.77292],[100.65382,13.77369],[100.65361,13.77403],[100.65348,13.77446],[100.6533,13.77522],[100.65315,13.77574],[100.65301,13.77614],[100.6528,13.77663],[100.65255,13.77711],[100.65155,13.77884],[100.65093,13.77981],[100.65064,13.78026],[100.6506,13.78032],[100.64994,13.78121],[100.64875,13.78281],[100.64769,13.784],[100.64765,13.78404],[100.64765,13.78408],[100.6491,13.78621],[100.64998,13.78753],[100.65268,13.79151],[100.65277,13.79167],[100.6528,13.79193],[100.65275,13.79219],[100.65205,13.79374],[100.64942,13.79957],[100.64763,13.80345],[100.64753,13.80383],[100.64752,13.80421],[100.6476,13.80449],[100.64811,13.80546],[100.64884,13.80677],[100.64921,13.80755],[100.64973,13.80875],[100.65114,13.81204],[100.65301,13.81636],[100.6538,13.81818],[100.65542,13.81747],[100.65541,13.81708],[100.65796,13.8171],[100.66011,13.81711],[100.6612,13.8171],[100.66124,13.8171],[100.666,13.81813],[100.66499,13.82276],[100.67034,13.82362],[100.67035,13.82357],[100.67042,13.82343],[100.67054,13.8233],[100.67061,13.82321],[100.67065,13.82314],[100.67069,13.82304],[100.67073,13.82291],[100.67075,13.82281],[100.6708,13.82268],[100.67085,13.82259],[100.67088,13.82251],[100.671,13.82235],[100.67105,13.82226],[100.67109,13.82214],[100.6712,13.82186],[100.67124,13.82178],[100.67132,13.8217],[100.6714,13.82163],[100.67147,13.82159],[100.67168,13.82134],[100.67186,13.82111],[100.67202,13.82091],[100.67218,13.82072],[100.67245,13.82032],[100.67257,13.82006],[100.67266,13.81985],[100.67272,13.81966],[100.67282,13.81939],[100.67286,13.81928],[100.67292,13.81916],[100.673,13.81898],[100.67303,13.81886],[100.67307,13.81869],[100.6731,13.81855],[100.67317,13.81833],[100.6733,13.81808],[100.67338,13.81789],[100.67342,13.81776],[100.67345,13.81761],[100.6735,13.81747],[100.67353,13.81738],[100.67361,13.81725],[100.67366,13.81712],[100.67372,13.81699],[100.67378,13.8168],[100.67387,13.81658],[100.67393,13.81643],[100.67395,13.81632],[100.67402,13.81618],[100.67404,13.81591],[100.67406,13.81567],[100.67406,13.81554],[100.67411,13.81539],[100.67414,13.81526],[100.6742,13.81509],[100.67423,13.81497],[100.67427,13.81474],[100.67428,13.81454],[100.67425,13.81402],[100.67427,13.81363],[100.67433,13.81337],[100.67437,13.81314],[100.67437,13.81299],[100.67435,13.81287],[100.6743,13.81274],[100.67426,13.81263],[100.67415,13.81243],[100.67413,13.81232],[100.67412,13.81223],[100.67414,13.8121],[100.67421,13.81198],[100.67433,13.81182],[100.67457,13.81147],[100.67475,13.81117],[100.67503,13.81071],[100.67511,13.81059],[100.67528,13.81041],[100.67547,13.81024],[100.67571,13.81008],[100.67587,13.80994],[100.67597,13.8098],[100.67613,13.80952],[100.67631,13.80918],[100.67648,13.80889],[100.67679,13.80829],[100.67707,13.80775],[100.6772,13.80744],[100.67737,13.80709],[100.67749,13.80676],[100.67766,13.80635],[100.67807,13.80535],[100.67837,13.80476],[100.67904,13.80373],[100.67932,13.80339],[100.67952,13.80316],[100.67989,13.8029],[100.68066,13.80244],[100.68074,13.8024],[100.68082,13.80234],[100.68088,13.80228],[100.68093,13.80221],[100.68097,13.80207],[100.681,13.80192],[100.68108,13.80163],[100.68122,13.80105],[100.68146,13.80068],[100.68166,13.80036],[100.68198,13.79984],[100.6822,13.79937],[100.68249,13.79861],[100.68305,13.79751],[100.68326,13.79724],[100.68344,13.79687],[100.68369,13.79652],[100.68387,13.79635],[100.68421,13.79614],[100.6843,13.79605],[100.68439,13.79595],[100.68457,13.79567],[100.685,13.79497],[100.68568,13.79386],[100.68622,13.79303],[100.68657,13.79253],[100.68683,13.79177],[100.68712,13.79147],[100.68728,13.79118],[100.68741,13.79088],[100.6876,13.79065],[100.68766,13.79062],[100.68767,13.79055],[100.68766,13.79049],[100.68766,13.79039],[100.68769,13.79031],[100.68777,13.79018],[100.68798,13.78968],[100.68798,13.78961],[100.68795,13.78916],[100.68812,13.78871],[100.68824,13.78849],[100.6883,13.7884],[100.68831,13.78838],[100.68624,13.78729],[100.68479,13.78652],[100.68436,13.7863],[100.6838,13.78598],[100.68102,13.7844],[100.68064,13.78419],[100.67898,13.78328],[100.67897,13.78327],[100.67605,13.78163],[100.67366,13.78038],[100.67341,13.78025],[100.67261,13.77981],[100.67109,13.77896],[100.6703,13.7785],[100.66985,13.77824],[100.6685,13.77745],[100.66847,13.77744],[100.66816,13.77727],[100.6657,13.77594],[100.66542,13.77579],[100.66474,13.77542],[100.66464,13.77537]]]}},{"type":"Feature","properties":{"name_th":"สน.บุคคโล","name_en":"BUKHALO","type":"สน.","area_km2":3.576},"geometry":{"type":"Polygon","coordinates":[[[100.49069,13.70178],[100.49067,13.70174],[100.49013,13.70063],[100.48945,13.69917],[100.48914,13.69786],[100.48904,13.69703],[100.48907,13.69583],[100.48907,13.69522],[100.48908,13.69481],[100.48931,13.69362],[100.48966,13.69241],[100.49025,13.69105],[100.49057,13.69064],[100.49062,13.69058],[100.49047,13.69033],[100.49025,13.6898],[100.49027,13.68915],[100.49021,13.68876],[100.49015,13.68836],[100.49012,13.68788],[100.49,13.68759],[100.48979,13.68738],[100.48957,13.68659],[100.48927,13.68606],[100.48907,13.68531],[100.48881,13.68459],[100.48773,13.68533],[100.48699,13.68583],[100.48553,13.68682],[100.48275,13.68879],[100.48195,13.68942],[100.48157,13.68987],[100.48129,13.69036],[100.48113,13.69104],[100.48112,13.6911],[100.48112,13.69172],[100.48128,13.69237],[100.48178,13.69391],[100.48179,13.69392],[100.48233,13.6954],[100.48223,13.69545],[100.48212,13.69551],[100.48206,13.69554],[100.48145,13.69571],[100.48134,13.69575],[100.48101,13.69587],[100.48093,13.6959],[100.48075,13.69613],[100.48066,13.69621],[100.48055,13.69629],[100.48046,13.69635],[100.48041,13.69639],[100.48035,13.69643],[100.48026,13.69654],[100.4802,13.69683],[100.48006,13.6972],[100.47993,13.69756],[100.47984,13.69772],[100.47959,13.69795],[100.47957,13.69797],[100.47954,13.69802],[100.47951,13.69806],[100.47948,13.6985],[100.47942,13.69864],[100.47936,13.69875],[100.47936,13.69899],[100.47924,13.69931],[100.4792,13.6995],[100.47916,13.69964],[100.47912,13.69982],[100.47907,13.70001],[100.47905,13.70012],[100.47903,13.70026],[100.479,13.70039],[100.47898,13.70045],[100.47889,13.70092],[100.47876,13.70144],[100.47877,13.70147],[100.47877,13.70152],[100.47878,13.70159],[100.47871,13.702],[100.4786,13.70239],[100.47849,13.70263],[100.47832,13.70339],[100.47824,13.70379],[100.47813,13.70429],[100.47804,13.70454],[100.47804,13.70457],[100.47791,13.70508],[100.47787,13.70522],[100.47775,13.70573],[100.47772,13.70587],[100.47761,13.7063],[100.47761,13.70632],[100.4776,13.70635],[100.4775,13.70684],[100.47743,13.70721],[100.47728,13.70776],[100.47713,13.7082],[100.47699,13.70861],[100.47698,13.70877],[100.47702,13.7089],[100.47705,13.70901],[100.47704,13.70911],[100.47701,13.70924],[100.47697,13.70939],[100.4769,13.70959],[100.47666,13.71012],[100.47666,13.71016],[100.47663,13.71027],[100.47655,13.71063],[100.4764,13.71118],[100.4764,13.71118],[100.47639,13.7112],[100.47637,13.71131],[100.47638,13.71142],[100.47638,13.71165],[100.47638,13.71175],[100.47635,13.71185],[100.47623,13.71214],[100.47609,13.7128],[100.47589,13.71344],[100.47584,13.71383],[100.47573,13.7147],[100.47574,13.7147],[100.47608,13.71476],[100.47647,13.71479],[100.47659,13.71481],[100.47732,13.71489],[100.47786,13.71493],[100.47818,13.71495],[100.47835,13.71495],[100.47861,13.71495],[100.47959,13.71512],[100.4806,13.71531],[100.48056,13.71545],[100.48056,13.71545],[100.48057,13.71546],[100.4814,13.71591],[100.48193,13.71619],[100.48262,13.7165],[100.48298,13.71667],[100.48346,13.71691],[100.48391,13.71714],[100.4841,13.71724],[100.48417,13.71728],[100.48454,13.71746],[100.48493,13.71761],[100.48491,13.71764],[100.48481,13.71779],[100.48621,13.71843],[100.48683,13.71868],[100.48893,13.71923],[100.49016,13.71959],[100.49061,13.7197],[100.49061,13.7197],[100.49071,13.71972],[100.49083,13.71975],[100.49098,13.71979],[100.48758,13.70999],[100.48575,13.70481],[100.48854,13.70317],[100.49069,13.70178]]]}},{"type":"Feature","properties":{"name_th":"สน.บุปผาราม","name_en":"BUPPHA RAM","type":"สน.","area_km2":1.745},"geometry":{"type":"Polygon","coordinates":[[[100.50388,13.73699],[100.50226,13.73237],[100.50223,13.7323],[100.50079,13.72823],[100.49506,13.72684],[100.49507,13.72677],[100.49537,13.72539],[100.49546,13.72475],[100.4955,13.72421],[100.49552,13.72385],[100.49555,13.72354],[100.49553,13.723],[100.49548,13.72194],[100.49548,13.72133],[100.49474,13.72135],[100.49386,13.72134],[100.49288,13.72126],[100.49288,13.72126],[100.49184,13.72111],[100.49115,13.72098],[100.49247,13.72485],[100.49273,13.7256],[100.49259,13.72575],[100.49252,13.72582],[100.49245,13.7259],[100.4924,13.72598],[100.49236,13.72608],[100.49234,13.72617],[100.49233,13.72627],[100.49233,13.72637],[100.49234,13.72641],[100.49237,13.72662],[100.49242,13.72669],[100.49251,13.72681],[100.49261,13.72691],[100.49277,13.727],[100.49291,13.72706],[100.49314,13.72709],[100.49334,13.72707],[100.49336,13.72706],[100.49351,13.72701],[100.4935,13.72708],[100.49409,13.72882],[100.49479,13.73084],[100.49468,13.73092],[100.49357,13.73175],[100.49221,13.73282],[100.49131,13.73353],[100.48976,13.73472],[100.4887,13.73559],[100.48782,13.736],[100.4878,13.73601],[100.48783,13.73607],[100.48797,13.73637],[100.48811,13.73673],[100.48824,13.73706],[100.48842,13.73752],[100.48856,13.73805],[100.48873,13.73836],[100.48887,13.73864],[100.48906,13.739],[100.48934,13.73941],[100.48966,13.73985],[100.49003,13.74032],[100.49029,13.74062],[100.49048,13.74074],[100.49143,13.7418],[100.49147,13.74174],[100.49167,13.74139],[100.4931,13.74022],[100.49435,13.73958],[100.49656,13.73877],[100.49798,13.73832],[100.49823,13.73824],[100.49953,13.73792],[100.50151,13.7374],[100.50292,13.73714],[100.50388,13.73699]]]}},{"type":"Feature","properties":{"name_th":"สน.ปทุมวัน","name_en":"PATHUMWAN","type":"สน.","area_km2":4.637},"geometry":{"type":"Polygon","coordinates":[[[100.519,13.75258],[100.51945,13.75254],[100.52013,13.7523],[100.5207,13.75192],[100.5215,13.75143],[100.52217,13.75101],[100.52253,13.75081],[100.52377,13.75017],[100.52395,13.75006],[100.52438,13.74978],[100.52466,13.7496],[100.52497,13.74936],[100.52515,13.74924],[100.52519,13.74924],[100.52532,13.74922],[100.52555,13.74922],[100.52623,13.74933],[100.52673,13.74945],[100.52726,13.74952],[100.52759,13.74954],[100.52815,13.74946],[100.52866,13.74939],[100.52916,13.7493],[100.52959,13.74922],[100.53003,13.74921],[100.53054,13.74918],[100.53107,13.74915],[100.53117,13.74914],[100.5325,13.74904],[100.53312,13.74901],[100.53423,13.7491],[100.5352,13.74922],[100.53572,13.74933],[100.53606,13.74946],[100.53637,13.74956],[100.5367,13.7496],[100.53771,13.74958],[100.53836,13.74946],[100.53937,13.74941],[100.54058,13.74931],[100.54093,13.7493],[100.54067,13.7478],[100.54013,13.74447],[100.53936,13.7393],[100.53873,13.7352],[100.53851,13.73454],[100.53687,13.73041],[100.53659,13.72972],[100.53653,13.7296],[100.53647,13.72948],[100.53543,13.72992],[100.53373,13.73065],[100.53357,13.73071],[100.53058,13.73196],[100.52976,13.73231],[100.52884,13.73268],[100.52866,13.73276],[100.52821,13.73294],[100.52676,13.73351],[100.52264,13.7352],[100.52155,13.73562],[100.52069,13.73596],[100.51874,13.73673],[100.51577,13.73787],[100.51577,13.73801],[100.51576,13.73828],[100.51576,13.73861],[100.51577,13.73938],[100.51578,13.74007],[100.51582,13.74102],[100.51585,13.7416],[100.51589,13.74198],[100.51595,13.74255],[100.51605,13.74326],[100.51613,13.74393],[100.51675,13.74759],[100.51695,13.74892],[100.51716,13.75021],[100.51741,13.75224],[100.51742,13.75301],[100.51813,13.75283],[100.519,13.75258]]]}},{"type":"Feature","properties":{"name_th":"สน.ประชาชื่น","name_en":"PRACHACHUEN","type":"สน.","area_km2":11.736},"geometry":{"type":"Polygon","coordinates":[[[100.50934,13.82477],[100.50924,13.82493],[100.50918,13.82509],[100.50919,13.82531],[100.50929,13.82553],[100.50933,13.82558],[100.50935,13.8256],[100.50936,13.8256],[100.50947,13.82564],[100.5096,13.82561],[100.50965,13.8256],[100.50981,13.82552],[100.50995,13.82545],[100.51015,13.82533],[100.51027,13.82526],[100.5104,13.82521],[100.51044,13.8252],[100.51058,13.82519],[100.5107,13.82521],[100.51078,13.82526],[100.51081,13.82535],[100.51084,13.82544],[100.51085,13.82564],[100.51087,13.82577],[100.51087,13.8259],[100.5109,13.82605],[100.51091,13.8261],[100.511,13.82616],[100.51115,13.8262],[100.51142,13.82614],[100.51168,13.8261],[100.51182,13.82607],[100.51196,13.82603],[100.51211,13.82591],[100.51249,13.82521],[100.51267,13.8249],[100.5127,13.82486],[100.51281,13.82471],[100.51284,13.8247],[100.51297,13.82468],[100.51311,13.82474],[100.51315,13.82485],[100.51315,13.82491],[100.51313,13.82514],[100.51311,13.82537],[100.5131,13.82564],[100.5131,13.82585],[100.51312,13.82597],[100.51313,13.82602],[100.51328,13.82619],[100.5133,13.8262],[100.51337,13.82627],[100.51344,13.82633],[100.51347,13.82635],[100.51368,13.82637],[100.51388,13.82642],[100.51433,13.82665],[100.51449,13.82674],[100.51466,13.82682],[100.51487,13.82688],[100.51502,13.8269],[100.51517,13.82695],[100.5152,13.82696],[100.51532,13.82699],[100.51549,13.82713],[100.51558,13.82726],[100.51563,13.8273],[100.51568,13.82738],[100.51575,13.82751],[100.5158,13.82781],[100.51579,13.82808],[100.51579,13.82815],[100.51579,13.82827],[100.51582,13.82841],[100.51585,13.82851],[100.51602,13.82867],[100.51629,13.8288],[100.51646,13.8289],[100.51664,13.82903],[100.51686,13.82919],[100.51704,13.82934],[100.51716,13.82945],[100.51726,13.82955],[100.51738,13.82967],[100.51748,13.82977],[100.51752,13.82981],[100.51764,13.8299],[100.51773,13.82998],[100.51789,13.83008],[100.51806,13.83018],[100.51815,13.83027],[100.51827,13.83037],[100.51842,13.83047],[100.51855,13.83054],[100.51874,13.83068],[100.51887,13.8308],[100.51896,13.83091],[100.51909,13.83104],[100.51926,13.83119],[100.51938,13.83132],[100.5194,13.83135],[100.51956,13.83148],[100.51972,13.83161],[100.51986,13.83173],[100.52009,13.83191],[100.52028,13.83207],[100.52035,13.83213],[100.52052,13.83231],[100.52059,13.8324],[100.52063,13.83244],[100.52081,13.83266],[100.52094,13.83275],[100.52102,13.83281],[100.52107,13.83286],[100.52112,13.83291],[100.52122,13.83297],[100.52137,13.83307],[100.52147,13.83316],[100.52152,13.8332],[100.52161,13.83328],[100.52179,13.83345],[100.52192,13.83356],[100.5221,13.83369],[100.52225,13.83379],[100.52245,13.83394],[100.52258,13.83407],[100.52266,13.8342],[100.52275,13.83431],[100.52288,13.8345],[100.52304,13.83462],[100.52321,13.83471],[100.52324,13.83473],[100.52334,13.83482],[100.52337,13.83486],[100.52346,13.83497],[100.52361,13.83517],[100.52364,13.83522],[100.52367,13.83524],[100.52393,13.83542],[100.52407,13.83554],[100.52429,13.83569],[100.52445,13.83581],[100.52457,13.8359],[100.52479,13.83613],[100.52493,13.83627],[100.52508,13.8364],[100.52526,13.83658],[100.52545,13.83674],[100.52554,13.83678],[100.52566,13.83686],[100.52567,13.83687],[100.52579,13.83695],[100.52582,13.83698],[100.52587,13.83705],[100.52596,13.83713],[100.526,13.8372],[100.52602,13.83723],[100.52606,13.83725],[100.52629,13.8374],[100.52643,13.83752],[100.52656,13.83761],[100.52671,13.83775],[100.52675,13.83779],[100.5271,13.83808],[100.52734,13.83831],[100.52763,13.83859],[100.5278,13.83876],[100.52818,13.83906],[100.52866,13.83946],[100.52892,13.8397],[100.52913,13.8399],[100.52927,13.84004],[100.52929,13.84006],[100.52952,13.84025],[100.52958,13.8403],[100.52962,13.84035],[100.52972,13.84042],[100.52976,13.84046],[100.52982,13.84053],[100.52988,13.84059],[100.52988,13.84061],[100.52999,13.84078],[100.53008,13.84081],[100.53034,13.84098],[100.53052,13.84115],[100.53062,13.84128],[100.53062,13.84128],[100.53072,13.8414],[100.53082,13.84148],[100.53095,13.84161],[100.53109,13.84174],[100.53127,13.8419],[100.53129,13.84191],[100.53148,13.842],[100.53162,13.84206],[100.53184,13.84221],[100.53196,13.84237],[100.53208,13.84252],[100.5322,13.84267],[100.53231,13.84273],[100.53234,13.84274],[100.53251,13.8429],[100.53267,13.84313],[100.53281,13.84324],[100.53286,13.84328],[100.53309,13.84341],[100.53329,13.84357],[100.53348,13.84379],[100.53361,13.84395],[100.5337,13.84406],[100.53393,13.84428],[100.53411,13.84444],[100.53415,13.84447],[100.53434,13.84459],[100.53455,13.84476],[100.53473,13.84484],[100.53491,13.84496],[100.53508,13.8451],[100.5352,13.84526],[100.53532,13.84544],[100.53557,13.84567],[100.53572,13.84577],[100.53589,13.84596],[100.53604,13.84609],[100.53605,13.84609],[100.53621,13.84616],[100.53635,13.84622],[100.5365,13.84625],[100.53664,13.84629],[100.53679,13.84636],[100.53692,13.84644],[100.5371,13.84652],[100.53727,13.84656],[100.53742,13.84661],[100.53754,13.84669],[100.53771,13.84684],[100.53789,13.84701],[100.53795,13.84707],[100.53798,13.84709],[100.53824,13.84724],[100.53849,13.84735],[100.5387,13.84745],[100.5387,13.84745],[100.53892,13.84754],[100.53927,13.84768],[100.53975,13.84789],[100.54014,13.84805],[100.54045,13.8482],[100.54097,13.84843],[100.54116,13.84855],[100.54119,13.84857],[100.54124,13.8486],[100.54142,13.84869],[100.54152,13.84874],[100.5416,13.84877],[100.54176,13.84883],[100.54205,13.84894],[100.54223,13.849],[100.54236,13.84909],[100.54248,13.84915],[100.54265,13.84921],[100.54268,13.84922],[100.54286,13.84926],[100.54301,13.84933],[100.54324,13.84942],[100.5433,13.84948],[100.54331,13.84948],[100.54336,13.84959],[100.54337,13.84962],[100.54339,13.84969],[100.54345,13.84988],[100.54348,13.84989],[100.5436,13.84988],[100.54386,13.84987],[100.5452,13.85564],[100.54531,13.85611],[100.54589,13.85603],[100.54644,13.85587],[100.54735,13.85545],[100.5489,13.85451],[100.55254,13.85251],[100.55259,13.85248],[100.55464,13.85133],[100.55814,13.84934],[100.55965,13.84848],[100.561,13.84772],[100.55921,13.84439],[100.55419,13.83505],[100.55155,13.8301],[100.5503,13.82777],[100.54857,13.82454],[100.54805,13.82357],[100.54721,13.82196],[100.54598,13.81941],[100.54438,13.8162],[100.54477,13.81719],[100.54489,13.81756],[100.54492,13.81764],[100.54493,13.81776],[100.54496,13.81807],[100.54496,13.81808],[100.54487,13.81856],[100.54467,13.81906],[100.54438,13.81957],[100.54435,13.81961],[100.54432,13.81965],[100.54382,13.82019],[100.5438,13.82021],[100.54339,13.82053],[100.54321,13.82066],[100.54297,13.82078],[100.54281,13.82085],[100.54266,13.82093],[100.54258,13.82095],[100.54194,13.82111],[100.54193,13.82111],[100.53147,13.82215],[100.52949,13.82233],[100.52879,13.82234],[100.52784,13.82228],[100.52699,13.82214],[100.52584,13.82181],[100.52476,13.82134],[100.52381,13.82082],[100.52299,13.8202],[100.52179,13.81917],[100.51841,13.81606],[100.51602,13.81396],[100.51594,13.81405],[100.51487,13.81479],[100.51372,13.81543],[100.51169,13.81605],[100.50976,13.81672],[100.50811,13.81716],[100.50681,13.8176],[100.50667,13.81798],[100.50666,13.81799],[100.50653,13.81841],[100.50649,13.81853],[100.50642,13.81867],[100.50634,13.81886],[100.50628,13.81904],[100.50629,13.81925],[100.50644,13.81959],[100.5066,13.81995],[100.50671,13.82013],[100.50678,13.82035],[100.5069,13.82062],[100.50697,13.8209],[100.50707,13.82108],[100.50713,13.82123],[100.5072,13.8213],[100.50733,13.82136],[100.50741,13.8214],[100.50742,13.82141],[100.50758,13.82155],[100.50759,13.82164],[100.50762,13.82175],[100.50759,13.82184],[100.50758,13.82191],[100.50756,13.8221],[100.50756,13.8222],[100.50757,13.82237],[100.50755,13.82257],[100.50757,13.82262],[100.50763,13.82275],[100.50778,13.8229],[100.50779,13.82291],[100.50797,13.82297],[100.50821,13.82306],[100.50832,13.82312],[100.50839,13.82321],[100.50843,13.82325],[100.50855,13.82337],[100.50856,13.82338],[100.50863,13.82345],[100.50865,13.82345],[100.50877,13.82347],[100.50895,13.82352],[100.5091,13.82354],[100.50928,13.82358],[100.50928,13.82358],[100.50944,13.82361],[100.50958,13.82365],[100.50982,13.8238],[100.5099,13.82386],[100.50992,13.82389],[100.51002,13.82399],[100.51012,13.82414],[100.51013,13.82415],[100.51018,13.82425],[100.51018,13.82427],[100.51015,13.82439],[100.51006,13.8245],[100.50998,13.82455],[100.50997,13.82455],[100.50978,13.82456],[100.50959,13.82457],[100.50947,13.82459],[100.50934,13.82477]]]}},{"type":"Feature","properties":{"name_th":"สน.ประชาสำราญ","name_en":"PRACHA SAMRAN","type":"สน.","area_km2":45.164},"geometry":{"type":"Polygon","coordinates":[[[100.90939,13.90913],[100.90933,13.90842],[100.90912,13.90686],[100.90896,13.90563],[100.90872,13.90373],[100.90865,13.90278],[100.90849,13.90159],[100.90839,13.90014],[100.90827,13.899],[100.9082,13.89863],[100.90812,13.89771],[100.9081,13.89753],[100.90807,13.89712],[100.90806,13.89702],[100.90745,13.89679],[100.90682,13.8973],[100.90665,13.89744],[100.90435,13.89859],[100.90432,13.8986],[100.9011,13.89899],[100.89993,13.89857],[100.89993,13.89857],[100.89931,13.89485],[100.89931,13.89485],[100.89806,13.89379],[100.89806,13.89379],[100.89732,13.89258],[100.89731,13.89258],[100.89629,13.89194],[100.89628,13.89194],[100.89576,13.89102],[100.89576,13.89102],[100.89569,13.89092],[100.89406,13.88889],[100.89295,13.88682],[100.89295,13.88682],[100.89207,13.8864],[100.8895,13.88627],[100.88723,13.8855],[100.88518,13.88595],[100.88213,13.88912],[100.88097,13.8897],[100.87789,13.8903],[100.87644,13.89131],[100.87279,13.89017],[100.87198,13.88997],[100.87125,13.88943],[100.87075,13.88928],[100.87015,13.8889],[100.86361,13.88806],[100.86361,13.88806],[100.86355,13.88571],[100.86355,13.88571],[100.86314,13.88567],[100.86314,13.88566],[100.86315,13.88554],[100.86308,13.88514],[100.86236,13.8842],[100.86161,13.88321],[100.86152,13.88312],[100.86053,13.88254],[100.85939,13.88182],[100.85935,13.88184],[100.85926,13.8819],[100.85923,13.88192],[100.85899,13.88221],[100.85882,13.88239],[100.85863,13.88257],[100.85852,13.88266],[100.85845,13.88269],[100.85831,13.8827],[100.85795,13.88263],[100.85782,13.88263],[100.85771,13.88265],[100.85748,13.88279],[100.85707,13.88303],[100.85703,13.88304],[100.85631,13.88331],[100.85596,13.8834],[100.85568,13.88347],[100.8555,13.88349],[100.85538,13.88351],[100.85509,13.88366],[100.85508,13.88367],[100.855,13.8837],[100.85444,13.88394],[100.85436,13.884],[100.85406,13.88421],[100.8538,13.88433],[100.85333,13.88462],[100.853,13.88479],[100.85259,13.88491],[100.8513,13.88514],[100.85029,13.88542],[100.8499,13.88556],[100.84961,13.88584],[100.84933,13.88628],[100.84932,13.88631],[100.8493,13.88639],[100.84928,13.88656],[100.84929,13.88683],[100.84933,13.88702],[100.84935,13.88709],[100.84942,13.88727],[100.84947,13.88734],[100.85067,13.8893],[100.85077,13.88952],[100.85077,13.88978],[100.85076,13.88984],[100.85075,13.88988],[100.85061,13.8901],[100.85054,13.89024],[100.8505,13.89052],[100.85047,13.8906],[100.85047,13.89062],[100.85025,13.89066],[100.85019,13.89067],[100.85019,13.89084],[100.85019,13.89108],[100.85007,13.89236],[100.8499,13.89349],[100.84965,13.89516],[100.84963,13.89541],[100.84959,13.89627],[100.84954,13.89645],[100.84943,13.89669],[100.84923,13.89703],[100.84912,13.89756],[100.84912,13.89772],[100.84915,13.89785],[100.84952,13.89856],[100.84968,13.89908],[100.85009,13.89983],[100.85023,13.90012],[100.8503,13.90049],[100.85036,13.90167],[100.85023,13.90206],[100.85014,13.90226],[100.85009,13.90285],[100.85011,13.90306],[100.85036,13.90362],[100.85053,13.9043],[100.85053,13.90459],[100.85034,13.90488],[100.8499,13.90543],[100.84926,13.90641],[100.84866,13.90753],[100.84828,13.90832],[100.84785,13.9089],[100.84761,13.90907],[100.84737,13.90914],[100.847,13.90909],[100.84601,13.90882],[100.84549,13.90859],[100.84498,13.90833],[100.84453,13.90795],[100.84453,13.90795],[100.84397,13.9073],[100.84374,13.90708],[100.84337,13.9069],[100.84277,13.90674],[100.8424,13.90673],[100.84168,13.90696],[100.84041,13.90734],[100.8395,13.90734],[100.83866,13.907],[100.83832,13.90684],[100.83822,13.90828],[100.83816,13.90984],[100.83828,13.91254],[100.83836,13.91478],[100.83851,13.91829],[100.83866,13.92217],[100.83879,13.92466],[100.839,13.92755],[100.83893,13.93041],[100.83912,13.93364],[100.83959,13.93651],[100.83992,13.93857],[100.84019,13.94072],[100.84066,13.94078],[100.84156,13.94087],[100.84235,13.94094],[100.84345,13.94108],[100.84456,13.94119],[100.84565,13.94133],[100.84677,13.94143],[100.84789,13.94154],[100.84944,13.94171],[100.85053,13.9418],[100.85158,13.94191],[100.85274,13.94204],[100.85382,13.94216],[100.85491,13.94228],[100.85596,13.94241],[100.85711,13.94257],[100.8585,13.94275],[100.85929,13.94287],[100.86035,13.94301],[100.8614,13.94314],[100.86297,13.94333],[100.86387,13.94343],[100.86403,13.94344],[100.86513,13.94356],[100.86581,13.94364],[100.86639,13.94371],[100.86747,13.94382],[100.86859,13.94394],[100.87,13.94408],[100.87123,13.9442],[100.87299,13.94439],[100.87453,13.94456],[100.87557,13.94465],[100.87731,13.94485],[100.87877,13.945],[100.88005,13.94512],[100.88111,13.94524],[100.88189,13.94532],[100.88218,13.94535],[100.88327,13.94547],[100.88439,13.94558],[100.88545,13.94569],[100.88658,13.94581],[100.88772,13.94596],[100.88938,13.94616],[100.88985,13.94621],[100.89131,13.94639],[100.89343,13.94663],[100.89551,13.94687],[100.89871,13.94719],[100.901,13.94742],[100.90325,13.94764],[100.90556,13.94785],[100.90781,13.94805],[100.90989,13.94825],[100.91215,13.94847],[100.91402,13.94865],[100.9141,13.94866],[100.9141,13.94847],[100.91402,13.94636],[100.91399,13.94635],[100.91404,13.94624],[100.91401,13.94604],[100.91393,13.9452],[100.91375,13.94413],[100.91361,13.94262],[100.91353,13.94157],[100.91334,13.94014],[100.91315,13.93847],[100.913,13.93765],[100.91299,13.93742],[100.91297,13.93731],[100.91296,13.93704],[100.91294,13.93676],[100.91286,13.93599],[100.91264,13.93455],[100.91255,13.93346],[100.91255,13.93344],[100.91254,13.9334],[100.91235,13.93252],[100.91229,13.93201],[100.91226,13.93184],[100.91226,13.93174],[100.9122,13.93119],[100.91206,13.92986],[100.91187,13.92851],[100.91182,13.92765],[100.91182,13.92762],[100.91182,13.92761],[100.91162,13.92675],[100.9115,13.9255],[100.91135,13.92447],[100.91122,13.92337],[100.91097,13.92146],[100.91087,13.9202],[100.91086,13.92012],[100.91066,13.91892],[100.91049,13.91759],[100.91035,13.91666],[100.91017,13.91512],[100.91002,13.91402],[100.90983,13.91246],[100.90954,13.91001],[100.90939,13.90913]]]}},{"type":"Feature","properties":{"name_th":"สน.ประเวศ","name_en":"PAWAT","type":"สน.","area_km2":43.052},"geometry":{"type":"Polygon","coordinates":[[[100.64653,13.68395],[100.64653,13.68395],[100.64688,13.68827],[100.64727,13.69278],[100.64747,13.69557],[100.64747,13.69652],[100.64739,13.69717],[100.64712,13.69843],[100.64614,13.70262],[100.64579,13.70412],[100.64348,13.71391],[100.643,13.71602],[100.64235,13.7193],[100.64218,13.72075],[100.64194,13.72432],[100.64167,13.72773],[100.64144,13.73062],[100.64109,13.73563],[100.64109,13.7358],[100.64177,13.73829],[100.64257,13.74169],[100.64364,13.746],[100.64379,13.7466],[100.64396,13.74731],[100.64447,13.74919],[100.6453,13.75195],[100.64711,13.751],[100.64812,13.75045],[100.64876,13.75007],[100.64916,13.74983],[100.64965,13.74961],[100.65138,13.74891],[100.65207,13.74871],[100.65303,13.74851],[100.65492,13.74812],[100.65662,13.74779],[100.65766,13.74762],[100.65825,13.74753],[100.66141,13.74677],[100.66276,13.74643],[100.66445,13.74633],[100.66536,13.7463],[100.66571,13.74623],[100.66574,13.74622],[100.66592,13.74646],[100.66593,13.74647],[100.66605,13.74668],[100.66609,13.74671],[100.66623,13.74685],[100.66649,13.74699],[100.66686,13.74713],[100.66699,13.74718],[100.667,13.74718],[100.66739,13.74733],[100.66786,13.74747],[100.66814,13.74756],[100.66846,13.74764],[100.66874,13.74773],[100.66923,13.74772],[100.66944,13.74772],[100.67006,13.74766],[100.67025,13.74766],[100.67047,13.74769],[100.67064,13.7478],[100.67084,13.74797],[100.67098,13.74811],[100.67114,13.74838],[100.67125,13.74852],[100.67149,13.74879],[100.67168,13.74895],[100.67195,13.74918],[100.67222,13.74932],[100.67248,13.7494],[100.67263,13.74943],[100.67283,13.7494],[100.67333,13.74921],[100.67409,13.74886],[100.67456,13.74869],[100.67503,13.74855],[100.67521,13.74855],[100.67522,13.74855],[100.67562,13.74855],[100.67593,13.74863],[100.67619,13.74867],[100.6765,13.74875],[100.67693,13.74889],[100.67727,13.74903],[100.67751,13.74915],[100.67786,13.74961],[100.67806,13.74997],[100.67812,13.75017],[100.67817,13.75037],[100.67839,13.75088],[100.6787,13.75139],[100.67895,13.75179],[100.67891,13.75205],[100.67891,13.75206],[100.67938,13.75289],[100.67959,13.75361],[100.67989,13.75433],[100.67994,13.75468],[100.68001,13.7548],[100.68011,13.75483],[100.68042,13.75474],[100.68095,13.75455],[100.68191,13.75413],[100.68212,13.75404],[100.6824,13.75396],[100.68268,13.75396],[100.68299,13.75403],[100.6833,13.75422],[100.68357,13.75436],[100.68386,13.75441],[100.68428,13.75441],[100.6852,13.75418],[100.68678,13.75371],[100.68707,13.75364],[100.68734,13.75362],[100.68759,13.75362],[100.68789,13.75371],[100.68835,13.75389],[100.68901,13.75425],[100.68974,13.7545],[100.69025,13.75454],[100.69067,13.7544],[100.69093,13.7543],[100.69149,13.75431],[100.69213,13.75463],[100.69275,13.75482],[100.69341,13.75492],[100.69377,13.75505],[100.69432,13.75547],[100.69481,13.75624],[100.69521,13.7572],[100.69577,13.75789],[100.69606,13.75848],[100.6964,13.75943],[100.69661,13.75998],[100.69679,13.76029],[100.69707,13.76061],[100.69754,13.76131],[100.69768,13.76172],[100.69779,13.76187],[100.69828,13.76214],[100.6987,13.76236],[100.69933,13.76299],[100.69939,13.76309],[100.69964,13.76374],[100.69992,13.76402],[100.70035,13.76408],[100.70077,13.7642],[100.70133,13.76422],[100.70182,13.76454],[100.70209,13.76471],[100.70245,13.76476],[100.70273,13.7647],[100.70326,13.76455],[100.70422,13.76409],[100.70461,13.76387],[100.70483,13.76387],[100.7062,13.76403],[100.7065,13.76401],[100.70673,13.76393],[100.70726,13.76365],[100.70774,13.76341],[100.70805,13.76333],[100.70902,13.76314],[100.70927,13.76301],[100.70941,13.76286],[100.70955,13.76194],[100.70962,13.76165],[100.70956,13.76157],[100.70919,13.76108],[100.70894,13.76069],[100.7087,13.76032],[100.70856,13.7601],[100.7085,13.75999],[100.70845,13.75991],[100.70821,13.7595],[100.7082,13.75947],[100.70816,13.75941],[100.70771,13.75881],[100.70747,13.75848],[100.70727,13.75821],[100.70712,13.75795],[100.70692,13.75762],[100.7068,13.75742],[100.70655,13.75662],[100.70689,13.75659],[100.70745,13.75637],[100.70804,13.75629],[100.70854,13.75627],[100.7097,13.75641],[100.70969,13.75561],[100.70965,13.75529],[100.7096,13.75482],[100.70957,13.75419],[100.70956,13.7538],[100.7095,13.75307],[100.70946,13.7521],[100.70944,13.7518],[100.70938,13.75088],[100.70933,13.75025],[100.70929,13.7493],[100.70929,13.74912],[100.70919,13.74832],[100.70916,13.74767],[100.70915,13.74751],[100.70914,13.74725],[100.70914,13.7467],[100.70913,13.74651],[100.70913,13.74584],[100.7091,13.74554],[100.7091,13.74502],[100.70911,13.74451],[100.70909,13.74418],[100.70894,13.74302],[100.70891,13.74207],[100.70887,13.74144],[100.70883,13.74093],[100.70883,13.7406],[100.70878,13.74025],[100.70874,13.73982],[100.70875,13.73953],[100.70875,13.73909],[100.70878,13.7387],[100.70873,13.7383],[100.70864,13.73781],[100.70865,13.73738],[100.70862,13.73697],[100.70859,13.73639],[100.70859,13.73595],[100.70859,13.7356],[100.70852,13.73501],[100.70843,13.73451],[100.70838,13.73399],[100.70835,13.73334],[100.70833,13.73274],[100.70831,13.73245],[100.70829,13.73221],[100.70828,13.73167],[100.70827,13.73139],[100.70832,13.73106],[100.70831,13.73068],[100.70827,13.73038],[100.70836,13.72926],[100.70845,13.72806],[100.70857,13.7269],[100.70867,13.72621],[100.7087,13.72584],[100.70874,13.72541],[100.70877,13.7251],[100.70879,13.72469],[100.70883,13.7242],[100.70889,13.72386],[100.70446,13.7239],[100.69772,13.72385],[100.69783,13.72139],[100.69798,13.71834],[100.69792,13.71806],[100.69691,13.71641],[100.69605,13.71538],[100.6953,13.71451],[100.69504,13.7141],[100.69371,13.71135],[100.69268,13.70917],[100.69146,13.70643],[100.69042,13.70408],[100.68919,13.70465],[100.68864,13.70471],[100.68863,13.70471],[100.68774,13.70503],[100.68767,13.70506],[100.68723,13.70528],[100.68722,13.70528],[100.68699,13.70514],[100.68698,13.70513],[100.68677,13.7051],[100.68594,13.70495],[100.68591,13.70494],[100.68492,13.7015],[100.68464,13.70051],[100.68463,13.70051],[100.68451,13.70045],[100.68415,13.70072],[100.68405,13.70074],[100.68092,13.70068],[100.68035,13.70066],[100.67856,13.70062],[100.67853,13.70062],[100.67797,13.70057],[100.6779,13.70056],[100.67616,13.70053],[100.67535,13.70051],[100.67509,13.70044],[100.67488,13.70043],[100.67463,13.70043],[100.67462,13.70034],[100.67456,13.69944],[100.67436,13.69796],[100.67379,13.6968],[100.66594,13.68311],[100.66489,13.68129],[100.66308,13.67809],[100.66247,13.67701],[100.6623,13.67678],[100.66195,13.67657],[100.66157,13.67659],[100.66031,13.67669],[100.65811,13.67689],[100.65312,13.67737],[100.6503,13.67766],[100.64954,13.67771],[100.64806,13.67775],[100.646,13.6778],[100.64615,13.67939],[100.64653,13.68395]]]}},{"type":"Feature","properties":{"name_th":"สน.ปากคลองสาน","name_en":"PAK PHONG SAN","type":"สน.","area_km2":1.919},"geometry":{"type":"Polygon","coordinates":[[[100.49146,13.76116],[100.49096,13.76065],[100.49013,13.75969],[100.48966,13.75877],[100.48885,13.75682],[100.48861,13.75591],[100.48843,13.75445],[100.48831,13.75325],[100.48827,13.7523],[100.48852,13.75078],[100.48879,13.74884],[100.48944,13.7471],[100.49033,13.74546],[100.492,13.74347],[100.49327,13.74208],[100.49408,13.74149],[100.49464,13.74109],[100.497,13.74016],[100.49825,13.73982],[100.49921,13.73955],[100.50009,13.73939],[100.5001,13.73939],[100.50012,13.73939],[100.5023,13.73892],[100.50555,13.73802],[100.50597,13.73788],[100.50607,13.73784],[100.50687,13.73752],[100.5074,13.73731],[100.50903,13.73632],[100.50965,13.73581],[100.51077,13.73489],[100.51233,13.73177],[100.51293,13.72954],[100.51298,13.72935],[100.51334,13.72759],[100.5134,13.72515],[100.51351,13.72254],[100.5132,13.72081],[100.5128,13.71914],[100.51231,13.71714],[100.51105,13.71488],[100.5098,13.71289],[100.50892,13.71181],[100.50728,13.70982],[100.50609,13.7087],[100.50387,13.70672],[100.49964,13.70361],[100.49943,13.7035],[100.49607,13.70179],[100.49333,13.70018],[100.49223,13.70085],[100.49069,13.70178],[100.49156,13.70247],[100.49283,13.70377],[100.49442,13.70496],[100.49594,13.70557],[100.49756,13.70632],[100.49776,13.70641],[100.49973,13.70729],[100.50122,13.70807],[100.50288,13.70893],[100.50606,13.71135],[100.50753,13.71305],[100.50858,13.71437],[100.5097,13.71604],[100.51069,13.71805],[100.51094,13.71875],[100.51116,13.71954],[100.51121,13.71969],[100.5115,13.72075],[100.51169,13.72197],[100.51182,13.72318],[100.51188,13.72447],[100.51187,13.72587],[100.51169,13.72822],[100.51142,13.72953],[100.51121,13.73056],[100.5112,13.7306],[100.51082,13.73154],[100.51016,13.73291],[100.50967,13.73384],[100.50898,13.73457],[100.50839,13.73516],[100.50751,13.7357],[100.50618,13.73623],[100.50449,13.73673],[100.50388,13.73699],[100.50292,13.73714],[100.50151,13.7374],[100.49953,13.73792],[100.49823,13.73824],[100.49798,13.73832],[100.49656,13.73877],[100.49435,13.73958],[100.4931,13.74022],[100.49167,13.74139],[100.49147,13.74174],[100.49143,13.7418],[100.49126,13.7421],[100.49016,13.74365],[100.48889,13.74533],[100.48819,13.74625],[100.48757,13.74736],[100.48731,13.74785],[100.4873,13.74789],[100.48729,13.74795],[100.48701,13.74924],[100.48692,13.75002],[100.48671,13.75177],[100.48671,13.75421],[100.48696,13.75639],[100.48726,13.75783],[100.48769,13.75936],[100.48818,13.76054],[100.48826,13.76074],[100.48827,13.76076],[100.48887,13.76131],[100.48937,13.7618],[100.49024,13.76272],[100.4909,13.76187],[100.49146,13.76116]]]}},{"type":"Feature","properties":{"name_th":"สน.พญาไท","name_en":"PHAYA THAI","type":"สน.","area_km2":7.217},"geometry":{"type":"Polygon","coordinates":[[[100.54326,13.77559],[100.5426,13.77378],[100.54133,13.7703],[100.54117,13.76995],[100.54097,13.76957],[100.53988,13.76761],[100.53904,13.76597],[100.53897,13.76583],[100.53895,13.76573],[100.539,13.76566],[100.53911,13.76551],[100.53917,13.76538],[100.53923,13.76516],[100.53922,13.76494],[100.53917,13.76468],[100.53911,13.76448],[100.54238,13.76299],[100.54242,13.76289],[100.54243,13.76033],[100.54243,13.75897],[100.54242,13.75634],[100.54228,13.75577],[100.54211,13.75505],[100.54224,13.75502],[100.55158,13.7529],[100.55497,13.75213],[100.55453,13.75004],[100.55421,13.74835],[100.55417,13.74813],[100.55299,13.74818],[100.55219,13.74821],[100.55124,13.74825],[100.55065,13.74831],[100.55042,13.74828],[100.55016,13.74829],[100.55008,13.74829],[100.54784,13.74832],[100.54747,13.74828],[100.54641,13.74837],[100.54562,13.74848],[100.5446,13.74859],[100.54408,13.74864],[100.54344,13.74873],[100.54295,13.74884],[100.54177,13.74922],[100.54135,13.74929],[100.54106,13.74929],[100.54093,13.7493],[100.54058,13.74931],[100.53937,13.74941],[100.53836,13.74946],[100.53771,13.74958],[100.5367,13.7496],[100.53637,13.74956],[100.53606,13.74946],[100.53572,13.74933],[100.5352,13.74922],[100.53423,13.7491],[100.53312,13.74901],[100.5325,13.74904],[100.53117,13.74914],[100.53107,13.74915],[100.53054,13.74918],[100.53003,13.74921],[100.52959,13.74922],[100.52916,13.7493],[100.52866,13.74939],[100.52815,13.74946],[100.52759,13.74954],[100.52726,13.74952],[100.52673,13.74945],[100.52623,13.74933],[100.52555,13.74922],[100.52532,13.74922],[100.52519,13.74924],[100.52515,13.74924],[100.52497,13.74936],[100.52466,13.7496],[100.52438,13.74978],[100.52395,13.75006],[100.52377,13.75017],[100.52253,13.75081],[100.52217,13.75101],[100.5215,13.75143],[100.5207,13.75192],[100.52013,13.7523],[100.51945,13.75254],[100.519,13.75258],[100.51904,13.75266],[100.52013,13.75533],[100.52089,13.75719],[100.52123,13.75804],[100.52313,13.76271],[100.52321,13.76291],[100.52336,13.76328],[100.52407,13.76503],[100.52442,13.76586],[100.52626,13.77045],[100.52661,13.7713],[100.52769,13.774],[100.52784,13.77436],[100.52858,13.77615],[100.52859,13.77617],[100.52865,13.77633],[100.52909,13.77742],[100.52948,13.77839],[100.5299,13.77943],[100.53081,13.78166],[100.53165,13.78374],[100.53167,13.78373],[100.53185,13.78366],[100.53415,13.78262],[100.53381,13.7817],[100.53424,13.7815],[100.53468,13.78121],[100.536,13.78031],[100.53762,13.77923],[100.53771,13.77915],[100.5387,13.77857],[100.53905,13.77828],[100.53928,13.778],[100.54004,13.77741],[100.5406,13.77699],[100.54084,13.77681],[100.54102,13.77668],[100.54115,13.77664],[100.54211,13.7779],[100.5426,13.77757],[100.54371,13.77683],[100.54326,13.77559]]]}},{"type":"Feature","properties":{"name_th":"สน.พระราชวัง","name_en":"PHRARATCHAWANG","type":"สน.","area_km2":1.433},"geometry":{"type":"Polygon","coordinates":[[[100.50392,13.74683],[100.50391,13.74678],[100.50352,13.74531],[100.50348,13.7452],[100.50343,13.7451],[100.50328,13.74485],[100.50322,13.74477],[100.5032,13.74474],[100.50316,13.74469],[100.50279,13.7442],[100.50264,13.74399],[100.50211,13.74322],[100.50169,13.74256],[100.50113,13.74174],[100.50078,13.74111],[100.50051,13.7405],[100.50033,13.73995],[100.50012,13.73939],[100.5001,13.73939],[100.50009,13.73939],[100.49921,13.73955],[100.49825,13.73982],[100.497,13.74016],[100.49464,13.74109],[100.49408,13.74149],[100.49327,13.74208],[100.492,13.74347],[100.49033,13.74546],[100.48944,13.7471],[100.48879,13.74884],[100.48852,13.75078],[100.48827,13.7523],[100.49042,13.75236],[100.49346,13.75243],[100.4937,13.75233],[100.49613,13.75243],[100.49615,13.75243],[100.49615,13.75241],[100.49629,13.75132],[100.49629,13.75127],[100.49629,13.75125],[100.4964,13.7497],[100.49633,13.74849],[100.49774,13.74836],[100.4992,13.74823],[100.49994,13.74817],[100.50072,13.74807],[100.50128,13.74801],[100.50129,13.748],[100.50133,13.748],[100.50226,13.74792],[100.50328,13.74784],[100.50374,13.74775],[100.50411,13.74769],[100.50414,13.74768],[100.50412,13.74761],[100.50392,13.74683]]]}},{"type":"Feature","properties":{"name_th":"สน.พระโขนง","name_en":"PHAKHANONG","type":"สน.","area_km2":22.432},"geometry":{"type":"Polygon","coordinates":[[[100.62442,13.68445],[100.61965,13.68437],[100.61112,13.68424],[100.61108,13.68424],[100.61055,13.68423],[100.61051,13.6842],[100.61033,13.68411],[100.61004,13.6839],[100.60965,13.68362],[100.60948,13.68349],[100.60939,13.68342],[100.60934,13.68339],[100.60932,13.68337],[100.60847,13.68287],[100.60847,13.68287],[100.60842,13.68282],[100.6075,13.682],[100.60736,13.68215],[100.60733,13.68218],[100.60731,13.6822],[100.60729,13.68222],[100.60729,13.68223],[100.60729,13.68223],[100.60712,13.68233],[100.60687,13.68235],[100.60672,13.68229],[100.60517,13.68138],[100.60464,13.68106],[100.60307,13.68065],[100.60183,13.68031],[100.60038,13.67989],[100.60025,13.6799],[100.59991,13.68],[100.59986,13.68001],[100.59982,13.68001],[100.59943,13.68003],[100.59929,13.68008],[100.59894,13.68024],[100.59865,13.68028],[100.5982,13.68046],[100.59763,13.68065],[100.59519,13.68141],[100.59509,13.68148],[100.59487,13.6815],[100.5944,13.68167],[100.59391,13.68171],[100.59363,13.68176],[100.59342,13.6818],[100.59324,13.68192],[100.59309,13.68198],[100.59307,13.68199],[100.59302,13.68198],[100.59296,13.68197],[100.59274,13.68193],[100.59246,13.68199],[100.5922,13.68199],[100.59181,13.68209],[100.59149,13.68227],[100.59022,13.68255],[100.59023,13.68261],[100.59047,13.68373],[100.59062,13.68516],[100.59053,13.68636],[100.5904,13.6882],[100.58978,13.69078],[100.58821,13.69355],[100.58514,13.69705],[100.58485,13.69735],[100.58358,13.69863],[100.58181,13.70044],[100.58168,13.70051],[100.58178,13.70069],[100.58139,13.7026],[100.58127,13.70322],[100.58128,13.7033],[100.58128,13.7033],[100.58137,13.70334],[100.58269,13.70364],[100.58417,13.704],[100.58596,13.70444],[100.5867,13.70463],[100.58872,13.70514],[100.58872,13.70514],[100.58947,13.70543],[100.59006,13.70588],[100.5906,13.70672],[100.5913,13.70784],[100.59182,13.7085],[100.59229,13.70885],[100.5944,13.70949],[100.59568,13.7097],[100.59683,13.71027],[100.59728,13.71107],[100.59736,13.71122],[100.59773,13.7119],[100.59829,13.71224],[100.5989,13.71222],[100.60013,13.71175],[100.60106,13.71122],[100.60138,13.71124],[100.60165,13.71148],[100.60169,13.71193],[100.60171,13.71205],[100.60174,13.71219],[100.60176,13.7123],[100.60177,13.7124],[100.60182,13.71268],[100.60186,13.71289],[100.60189,13.71305],[100.60189,13.71305],[100.60191,13.71307],[100.602,13.71322],[100.60209,13.71335],[100.60246,13.71359],[100.60256,13.71365],[100.60302,13.71381],[100.60461,13.71408],[100.60462,13.71408],[100.60462,13.71408],[100.6047,13.71408],[100.60476,13.71409],[100.60482,13.71409],[100.60488,13.71409],[100.60493,13.7141],[100.60499,13.7141],[100.60504,13.7141],[100.60515,13.71411],[100.60534,13.71413],[100.60535,13.71413],[100.60572,13.71427],[100.60604,13.7146],[100.60635,13.71492],[100.60642,13.71507],[100.60672,13.71567],[100.60671,13.71575],[100.60684,13.71583],[100.60687,13.71584],[100.6075,13.71597],[100.60855,13.7159],[100.6096,13.71578],[100.61045,13.71558],[100.61137,13.71562],[100.61188,13.7157],[100.61219,13.71555],[100.6123,13.71471],[100.61245,13.71406],[100.61245,13.71331],[100.61262,13.71292],[100.61347,13.71256],[100.61417,13.71292],[100.61484,13.71327],[100.61537,13.71322],[100.61563,13.71301],[100.61639,13.71152],[100.61639,13.71131],[100.61612,13.71094],[100.61584,13.71067],[100.6158,13.7103],[100.61605,13.71003],[100.6165,13.70991],[100.61704,13.71008],[100.61758,13.71028],[100.61807,13.71049],[100.61843,13.71078],[100.61875,13.71132],[100.61915,13.71154],[100.61966,13.71151],[100.61971,13.71151],[100.62027,13.71129],[100.62085,13.71043],[100.62111,13.71037],[100.62129,13.71043],[100.62134,13.71089],[100.62128,13.71187],[100.6214,13.71244],[100.62196,13.71312],[100.62212,13.71342],[100.62219,13.71417],[100.62235,13.71443],[100.62253,13.71456],[100.62306,13.71447],[100.62345,13.71455],[100.6239,13.71479],[100.62428,13.71466],[100.62448,13.71435],[100.62467,13.71325],[100.62483,13.71297],[100.62519,13.7128],[100.62543,13.71262],[100.62563,13.71244],[100.62585,13.71246],[100.6261,13.71294],[100.62673,13.71333],[100.62786,13.71435],[100.62804,13.71472],[100.62813,13.71513],[100.62859,13.71516],[100.62892,13.71524],[100.62937,13.7155],[100.62981,13.7155],[100.63223,13.71495],[100.63269,13.71466],[100.63319,13.71484],[100.63357,13.71501],[100.63456,13.71492],[100.63522,13.71463],[100.63596,13.71464],[100.63657,13.71477],[100.6376,13.71472],[100.63935,13.71502],[100.643,13.71602],[100.64348,13.71391],[100.64579,13.70412],[100.64614,13.70262],[100.64712,13.69843],[100.64739,13.69717],[100.64747,13.69652],[100.64747,13.69557],[100.64727,13.69278],[100.64688,13.68827],[100.64653,13.68395],[100.64615,13.67939],[100.646,13.6778],[100.64024,13.67792],[100.64021,13.67792],[100.63368,13.6781],[100.63367,13.6781],[100.62686,13.67834],[100.62686,13.67834],[100.62685,13.67834],[100.62687,13.67898],[100.62688,13.67922],[100.62447,13.68445],[100.62442,13.68445]]]}},{"type":"Feature","properties":{"name_th":"สน.พลับพลาไชย 1","name_en":"PHLAPPHLA CHAI 1","type":"สน.","area_km2":1.238},"geometry":{"type":"Polygon","coordinates":[[[100.51742,13.75301],[100.51741,13.75224],[100.51716,13.75021],[100.51695,13.74892],[100.51675,13.74759],[100.51613,13.74393],[100.51605,13.74326],[100.51595,13.74255],[100.51589,13.74198],[100.51558,13.74202],[100.51406,13.7422],[100.51405,13.74227],[100.51403,13.74237],[100.51397,13.74247],[100.5139,13.74256],[100.51381,13.74262],[100.51368,13.74267],[100.51355,13.74268],[100.51345,13.74267],[100.51334,13.74263],[100.51326,13.74257],[100.51319,13.7425],[100.51313,13.7424],[100.51309,13.74229],[100.51063,13.74259],[100.51068,13.74238],[100.51045,13.74191],[100.51038,13.74197],[100.50896,13.74308],[100.50772,13.74406],[100.50741,13.74429],[100.50621,13.74524],[100.50574,13.7456],[100.50626,13.7463],[100.50661,13.74701],[100.50696,13.74779],[100.50707,13.74804],[100.50709,13.74808],[100.50757,13.74916],[100.50875,13.75174],[100.50881,13.75189],[100.50884,13.75195],[100.50925,13.7529],[100.50929,13.75309],[100.50942,13.75426],[100.50948,13.75467],[100.51036,13.75447],[100.51161,13.7543],[100.51348,13.75385],[100.51649,13.75322],[100.51711,13.75308],[100.51742,13.75301]]]}},{"type":"Feature","properties":{"name_th":"สน.พลับพลาไชย 2","name_en":"PHLAPPHLA CHAI 2","type":"สน.","area_km2":0.829},"geometry":{"type":"Polygon","coordinates":[[[100.51589,13.74198],[100.51585,13.7416],[100.51582,13.74102],[100.51578,13.74007],[100.51577,13.73938],[100.51576,13.73861],[100.51576,13.73828],[100.51577,13.73801],[100.51577,13.73787],[100.51577,13.73766],[100.51579,13.73721],[100.51583,13.73688],[100.51588,13.73657],[100.51591,13.73625],[100.51595,13.73573],[100.51596,13.73534],[100.51597,13.73483],[100.51593,13.73439],[100.51587,13.73383],[100.5158,13.73345],[100.51568,13.73293],[100.51553,13.7324],[100.51526,13.73179],[100.51522,13.73169],[100.51498,13.73123],[100.51471,13.73095],[100.51434,13.73053],[100.51426,13.73043],[100.51399,13.73018],[100.51377,13.72994],[100.51333,13.72961],[100.51298,13.72935],[100.51293,13.72954],[100.51233,13.73177],[100.51077,13.73489],[100.50965,13.73581],[100.50903,13.73632],[100.5074,13.73731],[100.50687,13.73752],[100.50607,13.73784],[100.50597,13.73788],[100.50635,13.73872],[100.5073,13.73822],[100.50731,13.73822],[100.50781,13.73884],[100.5084,13.7393],[100.50849,13.73934],[100.50871,13.73956],[100.50914,13.74012],[100.50952,13.74064],[100.50999,13.74123],[100.5104,13.74177],[100.51044,13.74188],[100.51045,13.7419],[100.51045,13.74191],[100.51068,13.74238],[100.51063,13.74259],[100.51309,13.74229],[100.51313,13.7424],[100.51319,13.7425],[100.51326,13.74257],[100.51334,13.74263],[100.51345,13.74267],[100.51355,13.74268],[100.51368,13.74267],[100.51381,13.74262],[100.5139,13.74256],[100.51397,13.74247],[100.51403,13.74237],[100.51405,13.74227],[100.51406,13.7422],[100.51558,13.74202],[100.51589,13.74198]]]}},{"type":"Feature","properties":{"name_th":"สน.พหลโยธิน","name_en":"PHAHONYOTHIN","type":"สน.","area_km2":13.561},"geometry":{"type":"Polygon","coordinates":[[[100.58979,13.83231],[100.58978,13.83229],[100.58975,13.83212],[100.58971,13.83183],[100.5897,13.83155],[100.58973,13.83111],[100.58981,13.83066],[100.58982,13.83003],[100.58984,13.82917],[100.58979,13.82857],[100.58975,13.82823],[100.58965,13.82755],[100.58961,13.82708],[100.58948,13.82622],[100.58938,13.8256],[100.58911,13.82471],[100.58899,13.82417],[100.58902,13.82385],[100.5891,13.8233],[100.58922,13.82274],[100.58919,13.82249],[100.58924,13.82205],[100.58923,13.82174],[100.58922,13.82133],[100.58919,13.82085],[100.58916,13.82038],[100.58913,13.8199],[100.58914,13.81954],[100.58924,13.81893],[100.58932,13.81854],[100.58943,13.81802],[100.58939,13.81761],[100.58935,13.81709],[100.58928,13.81639],[100.5892,13.81594],[100.58893,13.81512],[100.58885,13.8144],[100.58883,13.81367],[100.58877,13.81333],[100.58866,13.81311],[100.58849,13.81283],[100.58837,13.81261],[100.58835,13.81228],[100.5884,13.81192],[100.58849,13.81166],[100.58865,13.81136],[100.58878,13.81098],[100.58891,13.81047],[100.58889,13.80989],[100.5888,13.80936],[100.58867,13.80865],[100.58865,13.80787],[100.58864,13.80684],[100.58864,13.80558],[100.58866,13.80478],[100.58866,13.8044],[100.58863,13.80415],[100.58829,13.80312],[100.58828,13.80308],[100.58825,13.80291],[100.58838,13.80249],[100.58871,13.80164],[100.5888,13.8012],[100.58897,13.80042],[100.58899,13.79987],[100.58899,13.79905],[100.58901,13.79825],[100.58912,13.79732],[100.58077,13.802],[100.57516,13.80514],[100.57498,13.80523],[100.56039,13.81339],[100.56031,13.81338],[100.56024,13.81331],[100.56001,13.81294],[100.55936,13.81204],[100.55936,13.81204],[100.55889,13.81624],[100.55852,13.81954],[100.55828,13.8196],[100.555,13.82125],[100.55316,13.82218],[100.55229,13.82263],[100.54857,13.82454],[100.5503,13.82777],[100.55155,13.8301],[100.55419,13.83505],[100.55921,13.84439],[100.561,13.84772],[100.56267,13.84677],[100.5716,13.84178],[100.57552,13.83958],[100.5756,13.83954],[100.57231,13.83393],[100.57306,13.83353],[100.57315,13.8335],[100.57326,13.83348],[100.57337,13.83349],[100.57753,13.83431],[100.57865,13.83453],[100.58011,13.83479],[100.58057,13.83485],[100.581,13.83486],[100.58138,13.83481],[100.58183,13.83468],[100.58979,13.83231]]]}},{"type":"Feature","properties":{"name_th":"สน.ภาษีเจริญ","name_en":"PHASI CHAROEN","type":"สน.","area_km2":10.042},"geometry":{"type":"Polygon","coordinates":[[[100.46173,13.73805],[100.46181,13.73765],[100.46187,13.73728],[100.4619,13.73718],[100.46191,13.73713],[100.46203,13.73668],[100.46215,13.7358],[100.46215,13.73577],[100.4622,13.73488],[100.4622,13.73479],[100.46228,13.73459],[100.46246,13.73415],[100.46255,13.73394],[100.46256,13.7339],[100.46257,13.73376],[100.46261,13.73318],[100.4628,13.73241],[100.46317,13.73177],[100.46344,13.73133],[100.46348,13.73125],[100.46374,13.73085],[100.46417,13.73011],[100.46471,13.72915],[100.46501,13.72851],[100.46521,13.72807],[100.46546,13.72773],[100.46566,13.72745],[100.46572,13.72738],[100.46607,13.7269],[100.46632,13.72655],[100.46656,13.72623],[100.46691,13.72579],[100.46714,13.72529],[100.46716,13.72526],[100.46728,13.72514],[100.46744,13.72498],[100.46774,13.72467],[100.46814,13.72437],[100.46901,13.72387],[100.46945,13.72365],[100.46975,13.7235],[100.47001,13.72334],[100.47059,13.72297],[100.46876,13.72224],[100.46439,13.7207],[100.45842,13.71858],[100.45838,13.71857],[100.45419,13.71713],[100.44639,13.71437],[100.43841,13.71157],[100.43216,13.70936],[100.42625,13.70729],[100.4262,13.70727],[100.42615,13.7087],[100.4261,13.70974],[100.42605,13.71085],[100.4259,13.7121],[100.4259,13.71221],[100.42589,13.71246],[100.42584,13.71292],[100.42577,13.71401],[100.42575,13.71457],[100.42571,13.71558],[100.42562,13.71731],[100.42552,13.71931],[100.42536,13.72201],[100.4252,13.72505],[100.42495,13.72926],[100.4248,13.73208],[100.42486,13.7321],[100.42579,13.73228],[100.42789,13.73272],[100.42838,13.73277],[100.43012,13.73308],[100.43211,13.73342],[100.43214,13.73343],[100.43415,13.73363],[100.43611,13.73387],[100.43736,13.73402],[100.43813,13.73402],[100.43859,13.7341],[100.43924,13.73419],[100.44045,13.73429],[100.44172,13.73444],[100.44244,13.73453],[100.44367,13.7346],[100.44449,13.73468],[100.44497,13.73479],[100.44609,13.73495],[100.4482,13.73522],[100.44936,13.73547],[100.45051,13.73577],[100.45123,13.73596],[100.4525,13.7365],[100.45293,13.73666],[100.45329,13.73677],[100.45401,13.73679],[100.45483,13.73682],[100.45513,13.73689],[100.45547,13.73691],[100.45578,13.73694],[100.45591,13.73707],[100.45599,13.73733],[100.45613,13.73741],[100.45656,13.73752],[100.45713,13.73765],[100.45738,13.73773],[100.45771,13.73783],[100.45817,13.73804],[100.45838,13.73806],[100.45875,13.73811],[100.45912,13.73821],[100.45953,13.73838],[100.45973,13.73844],[100.46002,13.73846],[100.46065,13.73847],[100.46077,13.73844],[100.46094,13.7383],[100.46107,13.73813],[100.46123,13.73805],[100.46151,13.73806],[100.46173,13.73805]]]}},{"type":"Feature","properties":{"name_th":"สน.มักกะสัน","name_en":"MAKKASAN","type":"สน.","area_km2":3.905},"geometry":{"type":"Polygon","coordinates":[[[100.60172,13.74884],[100.60193,13.74877],[100.60108,13.748],[100.60063,13.74764],[100.60038,13.74737],[100.60014,13.74694],[100.59996,13.74633],[100.59959,13.74514],[100.59926,13.74422],[100.59904,13.74374],[100.59884,13.74307],[100.59861,13.74262],[100.59843,13.74205],[100.59823,13.74152],[100.59816,13.74128],[100.59808,13.74109],[100.59802,13.74103],[100.598,13.74102],[100.59787,13.74097],[100.59765,13.74095],[100.59738,13.74096],[100.59716,13.74098],[100.59692,13.74102],[100.59665,13.74107],[100.59632,13.74111],[100.59558,13.74128],[100.59439,13.7415],[100.59295,13.74174],[100.59029,13.74224],[100.58908,13.74248],[100.58773,13.74275],[100.58659,13.74298],[100.58561,13.74317],[100.58418,13.74346],[100.58292,13.74382],[100.5821,13.74403],[100.58116,13.74425],[100.5802,13.74447],[100.57941,13.74462],[100.57847,13.74487],[100.57759,13.74504],[100.57683,13.74519],[100.57609,13.74536],[100.57477,13.74552],[100.57395,13.74562],[100.57317,13.74588],[100.57289,13.746],[100.57235,13.74614],[100.57175,13.74622],[100.57076,13.74635],[100.57063,13.74637],[100.56982,13.74654],[100.56878,13.74673],[100.56723,13.74701],[100.56611,13.74727],[100.56482,13.74756],[100.56438,13.74762],[100.5631,13.74771],[100.56204,13.74791],[100.56124,13.74815],[100.5604,13.74825],[100.5588,13.7484],[100.55691,13.74822],[100.55597,13.74815],[100.55437,13.74817],[100.55417,13.74813],[100.55421,13.74835],[100.55453,13.75004],[100.55497,13.75213],[100.55882,13.75127],[100.56368,13.75017],[100.56438,13.75002],[100.56951,13.74886],[100.56993,13.75026],[100.5701,13.7509],[100.57022,13.7513],[100.57037,13.75174],[100.57058,13.75206],[100.57103,13.75252],[100.57138,13.75304],[100.57154,13.75367],[100.57158,13.75423],[100.57161,13.7546],[100.5721,13.75458],[100.57271,13.75448],[100.57322,13.75445],[100.57579,13.75417],[100.57588,13.75418],[100.57615,13.75421],[100.57629,13.75423],[100.57664,13.75423],[100.57753,13.75413],[100.57757,13.75413],[100.57758,13.75413],[100.57825,13.75413],[100.57828,13.75413],[100.57881,13.75404],[100.5795,13.75394],[100.58012,13.75387],[100.58071,13.7538],[100.58079,13.75383],[100.58081,13.75384],[100.5809,13.75388],[100.58111,13.75436],[100.58116,13.7547],[100.58114,13.75475],[100.58107,13.75492],[100.58108,13.75491],[100.58152,13.75489],[100.58267,13.75477],[100.5839,13.75456],[100.58555,13.7541],[100.58731,13.75357],[100.59082,13.75242],[100.59471,13.75118],[100.59533,13.75091],[100.59907,13.74972],[100.60172,13.74884]]]}},{"type":"Feature","properties":{"name_th":"สน.มีนบุรี","name_en":"MINBURI","type":"สน.","area_km2":66.431},"geometry":{"type":"Polygon","coordinates":[[[100.75854,13.80361],[100.7569,13.80213],[100.7564,13.80179],[100.75397,13.80061],[100.75255,13.80004],[100.75211,13.7998],[100.75138,13.79962],[100.75097,13.79947],[100.74998,13.79906],[100.74962,13.79897],[100.74879,13.79894],[100.74715,13.79912],[100.74634,13.79929],[100.74479,13.79963],[100.74361,13.79989],[100.74497,13.79736],[100.74578,13.79594],[100.74592,13.79561],[100.74603,13.79528],[100.74609,13.79491],[100.74611,13.79432],[100.74614,13.79201],[100.74617,13.7879],[100.74623,13.78696],[100.74632,13.78477],[100.74644,13.78184],[100.74645,13.77998],[100.74641,13.77749],[100.73922,13.77715],[100.73891,13.7771],[100.73893,13.7774],[100.73802,13.77722],[100.73781,13.77709],[100.73746,13.7768],[100.73718,13.77655],[100.73652,13.77609],[100.73566,13.77565],[100.73504,13.77539],[100.73424,13.77494],[100.73371,13.77476],[100.73337,13.77477],[100.73247,13.7749],[100.7324,13.77491],[100.73151,13.77505],[100.73061,13.77534],[100.72904,13.77546],[100.72829,13.77566],[100.72774,13.77568],[100.7273,13.77575],[100.72666,13.77599],[100.72576,13.77601],[100.72516,13.77618],[100.72476,13.77623],[100.72434,13.77635],[100.72383,13.77666],[100.72336,13.77684],[100.72294,13.77704],[100.72249,13.77732],[100.7217,13.77772],[100.72121,13.77801],[100.72078,13.77822],[100.71939,13.77816],[100.71883,13.77811],[100.71755,13.77803],[100.71699,13.77802],[100.7163,13.77809],[100.71601,13.77879],[100.7158,13.77933],[100.71564,13.77967],[100.71555,13.77993],[100.71546,13.7804],[100.71538,13.78077],[100.71536,13.78124],[100.71529,13.78166],[100.71517,13.78197],[100.71501,13.78244],[100.71493,13.7827],[100.7148,13.78301],[100.71448,13.78359],[100.71396,13.78452],[100.71341,13.78556],[100.71074,13.79017],[100.70871,13.79377],[100.70625,13.79803],[100.70612,13.7982],[100.70591,13.79819],[100.70487,13.79762],[100.70445,13.79831],[100.70376,13.79939],[100.70296,13.80055],[100.70195,13.8021],[100.70113,13.80343],[100.70068,13.80411],[100.70042,13.80457],[100.7004,13.80468],[100.70063,13.80487],[100.70108,13.80538],[100.70162,13.80626],[100.70197,13.80698],[100.70201,13.80731],[100.70202,13.80777],[100.70188,13.80876],[100.70179,13.809],[100.70155,13.80934],[100.70137,13.80949],[100.7006,13.81004],[100.70002,13.81033],[100.69949,13.81065],[100.69838,13.81149],[100.69782,13.81212],[100.69751,13.81259],[100.69724,13.81329],[100.69695,13.81412],[100.69674,13.81495],[100.69665,13.81543],[100.69717,13.81557],[100.69744,13.8157],[100.69783,13.81594],[100.69828,13.81626],[100.69893,13.81681],[100.69921,13.81703],[100.69961,13.81718],[100.70076,13.81771],[100.70118,13.81798],[100.70167,13.81834],[100.7019,13.81847],[100.70218,13.81858],[100.70324,13.81878],[100.70351,13.81883],[100.70374,13.81893],[100.70394,13.81906],[100.7043,13.81924],[100.7048,13.81954],[100.70497,13.81975],[100.70516,13.8202],[100.70538,13.82037],[100.7056,13.82046],[100.70571,13.8207],[100.70578,13.82096],[100.70583,13.82123],[100.70574,13.8216],[100.70568,13.82211],[100.70577,13.82252],[100.70609,13.8235],[100.70618,13.82384],[100.70629,13.82448],[100.70638,13.82475],[100.70657,13.82519],[100.70668,13.82557],[100.70689,13.82662],[100.70714,13.82756],[100.70721,13.82786],[100.70729,13.82846],[100.70738,13.8287],[100.70768,13.82937],[100.70773,13.82965],[100.70777,13.83017],[100.70791,13.83051],[100.70813,13.83109],[100.70831,13.83154],[100.70847,13.83186],[100.70865,13.83231],[100.70876,13.83276],[100.70871,13.83343],[100.70874,13.83391],[100.70935,13.83455],[100.70956,13.8348],[100.70993,13.83549],[100.71025,13.83634],[100.71023,13.83674],[100.71027,13.83707],[100.71106,13.83929],[100.71158,13.84096],[100.71209,13.84214],[100.71236,13.84287],[100.71259,13.84361],[100.71279,13.84427],[100.71303,13.84558],[100.71294,13.84587],[100.71382,13.84602],[100.71497,13.84609],[100.71586,13.84619],[100.71695,13.84628],[100.71852,13.84645],[100.72082,13.84675],[100.72542,13.84727],[100.72675,13.84743],[100.72729,13.84765],[100.72934,13.8487],[100.72959,13.84893],[100.73019,13.84915],[100.73164,13.8499],[100.73216,13.85008],[100.73252,13.8503],[100.73337,13.85065],[100.73448,13.85127],[100.73522,13.85167],[100.73593,13.85196],[100.73696,13.85244],[100.73785,13.85296],[100.73863,13.85335],[100.73921,13.85358],[100.742,13.85491],[100.74277,13.85535],[100.74375,13.85578],[100.7447,13.85624],[100.74836,13.85807],[100.74916,13.85842],[100.75054,13.85915],[100.75135,13.85952],[100.75223,13.86002],[100.75283,13.8602],[100.75357,13.86058],[100.7538,13.8608],[100.75504,13.86135],[100.75596,13.86186],[100.75713,13.86243],[100.75839,13.86316],[100.76065,13.86431],[100.76125,13.86458],[100.76139,13.86416],[100.7615,13.86398],[100.7616,13.86366],[100.76166,13.86329],[100.76177,13.86269],[100.76194,13.86219],[100.76251,13.86104],[100.76264,13.86062],[100.76287,13.86021],[100.76317,13.85981],[100.76328,13.85944],[100.76341,13.85918],[100.76373,13.85861],[100.76424,13.8577],[100.76441,13.85734],[100.76457,13.85677],[100.76467,13.8559],[100.76466,13.85554],[100.76469,13.85528],[100.76491,13.85494],[100.76508,13.85474],[100.76522,13.85483],[100.76605,13.85578],[100.76688,13.85675],[100.76708,13.85682],[100.76734,13.85679],[100.77007,13.85723],[100.77049,13.85732],[100.77078,13.85729],[100.77189,13.85705],[100.77246,13.85699],[100.77274,13.85694],[100.77276,13.85683],[100.77319,13.85597],[100.7738,13.85478],[100.77399,13.85415],[100.77427,13.85358],[100.77452,13.85303],[100.77495,13.85141],[100.77507,13.85118],[100.77538,13.85079],[100.77575,13.85043],[100.77608,13.85068],[100.77661,13.85102],[100.77698,13.85135],[100.7775,13.85176],[100.77823,13.85225],[100.779,13.85271],[100.7798,13.85308],[100.78196,13.85377],[100.78314,13.85414],[100.78326,13.85368],[100.78344,13.85324],[100.78358,13.85304],[100.7838,13.85304],[100.78413,13.85323],[100.78451,13.85339],[100.78495,13.85348],[100.78506,13.85344],[100.78592,13.85161],[100.78692,13.84966],[100.78888,13.84566],[100.79385,13.84837],[100.79598,13.84949],[100.79879,13.8509],[100.79941,13.84945],[100.80039,13.84993],[100.80103,13.85032],[100.80186,13.85067],[100.80389,13.85187],[100.80495,13.85246],[100.80591,13.85305],[100.80654,13.85333],[100.80739,13.85342],[100.8084,13.85341],[100.80838,13.85315],[100.8085,13.85139],[100.80849,13.85098],[100.80844,13.85071],[100.80803,13.84976],[100.80764,13.84836],[100.80735,13.84763],[100.80669,13.84641],[100.8065,13.84602],[100.80643,13.84559],[100.80639,13.84501],[100.80637,13.84452],[100.80644,13.8441],[100.80668,13.84312],[100.80685,13.8422],[100.80731,13.84069],[100.80754,13.83999],[100.80772,13.83939],[100.8078,13.83876],[100.8079,13.83815],[100.80796,13.83735],[100.80792,13.83677],[100.80774,13.83607],[100.80748,13.83547],[100.8072,13.83466],[100.80686,13.83377],[100.80677,13.83343],[100.80674,13.83299],[100.80662,13.83229],[100.80635,13.83156],[100.80604,13.83066],[100.80598,13.83043],[100.80587,13.83022],[100.80579,13.82967],[100.80579,13.82911],[100.80583,13.82868],[100.80567,13.82764],[100.80562,13.82743],[100.80562,13.82713],[100.8057,13.82666],[100.80591,13.8262],[100.80586,13.82614],[100.8056,13.82604],[100.80528,13.826],[100.80477,13.82602],[100.80406,13.82601],[100.80384,13.82588],[100.80377,13.82566],[100.80363,13.82505],[100.80347,13.82461],[100.80321,13.82417],[100.80297,13.82385],[100.8028,13.82355],[100.80254,13.823],[100.80229,13.82253],[100.80209,13.82185],[100.80155,13.82082],[100.80142,13.82053],[100.80129,13.82002],[100.80118,13.81935],[100.80107,13.81822],[100.80088,13.8174],[100.8009,13.81713],[100.80106,13.81685],[100.80132,13.81653],[100.80139,13.81638],[100.80142,13.81621],[100.80134,13.8155],[100.80126,13.8153],[100.80136,13.81452],[100.80142,13.81396],[100.80143,13.81311],[100.80137,13.81214],[100.80146,13.81063],[100.80142,13.81035],[100.79826,13.81066],[100.79526,13.81095],[100.79141,13.81135],[100.78853,13.81162],[100.78576,13.81191],[100.7825,13.81222],[100.77822,13.81261],[100.77477,13.81297],[100.77028,13.81341],[100.76995,13.81316],[100.76883,13.81162],[100.76878,13.81125],[100.76898,13.80945],[100.76897,13.80833],[100.76876,13.8077],[100.76856,13.80726],[100.76843,13.80702],[100.76783,13.80642],[100.76737,13.80615],[100.7663,13.80558],[100.76483,13.80516],[100.76349,13.80486],[100.76165,13.80447],[100.76105,13.80446],[100.76058,13.80442],[100.7598,13.80423],[100.75934,13.80401],[100.75896,13.80389],[100.75872,13.80378],[100.75854,13.80361]]]}},{"type":"Feature","properties":{"name_th":"สน.ยานนาวา","name_en":"YANNAWA","type":"สน.","area_km2":4.48},"geometry":{"type":"Polygon","coordinates":[[[100.53769,13.70717],[100.53768,13.70716],[100.53722,13.70693],[100.53526,13.70577],[100.53487,13.70565],[100.5343,13.70551],[100.53337,13.70534],[100.53245,13.70538],[100.53098,13.70546],[100.53015,13.70561],[100.52882,13.70586],[100.52864,13.7059],[100.52324,13.70697],[100.51895,13.70778],[100.51882,13.7078],[100.51846,13.70785],[100.51721,13.70811],[100.51645,13.70831],[100.51641,13.70832],[100.51598,13.70848],[100.51502,13.70879],[100.51422,13.70903],[100.51357,13.70924],[100.51328,13.70937],[100.51306,13.7095],[100.51281,13.70959],[100.51244,13.70966],[100.51212,13.70976],[100.51146,13.71],[100.51121,13.70999],[100.50926,13.70821],[100.50915,13.70829],[100.50906,13.70834],[100.50903,13.70841],[100.50906,13.70854],[100.50906,13.70862],[100.50903,13.70866],[100.50892,13.7087],[100.50873,13.70864],[100.50871,13.70874],[100.50874,13.7089],[100.50871,13.70895],[100.50866,13.70897],[100.50842,13.70894],[100.50798,13.70935],[100.50778,13.70959],[100.50742,13.70974],[100.50728,13.70982],[100.50892,13.71181],[100.5098,13.71289],[100.51105,13.71488],[100.51231,13.71714],[100.5128,13.71914],[100.5132,13.72081],[100.51351,13.72254],[100.51458,13.72191],[100.51575,13.72123],[100.51585,13.72122],[100.51593,13.72121],[100.51602,13.72124],[100.51607,13.72127],[100.51645,13.7222],[100.51646,13.7223],[100.51655,13.72234],[100.51665,13.72235],[100.51675,13.72235],[100.52132,13.72397],[100.52545,13.72547],[100.52808,13.72639],[100.52809,13.72636],[100.53023,13.7221],[100.53034,13.72188],[100.53255,13.71741],[100.53301,13.71649],[100.53529,13.71189],[100.53641,13.7097],[100.53769,13.70717]]]}},{"type":"Feature","properties":{"name_th":"สน.ราษฎร์บูรณะ","name_en":"RATBURANA","type":"สน.","area_km2":24.386},"geometry":{"type":"Polygon","coordinates":[[[100.47205,13.65032],[100.47184,13.65135],[100.47167,13.65193],[100.47155,13.65263],[100.47131,13.65395],[100.47118,13.65448],[100.4709,13.65611],[100.47068,13.65743],[100.47051,13.65799],[100.47036,13.65852],[100.47024,13.65948],[100.47013,13.65991],[100.47004,13.66023],[100.47101,13.66037],[100.47433,13.66076],[100.4759,13.6609],[100.47567,13.66288],[100.47557,13.66359],[100.47718,13.66391],[100.47885,13.66419],[100.48201,13.66475],[100.48204,13.66483],[100.48166,13.66563],[100.48012,13.66918],[100.48009,13.66939],[100.4801,13.66948],[100.48043,13.66988],[100.48064,13.6701],[100.48084,13.67028],[100.48105,13.67055],[100.4817,13.67119],[100.48198,13.67153],[100.48217,13.67185],[100.4825,13.6723],[100.48295,13.6728],[100.48385,13.674],[100.4851,13.67541],[100.48534,13.67586],[100.48569,13.67622],[100.48618,13.67679],[100.48638,13.67711],[100.48684,13.67766],[100.48733,13.67825],[100.48781,13.679],[100.488,13.67916],[100.48844,13.67945],[100.48847,13.67959],[100.48827,13.67972],[100.48818,13.67982],[100.48811,13.68014],[100.4879,13.68053],[100.48783,13.68089],[100.48765,13.68142],[100.48753,13.6818],[100.48727,13.68239],[100.48726,13.68254],[100.48731,13.68262],[100.48799,13.68251],[100.48842,13.68381],[100.48881,13.68459],[100.48907,13.68531],[100.48927,13.68606],[100.48957,13.68659],[100.48979,13.68738],[100.49,13.68759],[100.49012,13.68788],[100.49015,13.68836],[100.49027,13.68915],[100.49025,13.6898],[100.49047,13.69033],[100.49062,13.69058],[100.49141,13.69022],[100.49326,13.68868],[100.49513,13.68727],[100.49714,13.6863],[100.49952,13.68529],[100.50244,13.68463],[100.50541,13.68395],[100.50786,13.68354],[100.50983,13.68335],[100.51232,13.68254],[100.51456,13.68165],[100.51628,13.68101],[100.51773,13.67994],[100.51913,13.67877],[100.52041,13.67761],[100.52129,13.67653],[100.52077,13.67597],[100.52047,13.67569],[100.52041,13.67553],[100.52051,13.67519],[100.52062,13.6751],[100.52091,13.67509],[100.52145,13.67518],[100.52158,13.67515],[100.5218,13.67504],[100.52186,13.67493],[100.52192,13.67465],[100.52202,13.67442],[100.52204,13.67429],[100.52191,13.67397],[100.52191,13.67388],[100.52203,13.67374],[100.52199,13.67348],[100.52167,13.67327],[100.52164,13.6732],[100.52164,13.6728],[100.52154,13.67256],[100.5216,13.67225],[100.52161,13.6721],[100.52156,13.67198],[100.52139,13.67191],[100.52112,13.67186],[100.52102,13.67168],[100.52105,13.67157],[100.52102,13.67144],[100.52094,13.67138],[100.52069,13.67131],[100.52055,13.6712],[100.52046,13.67108],[100.52043,13.67095],[100.52054,13.67081],[100.52069,13.67066],[100.52073,13.67059],[100.52061,13.67025],[100.52062,13.67019],[100.52095,13.67],[100.52097,13.66983],[100.52109,13.66966],[100.52109,13.66941],[100.52112,13.66938],[100.52108,13.66914],[100.52089,13.66911],[100.52075,13.66907],[100.52073,13.66886],[100.52069,13.66879],[100.52057,13.6688],[100.52044,13.66891],[100.52037,13.66882],[100.5205,13.66854],[100.52046,13.66836],[100.52035,13.6683],[100.52008,13.66826],[100.52001,13.66823],[100.51987,13.6681],[100.51944,13.66793],[100.51932,13.66784],[100.51913,13.66778],[100.51882,13.66761],[100.51866,13.66765],[100.51851,13.66764],[100.51839,13.66749],[100.5181,13.66736],[100.51802,13.66729],[100.5179,13.66724],[100.51777,13.66726],[100.51766,13.66731],[100.5176,13.66723],[100.51765,13.66713],[100.51768,13.66699],[100.5176,13.66671],[100.51757,13.66651],[100.51762,13.66637],[100.51762,13.66611],[100.51767,13.66589],[100.51759,13.66479],[100.51758,13.66452],[100.51752,13.66391],[100.51752,13.66295],[100.51764,13.66264],[100.51763,13.6626],[100.51754,13.66165],[100.51747,13.66118],[100.51742,13.66091],[100.51733,13.65981],[100.51729,13.65947],[100.51723,13.65836],[100.51715,13.6572],[100.51713,13.65651],[100.51705,13.65542],[100.51689,13.6546],[100.51688,13.65354],[100.51727,13.65261],[100.51763,13.6517],[100.51799,13.65151],[100.51827,13.65089],[100.51895,13.65031],[100.51902,13.65011],[100.5191,13.64979],[100.51916,13.64936],[100.51929,13.64825],[100.51933,13.64738],[100.51934,13.64671],[100.51935,13.64637],[100.5195,13.64611],[100.51972,13.64589],[100.5187,13.64499],[100.51851,13.64489],[100.51838,13.6448],[100.518,13.64465],[100.51792,13.64445],[100.51797,13.64399],[100.51794,13.64391],[100.51777,13.6439],[100.51717,13.64384],[100.51711,13.64376],[100.51688,13.64244],[100.51711,13.64199],[100.51709,13.64159],[100.51694,13.64071],[100.51677,13.63969],[100.51656,13.63901],[100.51659,13.63897],[100.5173,13.6383],[100.51779,13.63763],[100.51808,13.63724],[100.51865,13.63654],[100.51862,13.63644],[100.51863,13.63624],[100.51857,13.63612],[100.51657,13.63652],[100.516,13.63642],[100.5153,13.63627],[100.51503,13.63614],[100.51481,13.63593],[100.51469,13.63584],[100.51458,13.63572],[100.51427,13.63556],[100.51403,13.63554],[100.5134,13.63569],[100.51312,13.63591],[100.51292,13.63593],[100.51241,13.63619],[100.51224,13.63626],[100.51181,13.63636],[100.51162,13.63637],[100.51125,13.63636],[100.51093,13.63626],[100.5108,13.63616],[100.51027,13.63607],[100.51013,13.636],[100.50955,13.63545],[100.50907,13.63505],[100.50899,13.63489],[100.50885,13.63476],[100.50868,13.63466],[100.50852,13.63468],[100.50832,13.63483],[100.50807,13.63505],[100.50779,13.63519],[100.5074,13.63534],[100.50699,13.63556],[100.50677,13.6358],[100.50655,13.63607],[100.50654,13.63615],[100.50647,13.63632],[100.50631,13.63642],[100.50616,13.63648],[100.50599,13.63647],[100.50585,13.63641],[100.50554,13.6362],[100.5054,13.63617],[100.50482,13.63588],[100.50449,13.63566],[100.50433,13.63549],[100.50417,13.6354],[100.50403,13.63536],[100.50379,13.63537],[100.50339,13.63534],[100.50301,13.63527],[100.50257,13.63519],[100.50237,13.63509],[100.50209,13.63491],[100.50187,13.63474],[100.50161,13.63471],[100.50138,13.6347],[100.50121,13.63465],[100.50104,13.63454],[100.50101,13.63442],[100.50109,13.63411],[100.50109,13.63395],[100.50099,13.63372],[100.50093,13.63341],[100.50096,13.63322],[100.501,13.6331],[100.50109,13.63298],[100.50121,13.6326],[100.50116,13.63222],[100.50068,13.63214],[100.50054,13.63201],[100.50037,13.63193],[100.50004,13.63171],[100.49984,13.63152],[100.49926,13.63134],[100.49914,13.63134],[100.49883,13.63167],[100.49859,13.63173],[100.49839,13.6317],[100.49819,13.63162],[100.49804,13.63151],[100.49792,13.63139],[100.4978,13.63132],[100.49767,13.63134],[100.49751,13.63129],[100.49702,13.63122],[100.49676,13.6312],[100.49621,13.63137],[100.49593,13.63142],[100.49571,13.63136],[100.49536,13.63151],[100.49515,13.63162],[100.49483,13.63173],[100.49418,13.632],[100.49272,13.63271],[100.49263,13.63281],[100.49254,13.63306],[100.49219,13.63351],[100.49197,13.63364],[100.49179,13.63367],[100.4915,13.63383],[100.49119,13.63413],[100.49082,13.63444],[100.49056,13.63483],[100.49043,13.63507],[100.49029,13.6355],[100.49015,13.63586],[100.48992,13.63601],[100.48949,13.63606],[100.48935,13.63603],[100.48917,13.6358],[100.48878,13.63555],[100.48859,13.6355],[100.4884,13.63544],[100.48825,13.63548],[100.48815,13.63555],[100.48807,13.63567],[100.48795,13.63575],[100.48794,13.63588],[100.48782,13.63607],[100.48752,13.63644],[100.4872,13.63656],[100.48689,13.6366],[100.48682,13.63654],[100.48661,13.63614],[100.48646,13.63611],[100.48638,13.63617],[100.48596,13.63657],[100.48579,13.63668],[100.48564,13.63666],[100.48458,13.63639],[100.48432,13.63626],[100.48413,13.63622],[100.4839,13.63628],[100.48302,13.63654],[100.48288,13.63656],[100.48277,13.63647],[100.48154,13.6352],[100.48106,13.63468],[100.4809,13.6346],[100.48078,13.63463],[100.48032,13.63505],[100.47991,13.63527],[100.47975,13.63532],[100.47959,13.63531],[100.47877,13.63522],[100.47855,13.63522],[100.47742,13.63531],[100.47684,13.63546],[100.47608,13.63532],[100.47552,13.63533],[100.47479,13.63532],[100.47448,13.63627],[100.47422,13.63705],[100.47399,13.63777],[100.47383,13.63839],[100.4737,13.63896],[100.47354,13.63939],[100.47347,13.63973],[100.47348,13.6406],[100.47344,13.64093],[100.47342,13.64114],[100.47343,13.64137],[100.4734,13.64163],[100.47333,13.64211],[100.47325,13.64265],[100.47322,13.64294],[100.47316,13.64345],[100.47308,13.64383],[100.47303,13.6442],[100.47294,13.64458],[100.47293,13.6449],[100.47284,13.64604],[100.47273,13.64661],[100.4726,13.64741],[100.47251,13.64798],[100.47241,13.64859],[100.47236,13.6489],[100.47221,13.64974],[100.47216,13.64982],[100.47205,13.65032]]]}},{"type":"Feature","properties":{"name_th":"สน.ร่มเกล้า","name_en":"ROM KLAO","type":"สน.","area_km2":25.905},"geometry":{"type":"Polygon","coordinates":[[[100.76885,13.7535],[100.7678,13.75362],[100.76503,13.75395],[100.75881,13.75466],[100.75602,13.75499],[100.75308,13.75533],[100.75076,13.75561],[100.74851,13.75585],[100.7463,13.7561],[100.74636,13.75166],[100.7464,13.75049],[100.74654,13.74725],[100.74656,13.74628],[100.74652,13.74572],[100.74648,13.74458],[100.74648,13.744],[100.74651,13.74244],[100.74496,13.74239],[100.74492,13.7424],[100.7449,13.74242],[100.74484,13.74256],[100.74482,13.74258],[100.74478,13.7426],[100.74206,13.7425],[100.74108,13.74247],[100.73977,13.74244],[100.73899,13.74243],[100.73893,13.74242],[100.73892,13.74337],[100.73146,13.7436],[100.73146,13.74396],[100.73028,13.74399],[100.72777,13.74401],[100.72547,13.74403],[100.7255,13.74563],[100.72394,13.74564],[100.72393,13.74543],[100.72335,13.74544],[100.72047,13.74556],[100.71848,13.74564],[100.71644,13.7457],[100.71656,13.74749],[100.71672,13.74888],[100.71693,13.74984],[100.7171,13.75021],[100.71439,13.75023],[100.71193,13.75025],[100.70943,13.75025],[100.70933,13.75025],[100.70938,13.75088],[100.70944,13.7518],[100.70946,13.7521],[100.7095,13.75307],[100.70956,13.7538],[100.70957,13.75419],[100.7096,13.75482],[100.70965,13.75529],[100.70969,13.75561],[100.7097,13.75641],[100.70854,13.75627],[100.70804,13.75629],[100.70745,13.75637],[100.70689,13.75659],[100.70655,13.75662],[100.7068,13.75742],[100.70692,13.75762],[100.70712,13.75795],[100.70727,13.75821],[100.70747,13.75848],[100.70771,13.75881],[100.70816,13.75941],[100.7082,13.75947],[100.70821,13.7595],[100.70845,13.75991],[100.7085,13.75999],[100.70856,13.7601],[100.7087,13.76032],[100.70894,13.76069],[100.70919,13.76108],[100.70956,13.76157],[100.70962,13.76165],[100.70988,13.76185],[100.71013,13.76206],[100.71039,13.76239],[100.71083,13.76317],[100.71099,13.76344],[100.71102,13.76351],[100.71109,13.7636],[100.71139,13.76399],[100.71147,13.76411],[100.71166,13.76429],[100.71206,13.76469],[100.71212,13.76476],[100.71246,13.76517],[100.71255,13.76534],[100.71263,13.76551],[100.7127,13.76574],[100.71278,13.76593],[100.71282,13.76603],[100.71297,13.7664],[100.71313,13.76678],[100.71314,13.7668],[100.71336,13.76717],[100.71352,13.76745],[100.71362,13.76763],[100.71387,13.76806],[100.71412,13.76851],[100.71415,13.76857],[100.71438,13.76902],[100.71454,13.76929],[100.71509,13.76998],[100.7151,13.76999],[100.71525,13.77024],[100.71536,13.77042],[100.71552,13.77073],[100.71583,13.7713],[100.71607,13.77176],[100.7162,13.77215],[100.71629,13.77249],[100.71633,13.77292],[100.7164,13.77449],[100.71649,13.77543],[100.71653,13.77582],[100.71658,13.77633],[100.71662,13.77706],[100.7166,13.7773],[100.71653,13.7775],[100.71648,13.77765],[100.71639,13.77788],[100.7163,13.77809],[100.71631,13.77809],[100.71687,13.77803],[100.71699,13.77802],[100.71755,13.77803],[100.71824,13.77808],[100.71883,13.77811],[100.71939,13.77816],[100.72036,13.77821],[100.72047,13.77821],[100.72078,13.77822],[100.72121,13.77801],[100.7217,13.77772],[100.72206,13.77753],[100.7224,13.77736],[100.72249,13.77732],[100.72294,13.77704],[100.72336,13.77684],[100.72383,13.77666],[100.72434,13.77635],[100.72476,13.77623],[100.72516,13.77618],[100.72576,13.77601],[100.72613,13.776],[100.72666,13.77599],[100.72696,13.77588],[100.7273,13.77575],[100.72774,13.77568],[100.72829,13.77566],[100.72904,13.77546],[100.72975,13.77541],[100.73061,13.77534],[100.73151,13.77505],[100.7324,13.77491],[100.73247,13.7749],[100.73337,13.77477],[100.73371,13.77476],[100.73424,13.77494],[100.73504,13.77539],[100.73566,13.77565],[100.73652,13.77609],[100.73718,13.77655],[100.73746,13.7768],[100.73781,13.77709],[100.73802,13.77722],[100.73807,13.77723],[100.7384,13.7773],[100.73853,13.77732],[100.73892,13.7774],[100.73893,13.7774],[100.73891,13.7771],[100.73895,13.7771],[100.73922,13.77715],[100.74639,13.77749],[100.74641,13.77749],[100.74641,13.77771],[100.74642,13.77831],[100.74645,13.77998],[100.74644,13.78124],[100.74644,13.78137],[100.74644,13.78184],[100.74642,13.78241],[100.74634,13.78439],[100.74632,13.78477],[100.74623,13.78696],[100.74621,13.78728],[100.74617,13.7879],[100.74617,13.78882],[100.74614,13.79201],[100.74611,13.79432],[100.74609,13.79491],[100.74606,13.7951],[100.74603,13.79528],[100.74594,13.79557],[100.74592,13.79561],[100.74578,13.79594],[100.74529,13.7968],[100.74497,13.79736],[100.74426,13.79868],[100.74361,13.79989],[100.74479,13.79963],[100.74634,13.79929],[100.74715,13.79912],[100.74879,13.79894],[100.74962,13.79897],[100.74998,13.79906],[100.75097,13.79947],[100.75138,13.79962],[100.75211,13.7998],[100.75255,13.80004],[100.75397,13.80061],[100.7564,13.80179],[100.7569,13.80213],[100.75809,13.80316],[100.75854,13.80361],[100.75872,13.80378],[100.75896,13.80389],[100.75934,13.80401],[100.7598,13.80423],[100.76058,13.80442],[100.76105,13.80446],[100.76165,13.80447],[100.76349,13.80486],[100.76483,13.80516],[100.7663,13.80558],[100.76737,13.80615],[100.76783,13.80642],[100.76843,13.80702],[100.76845,13.80671],[100.76845,13.80509],[100.76844,13.80415],[100.76845,13.80218],[100.76843,13.80166],[100.76841,13.80022],[100.76848,13.79956],[100.76849,13.79771],[100.76851,13.79703],[100.76845,13.79584],[100.76849,13.79452],[100.7685,13.79236],[100.76856,13.79128],[100.76851,13.79096],[100.76845,13.79065],[100.76843,13.79007],[100.76851,13.78931],[100.7685,13.78848],[100.76855,13.78796],[100.76854,13.78625],[100.76851,13.78591],[100.7685,13.78538],[100.76857,13.78492],[100.76856,13.7839],[100.76861,13.78296],[100.76854,13.78199],[100.76853,13.78193],[100.76849,13.78159],[100.76851,13.78005],[100.76859,13.77943],[100.76868,13.77834],[100.76856,13.77768],[100.7686,13.77658],[100.76862,13.77604],[100.76862,13.77604],[100.76863,13.77524],[100.76863,13.77501],[100.76862,13.77378],[100.76867,13.77305],[100.76868,13.77289],[100.76867,13.77259],[100.76867,13.77185],[100.76871,13.77],[100.76872,13.76954],[100.76873,13.76897],[100.76873,13.76865],[100.76873,13.76808],[100.76872,13.76781],[100.7687,13.76757],[100.76873,13.7673],[100.76874,13.76712],[100.76874,13.7668],[100.76874,13.76655],[100.76877,13.76635],[100.76879,13.76622],[100.76882,13.76587],[100.76881,13.76573],[100.76879,13.7648],[100.76877,13.76424],[100.76871,13.76378],[100.76871,13.76378],[100.76878,13.76291],[100.76879,13.76279],[100.76878,13.76254],[100.76876,13.76196],[100.76879,13.76133],[100.76879,13.76106],[100.76879,13.76084],[100.76877,13.7603],[100.76883,13.75819],[100.7688,13.75731],[100.76879,13.75546],[100.76884,13.7545],[100.76885,13.7535]]]}},{"type":"Feature","properties":{"name_th":"สน.ลาดกระบัง","name_en":"LAT KRA BANG","type":"สน.","area_km2":22.531},"geometry":{"type":"Polygon","coordinates":[[[100.7689,13.74747],[100.76899,13.74213],[100.769,13.74173],[100.76902,13.74029],[100.76903,13.73949],[100.76904,13.73857],[100.76909,13.73542],[100.76912,13.73289],[100.76909,13.73221],[100.76909,13.73221],[100.76908,13.73203],[100.76911,13.73144],[100.76917,13.72895],[100.76914,13.72807],[100.76914,13.72593],[100.76918,13.7241],[100.76625,13.7242],[100.7663,13.72383],[100.76654,13.72291],[100.76673,13.72173],[100.76671,13.72016],[100.76672,13.71956],[100.76662,13.71532],[100.7664,13.71541],[100.76559,13.71613],[100.76512,13.71639],[100.76458,13.71647],[100.76219,13.7165],[100.76197,13.71648],[100.76194,13.71646],[100.76171,13.71625],[100.76086,13.71622],[100.76043,13.71646],[100.7604,13.71647],[100.7543,13.71663],[100.75308,13.71662],[100.75301,13.71657],[100.7521,13.71592],[100.75073,13.71645],[100.75068,13.71647],[100.74595,13.71654],[100.74588,13.71652],[100.74546,13.71641],[100.74476,13.71607],[100.74417,13.71579],[100.74431,13.71609],[100.74492,13.71674],[100.74497,13.71679],[100.74507,13.71691],[100.74494,13.71692],[100.74477,13.71689],[100.7445,13.71683],[100.7435,13.71684],[100.74208,13.71682],[100.74108,13.71684],[100.73939,13.71682],[100.73788,13.71681],[100.73611,13.71681],[100.73286,13.71681],[100.73073,13.71683],[100.73069,13.71699],[100.7304,13.71838],[100.73031,13.71842],[100.73031,13.71842],[100.72938,13.71841],[100.72734,13.71837],[100.72621,13.71837],[100.7247,13.71837],[100.72389,13.71838],[100.72204,13.7184],[100.72201,13.7184],[100.72008,13.71833],[100.72008,13.71833],[100.71947,13.71833],[100.71874,13.7183],[100.71812,13.7183],[100.71613,13.71833],[100.71518,13.71838],[100.71501,13.71838],[100.71426,13.71837],[100.71135,13.71838],[100.71084,13.71837],[100.71083,13.71837],[100.71058,13.71836],[100.71041,13.71837],[100.71041,13.71838],[100.70977,13.71838],[100.7097,13.71838],[100.70951,13.71981],[100.70933,13.72118],[100.70917,13.72195],[100.70911,13.72249],[100.709,13.72318],[100.70892,13.72375],[100.70889,13.72386],[100.70883,13.7242],[100.70879,13.72469],[100.70877,13.7251],[100.70874,13.72541],[100.7087,13.72584],[100.70867,13.72621],[100.70857,13.7269],[100.70845,13.72806],[100.70836,13.72926],[100.70827,13.73038],[100.70831,13.73068],[100.70832,13.73106],[100.70827,13.73139],[100.70828,13.73167],[100.70829,13.73221],[100.70831,13.73245],[100.70833,13.73274],[100.70835,13.73334],[100.70838,13.73399],[100.70843,13.73451],[100.70852,13.73501],[100.70859,13.7356],[100.70859,13.73595],[100.70859,13.73639],[100.70862,13.73697],[100.70865,13.73738],[100.70864,13.73781],[100.70873,13.7383],[100.70878,13.7387],[100.70875,13.73909],[100.70875,13.73953],[100.70874,13.73982],[100.70878,13.74025],[100.70883,13.7406],[100.70883,13.74093],[100.70887,13.74144],[100.70891,13.74207],[100.70894,13.74302],[100.70909,13.74418],[100.70911,13.74451],[100.7091,13.74502],[100.7091,13.74554],[100.70913,13.74584],[100.70913,13.74651],[100.70914,13.7467],[100.70914,13.74725],[100.70915,13.74751],[100.70916,13.74767],[100.70919,13.74832],[100.70929,13.74912],[100.70929,13.7493],[100.70933,13.75025],[100.70943,13.75025],[100.71193,13.75025],[100.71439,13.75023],[100.7171,13.75021],[100.71693,13.74984],[100.71672,13.74888],[100.71656,13.74749],[100.71644,13.7457],[100.71848,13.74564],[100.72047,13.74556],[100.72335,13.74544],[100.72393,13.74543],[100.72394,13.74564],[100.7255,13.74563],[100.72547,13.74403],[100.72777,13.74401],[100.73028,13.74399],[100.73146,13.74396],[100.73146,13.7436],[100.73892,13.74337],[100.73893,13.74242],[100.73899,13.74243],[100.73977,13.74244],[100.74108,13.74247],[100.74206,13.7425],[100.74478,13.7426],[100.74482,13.74258],[100.74484,13.74256],[100.7449,13.74242],[100.74492,13.7424],[100.74496,13.74239],[100.74651,13.74244],[100.74648,13.744],[100.74648,13.74458],[100.74652,13.74572],[100.74656,13.74628],[100.74654,13.74725],[100.7464,13.75049],[100.74636,13.75166],[100.7463,13.7561],[100.74851,13.75585],[100.75076,13.75561],[100.75308,13.75533],[100.75602,13.75499],[100.75881,13.75466],[100.76503,13.75395],[100.7678,13.75362],[100.76885,13.7535],[100.76887,13.75305],[100.76888,13.7529],[100.76888,13.7515],[100.7689,13.74747]]]}},{"type":"Feature","properties":{"name_th":"สน.ลาดพร้าว","name_en":"LAT PHRAO","type":"สน.","area_km2":15.226},"geometry":{"type":"Polygon","coordinates":[[[100.64884,13.80677],[100.64811,13.80546],[100.6476,13.80449],[100.64752,13.80421],[100.64753,13.80383],[100.64763,13.80345],[100.64942,13.79957],[100.65205,13.79374],[100.65275,13.79219],[100.6528,13.79193],[100.65277,13.79167],[100.65268,13.79151],[100.64998,13.78753],[100.6491,13.78621],[100.64765,13.78408],[100.64765,13.78404],[100.64769,13.784],[100.64875,13.78281],[100.64994,13.78121],[100.6506,13.78032],[100.65064,13.78026],[100.65093,13.77981],[100.65155,13.77884],[100.65255,13.77711],[100.6528,13.77663],[100.65301,13.77614],[100.65315,13.77574],[100.6533,13.77522],[100.65348,13.77446],[100.65361,13.77403],[100.65382,13.77369],[100.65459,13.77292],[100.65454,13.77288],[100.65425,13.77261],[100.65326,13.7711],[100.65276,13.77042],[100.65162,13.76899],[100.65229,13.76809],[100.65233,13.76803],[100.65149,13.76739],[100.64951,13.76577],[100.64838,13.76523],[100.64754,13.76503],[100.64532,13.76482],[100.64199,13.76447],[100.638,13.76403],[100.63391,13.7635],[100.63046,13.76319],[100.63045,13.76324],[100.6303,13.76438],[100.6301,13.76526],[100.63004,13.76603],[100.62941,13.76929],[100.62916,13.77028],[100.62884,13.77203],[100.62893,13.77253],[100.62858,13.7739],[100.62838,13.77489],[100.62827,13.77544],[100.62824,13.7758],[100.62799,13.77662],[100.62793,13.77727],[100.62775,13.77818],[100.62764,13.77906],[100.62751,13.77957],[100.62747,13.78014],[100.62723,13.78108],[100.62681,13.78317],[100.62672,13.78389],[100.62655,13.78457],[100.62635,13.78567],[100.62612,13.78739],[100.62595,13.78802],[100.62576,13.78864],[100.62542,13.7905],[100.62509,13.79266],[100.62492,13.79337],[100.62479,13.79411],[100.62462,13.79522],[100.62442,13.79581],[100.62438,13.79639],[100.62424,13.79676],[100.6242,13.79701],[100.62418,13.79711],[100.62391,13.79866],[100.62361,13.80021],[100.62359,13.80034],[100.623,13.80342],[100.62254,13.80608],[100.62243,13.80677],[100.62232,13.80704],[100.62207,13.80735],[100.62206,13.80746],[100.62254,13.80813],[100.62293,13.8087],[100.62323,13.80961],[100.62338,13.81],[100.62342,13.81018],[100.62349,13.81042],[100.62353,13.81066],[100.62372,13.81132],[100.62386,13.81185],[100.62393,13.81216],[100.62408,13.81258],[100.62423,13.81315],[100.62431,13.8135],[100.62447,13.81391],[100.62464,13.81446],[100.62466,13.81464],[100.62485,13.81511],[100.62523,13.81638],[100.62527,13.81669],[100.62548,13.81738],[100.62554,13.8175],[100.62564,13.81776],[100.62571,13.81804],[100.62575,13.81833],[100.62582,13.81855],[100.62592,13.81893],[100.626,13.81915],[100.62605,13.81924],[100.62695,13.81924],[100.62735,13.81921],[100.62769,13.81924],[100.62791,13.81926],[100.62839,13.81934],[100.62858,13.81936],[100.62864,13.81936],[100.6287,13.81936],[100.62886,13.81935],[100.62936,13.81926],[100.63023,13.81926],[100.63124,13.81918],[100.63135,13.81917],[100.6322,13.81912],[100.63318,13.81907],[100.63387,13.81907],[100.63457,13.81905],[100.63534,13.81905],[100.6358,13.81906],[100.63651,13.81902],[100.63722,13.81899],[100.63831,13.81898],[100.63905,13.81896],[100.63973,13.81897],[100.6398,13.8189],[100.64029,13.81728],[100.64064,13.81641],[100.64073,13.81618],[100.64118,13.81546],[100.64203,13.8145],[100.64256,13.81394],[100.6432,13.81327],[100.6441,13.81237],[100.64436,13.81211],[100.64452,13.81188],[100.64459,13.81174],[100.64471,13.81152],[100.64474,13.8114],[100.64488,13.81113],[100.64491,13.81092],[100.64504,13.81067],[100.64536,13.81034],[100.64596,13.80952],[100.64669,13.80854],[100.64715,13.80794],[100.64727,13.80788],[100.64732,13.80781],[100.64763,13.80758],[100.64798,13.80736],[100.64835,13.80716],[100.64884,13.80677]]]}},{"type":"Feature","properties":{"name_th":"สน.ลำผักชี","name_en":"LAM PAK CHEE","type":"สน.","area_km2":45.168},"geometry":{"type":"Polygon","coordinates":[[[100.84821,13.77084],[100.84686,13.77072],[100.84675,13.7707],[100.84607,13.77063],[100.84571,13.77065],[100.84446,13.77087],[100.84389,13.77093],[100.84312,13.77093],[100.84237,13.77087],[100.84207,13.77082],[100.84186,13.77078],[100.84138,13.77069],[100.84131,13.77066],[100.84056,13.77031],[100.84003,13.77007],[100.83993,13.76999],[100.83966,13.76978],[100.83938,13.76953],[100.83924,13.7694],[100.83877,13.7689],[100.83866,13.76876],[100.83787,13.76779],[100.83755,13.76756],[100.83738,13.76745],[100.8372,13.76747],[100.83644,13.76761],[100.8346,13.76789],[100.8342,13.76785],[100.83363,13.76767],[100.83326,13.76759],[100.83265,13.76747],[100.8321,13.76741],[100.83213,13.76757],[100.83149,13.76833],[100.83143,13.7684],[100.83143,13.76842],[100.83136,13.76864],[100.83074,13.76923],[100.83013,13.76983],[100.82989,13.77036],[100.82933,13.77204],[100.82919,13.77225],[100.82881,13.7725],[100.82839,13.7728],[100.82815,13.77315],[100.82759,13.77382],[100.82706,13.77445],[100.82639,13.77507],[100.82555,13.77564],[100.82513,13.77598],[100.82481,13.77633],[100.82427,13.77678],[100.82352,13.77718],[100.82314,13.77742],[100.82272,13.77772],[100.82278,13.77793],[100.82287,13.77873],[100.82283,13.77902],[100.82295,13.77966],[100.82275,13.77979],[100.82242,13.78005],[100.82207,13.78025],[100.82176,13.78048],[100.82136,13.78074],[100.82098,13.78101],[100.82042,13.78137],[100.81991,13.78167],[100.81954,13.78184],[100.81886,13.78207],[100.81847,13.78219],[100.81799,13.78232],[100.81748,13.78242],[100.81688,13.78255],[100.81637,13.7827],[100.81596,13.78287],[100.81541,13.78318],[100.81527,13.78334],[100.81509,13.78362],[100.81476,13.78418],[100.81463,13.78422],[100.81443,13.78419],[100.81421,13.78401],[100.814,13.78377],[100.81372,13.78329],[100.81349,13.78292],[100.81315,13.7827],[100.81268,13.78251],[100.81203,13.78226],[100.81129,13.78207],[100.81049,13.78186],[100.80988,13.78174],[100.80929,13.78166],[100.80867,13.78162],[100.80796,13.78164],[100.80723,13.78167],[100.80685,13.78172],[100.80616,13.78166],[100.80564,13.78166],[100.80487,13.78163],[100.80441,13.78171],[100.80403,13.78175],[100.8034,13.78171],[100.80313,13.78167],[100.80245,13.78161],[100.80201,13.7816],[100.80146,13.78156],[100.80077,13.78161],[100.80001,13.78181],[100.79943,13.78188],[100.7989,13.7821],[100.79816,13.78235],[100.79765,13.78249],[100.79705,13.78259],[100.79641,13.78269],[100.79515,13.78321],[100.79432,13.7836],[100.79403,13.78376],[100.79378,13.78396],[100.79365,13.78414],[100.79358,13.78431],[100.79355,13.78451],[100.79356,13.78472],[100.79362,13.78492],[100.79372,13.7851],[100.79431,13.78596],[100.79502,13.78687],[100.79539,13.78742],[100.79577,13.78802],[100.79596,13.78841],[100.79605,13.78867],[100.79612,13.78901],[100.79617,13.78938],[100.79621,13.79009],[100.79627,13.79053],[100.79634,13.79082],[100.79639,13.79113],[100.79639,13.79133],[100.79635,13.79151],[100.79626,13.79177],[100.79613,13.79206],[100.79594,13.79237],[100.79533,13.79344],[100.79507,13.79398],[100.79502,13.79407],[100.79533,13.79468],[100.79579,13.79547],[100.79615,13.79617],[100.79644,13.79664],[100.79717,13.79788],[100.79769,13.79858],[100.79833,13.79929],[100.79885,13.79969],[100.79902,13.79992],[100.79923,13.80015],[100.79973,13.80064],[100.80015,13.80083],[100.80099,13.80136],[100.80215,13.8022],[100.80238,13.80246],[100.80286,13.80286],[100.80331,13.80328],[100.80453,13.80439],[100.80513,13.80511],[100.80599,13.80611],[100.80674,13.80689],[100.80737,13.80766],[100.80763,13.80798],[100.80755,13.80809],[100.80744,13.80817],[100.8073,13.80819],[100.807,13.80819],[100.80686,13.80824],[100.8068,13.8082],[100.80652,13.80817],[100.80638,13.80819],[100.80588,13.80805],[100.80549,13.80797],[100.80498,13.80797],[100.80477,13.80795],[100.80444,13.80791],[100.80391,13.80786],[100.80367,13.80786],[100.80348,13.80789],[100.80331,13.80794],[100.80318,13.80801],[100.80288,13.80824],[100.80264,13.80842],[100.80229,13.80875],[100.80201,13.80907],[100.80182,13.80924],[100.80167,13.8094],[100.80154,13.80966],[100.80149,13.81007],[100.80142,13.81035],[100.80143,13.8104],[100.80157,13.81038],[100.80953,13.8096],[100.80976,13.81002],[100.81056,13.81118],[100.81188,13.81287],[100.8126,13.81357],[100.81302,13.8141],[100.81349,13.81466],[100.81407,13.81527],[100.81447,13.81561],[100.81514,13.81608],[100.81612,13.8166],[100.81685,13.81693],[100.81762,13.81719],[100.81837,13.81755],[100.81863,13.81771],[100.81913,13.81837],[100.81947,13.81898],[100.81968,13.81924],[100.82061,13.82021],[100.82098,13.82076],[100.82121,13.8212],[100.82195,13.82241],[100.82231,13.8229],[100.82273,13.82374],[100.82295,13.82427],[100.82306,13.82469],[100.82318,13.82524],[100.82342,13.82627],[100.82351,13.82671],[100.82351,13.82691],[100.82367,13.82693],[100.82387,13.82674],[100.8241,13.82651],[100.82428,13.82627],[100.82453,13.82586],[100.825,13.82518],[100.8256,13.8246],[100.82592,13.82425],[100.82622,13.82393],[100.82643,13.82377],[100.82721,13.82341],[100.82759,13.82323],[100.82811,13.82285],[100.82833,13.82265],[100.82854,13.82242],[100.82866,13.82223],[100.8288,13.8219],[100.82897,13.82141],[100.82906,13.82108],[100.82916,13.82089],[100.82931,13.82072],[100.82952,13.82055],[100.83009,13.82017],[100.83111,13.81909],[100.83213,13.81824],[100.83241,13.81811],[100.83309,13.81801],[100.83406,13.81772],[100.83441,13.81768],[100.83472,13.81771],[100.83549,13.81791],[100.8363,13.81815],[100.83739,13.81842],[100.83793,13.81846],[100.83804,13.81848],[100.83807,13.81866],[100.83804,13.81954],[100.83817,13.82049],[100.83817,13.82176],[100.83841,13.82246],[100.83902,13.82374],[100.83926,13.82481],[100.83955,13.82596],[100.83981,13.82717],[100.84017,13.82877],[100.84032,13.82933],[100.84054,13.83014],[100.84075,13.83076],[100.8409,13.83111],[100.8414,13.83172],[100.84177,13.83211],[100.84212,13.83239],[100.84242,13.83259],[100.84284,13.83294],[100.84437,13.83402],[100.84483,13.83443],[100.84662,13.83559],[100.84736,13.83579],[100.84858,13.83575],[100.84891,13.83578],[100.85076,13.83604],[100.8528,13.83623],[100.8536,13.83638],[100.85449,13.83676],[100.85546,13.83745],[100.85618,13.8382],[100.85623,13.83825],[100.85745,13.83868],[100.85873,13.83879],[100.86113,13.83909],[100.86226,13.83898],[100.86509,13.83863],[100.86604,13.8387],[100.86688,13.8388],[100.86779,13.83927],[100.86793,13.83955],[100.86845,13.83946],[100.86952,13.83957],[100.87004,13.83309],[100.87053,13.82682],[100.87088,13.82293],[100.87112,13.82038],[100.87135,13.81768],[100.87138,13.81698],[100.8713,13.81606],[100.87129,13.816],[100.87141,13.81442],[100.87171,13.81116],[100.87176,13.81009],[100.87171,13.80979],[100.8717,13.80969],[100.87198,13.80606],[100.87214,13.80371],[100.87203,13.80356],[100.87212,13.80232],[100.87222,13.80115],[100.87232,13.79942],[100.87243,13.79755],[100.87255,13.79698],[100.87255,13.79677],[100.87218,13.79429],[100.87171,13.79078],[100.87153,13.7889],[100.87111,13.78562],[100.87055,13.78142],[100.87045,13.78054],[100.8704,13.77863],[100.87016,13.77284],[100.86984,13.76594],[100.86964,13.76162],[100.86955,13.75968],[100.8694,13.75622],[100.86927,13.75293],[100.86919,13.75094],[100.86916,13.74954],[100.86915,13.74935],[100.86911,13.74921],[100.86907,13.74909],[100.869,13.74893],[100.86885,13.74869],[100.86882,13.74864],[100.86845,13.74914],[100.86807,13.74969],[100.86752,13.75069],[100.86714,13.75149],[100.86696,13.7518],[100.86652,13.75281],[100.86635,13.75359],[100.86624,13.75462],[100.86618,13.75549],[100.86637,13.75645],[100.86648,13.75716],[100.86652,13.75799],[100.86651,13.75823],[100.86643,13.75859],[100.86574,13.76],[100.86559,13.76057],[100.86558,13.7611],[100.8655,13.76178],[100.86521,13.7623],[100.865,13.76283],[100.86484,13.76337],[100.8648,13.76381],[100.86481,13.76431],[100.86477,13.76449],[100.86458,13.76512],[100.86398,13.76661],[100.86353,13.76759],[100.86333,13.76777],[100.86288,13.76819],[100.86234,13.76874],[100.86176,13.76951],[100.86144,13.76986],[100.8613,13.76994],[100.8607,13.77028],[100.86022,13.77034],[100.85945,13.77028],[100.85837,13.77027],[100.85797,13.77034],[100.85753,13.7705],[100.85692,13.77075],[100.85648,13.77089],[100.85586,13.77101],[100.85542,13.77102],[100.85485,13.77097],[100.85404,13.77095],[100.85313,13.77097],[100.8526,13.77096],[100.8515,13.77088],[100.85058,13.77088],[100.85004,13.77089],[100.84868,13.77086],[100.84824,13.77084],[100.84821,13.77084]]]}},{"type":"Feature","properties":{"name_th":"สน.ลำหิน","name_en":"LAM HIN","type":"สน.","area_km2":39.187},"geometry":{"type":"Polygon","coordinates":[[[100.8289,13.89475],[100.8288,13.89464],[100.82846,13.89416],[100.8284,13.89392],[100.82837,13.8938],[100.82844,13.89357],[100.82847,13.89347],[100.82877,13.8929],[100.8288,13.89268],[100.82881,13.8924],[100.82877,13.89173],[100.82879,13.89166],[100.82888,13.89127],[100.82928,13.88972],[100.82934,13.88916],[100.82927,13.88842],[100.82927,13.88842],[100.82938,13.88809],[100.82941,13.88801],[100.82977,13.88748],[100.82988,13.88733],[100.8304,13.88662],[100.83047,13.88639],[100.83065,13.8858],[100.83088,13.88514],[100.831,13.8848],[100.83118,13.88426],[100.83154,13.88307],[100.83158,13.88294],[100.83173,13.88246],[100.83199,13.88195],[100.83201,13.88185],[100.83207,13.88161],[100.83207,13.88157],[100.83206,13.88115],[100.832,13.88085],[100.83196,13.88068],[100.83189,13.88038],[100.83174,13.88015],[100.83166,13.88011],[100.83148,13.88002],[100.83126,13.87992],[100.83077,13.87971],[100.83061,13.87965],[100.83022,13.87951],[100.83013,13.87945],[100.82991,13.87928],[100.82959,13.87902],[100.82946,13.87893],[100.8292,13.87874],[100.82886,13.87858],[100.8288,13.87857],[100.82839,13.87848],[100.82818,13.87842],[100.82786,13.87832],[100.82762,13.87825],[100.82733,13.87811],[100.82712,13.878],[100.82689,13.87786],[100.82669,13.87774],[100.82622,13.87726],[100.82614,13.87717],[100.82603,13.8771],[100.82577,13.87694],[100.82538,13.87677],[100.82521,13.87669],[100.82489,13.8765],[100.82479,13.87641],[100.8246,13.87623],[100.82449,13.87612],[100.82398,13.87546],[100.82393,13.87538],[100.8234,13.8744],[100.82313,13.87396],[100.82283,13.8737],[100.82228,13.87348],[100.82218,13.87343],[100.82142,13.873],[100.82133,13.87297],[100.821,13.87286],[100.82062,13.87288],[100.8203,13.87292],[100.81982,13.873],[100.81919,13.87303],[100.81886,13.873],[100.81875,13.87282],[100.81871,13.87277],[100.81872,13.87275],[100.81872,13.87245],[100.81901,13.87217],[100.81952,13.87158],[100.81997,13.87069],[100.82056,13.86966],[100.82112,13.86889],[100.82162,13.86842],[100.82207,13.868],[100.82254,13.86765],[100.82261,13.86748],[100.82267,13.86731],[100.82267,13.86728],[100.82269,13.86709],[100.8227,13.86692],[100.82273,13.86634],[100.82295,13.86598],[100.82334,13.8658],[100.82405,13.86585],[100.82483,13.86573],[100.82546,13.86547],[100.82555,13.86538],[100.82604,13.86482],[100.82679,13.86404],[100.82686,13.86397],[100.82713,13.86388],[100.82718,13.86388],[100.82738,13.86389],[100.82757,13.86401],[100.82779,13.86413],[100.82797,13.86418],[100.82824,13.86424],[100.82826,13.86425],[100.82874,13.8643],[100.82878,13.86426],[100.82885,13.86419],[100.82891,13.86414],[100.82932,13.86357],[100.82942,13.86336],[100.82957,13.86304],[100.82976,13.86238],[100.8298,13.8619],[100.82982,13.86175],[100.82985,13.86149],[100.82987,13.86131],[100.82991,13.86123],[100.83028,13.86055],[100.8303,13.86047],[100.8303,13.86045],[100.83034,13.86033],[100.83025,13.85973],[100.83023,13.85957],[100.83019,13.85949],[100.83003,13.85922],[100.82985,13.85904],[100.8297,13.85889],[100.82923,13.85857],[100.82913,13.8585],[100.82851,13.85806],[100.82842,13.85798],[100.82815,13.85776],[100.82812,13.85773],[100.82807,13.85768],[100.82783,13.85742],[100.82759,13.85704],[100.82757,13.85701],[100.82752,13.8563],[100.82753,13.85583],[100.82748,13.85548],[100.82735,13.85533],[100.82563,13.85508],[100.82251,13.85471],[100.81948,13.85436],[100.817,13.8541],[100.81551,13.85383],[100.81409,13.85365],[100.81366,13.85359],[100.81179,13.85352],[100.81128,13.8535],[100.81053,13.85347],[100.80844,13.85341],[100.8084,13.85341],[100.80739,13.85342],[100.80654,13.85333],[100.80591,13.85305],[100.80495,13.85246],[100.80389,13.85187],[100.8029,13.85129],[100.80186,13.85067],[100.80103,13.85032],[100.80039,13.84993],[100.79941,13.84945],[100.79939,13.84949],[100.7988,13.85088],[100.79879,13.8509],[100.79841,13.85175],[100.79807,13.85256],[100.79777,13.8532],[100.79741,13.85396],[100.79713,13.85454],[100.79677,13.85528],[100.7965,13.85587],[100.79615,13.85669],[100.79581,13.85745],[100.79532,13.85856],[100.79499,13.8593],[100.79462,13.86014],[100.79441,13.86069],[100.79406,13.8615],[100.79361,13.86257],[100.79326,13.8634],[100.79295,13.86421],[100.78774,13.8788],[100.78773,13.87884],[100.7877,13.87892],[100.78776,13.87901],[100.7879,13.87904],[100.78795,13.87905],[100.78795,13.87908],[100.78798,13.87921],[100.78792,13.87932],[100.78794,13.87943],[100.78799,13.87947],[100.78803,13.8795],[100.78819,13.87972],[100.78825,13.87987],[100.78829,13.88001],[100.78829,13.88003],[100.78828,13.88024],[100.78828,13.88026],[100.78848,13.88039],[100.78848,13.88039],[100.78867,13.8806],[100.78868,13.8806],[100.789,13.88096],[100.78921,13.88108],[100.7901,13.88127],[100.79049,13.88167],[100.79075,13.88182],[100.79095,13.88207],[100.79162,13.88322],[100.79197,13.88366],[100.79227,13.88396],[100.79246,13.88428],[100.79247,13.8843],[100.79262,13.88492],[100.79263,13.88507],[100.79263,13.88521],[100.79266,13.88546],[100.79267,13.88556],[100.79269,13.88561],[100.79276,13.88577],[100.79278,13.88583],[100.7929,13.88594],[100.79309,13.88603],[100.79324,13.88608],[100.79356,13.88613],[100.79376,13.88616],[100.79391,13.8862],[100.79404,13.88624],[100.79419,13.88639],[100.79445,13.88675],[100.7947,13.88728],[100.79471,13.88733],[100.79478,13.88764],[100.79482,13.88797],[100.79487,13.88849],[100.79488,13.88865],[100.79489,13.88877],[100.79491,13.88883],[100.79506,13.88919],[100.79509,13.88928],[100.79521,13.88941],[100.79548,13.88967],[100.79576,13.89017],[100.79578,13.89027],[100.79584,13.89061],[100.79594,13.89072],[100.79606,13.89085],[100.79623,13.89089],[100.79626,13.8909],[100.79653,13.89094],[100.79717,13.891],[100.79753,13.89103],[100.79777,13.89115],[100.79789,13.89126],[100.79794,13.89147],[100.79797,13.89164],[100.79806,13.89208],[100.79825,13.89235],[100.79823,13.89235],[100.79733,13.89251],[100.79684,13.89279],[100.79649,13.89291],[100.79622,13.89306],[100.79593,13.8932],[100.79549,13.89356],[100.79506,13.89373],[100.79319,13.89381],[100.7929,13.89406],[100.79284,13.89545],[100.79283,13.89641],[100.79284,13.89657],[100.79286,13.89684],[100.7928,13.8971],[100.7926,13.89722],[100.79244,13.89724],[100.79237,13.89726],[100.79228,13.89733],[100.7922,13.89741],[100.79221,13.89909],[100.79226,13.89943],[100.79231,13.90105],[100.79232,13.9013],[100.79232,13.90141],[100.79232,13.90141],[100.79232,13.90152],[100.79232,13.90152],[100.79232,13.90159],[100.79231,13.90168],[100.79226,13.90227],[100.79224,13.90236],[100.79232,13.90262],[100.79232,13.90271],[100.79231,13.90419],[100.79222,13.90461],[100.79223,13.90543],[100.79223,13.90606],[100.79219,13.90641],[100.79223,13.90745],[100.79226,13.90801],[100.79221,13.90845],[100.79219,13.90904],[100.7923,13.91163],[100.79236,13.91426],[100.79236,13.91622],[100.79237,13.91865],[100.79238,13.92061],[100.79241,13.92264],[100.79244,13.92556],[100.79245,13.92764],[100.79245,13.92923],[100.79248,13.9315],[100.79262,13.93149],[100.79284,13.93154],[100.81416,13.93557],[100.81419,13.93612],[100.81475,13.9361],[100.81472,13.93567],[100.81674,13.93608],[100.81787,13.93627],[100.81838,13.93636],[100.82037,13.93675],[100.82135,13.93694],[100.82242,13.93715],[100.82349,13.93734],[100.8238,13.9374],[100.82403,13.93745],[100.82457,13.93757],[100.82509,13.9377],[100.82777,13.9383],[100.82991,13.9388],[100.83097,13.93905],[100.83205,13.9393],[100.83259,13.93942],[100.83315,13.93953],[100.83391,13.93966],[100.83527,13.9399],[100.83637,13.94008],[100.83743,13.94025],[100.8385,13.94044],[100.83949,13.94061],[100.84005,13.9407],[100.84019,13.94072],[100.83992,13.93857],[100.83959,13.93651],[100.83912,13.93364],[100.83893,13.93041],[100.839,13.92755],[100.83879,13.92466],[100.83866,13.92217],[100.83851,13.91829],[100.83836,13.91478],[100.83828,13.91254],[100.83816,13.90984],[100.83822,13.90828],[100.83832,13.90684],[100.83806,13.90672],[100.8376,13.90602],[100.83729,13.90574],[100.83715,13.90561],[100.83715,13.90561],[100.83679,13.90509],[100.83672,13.90447],[100.83629,13.90372],[100.83629,13.90372],[100.83537,13.90276],[100.83473,13.90221],[100.83465,13.90215],[100.83375,13.9013],[100.83301,13.90035],[100.83165,13.89843],[100.83048,13.897],[100.82981,13.89608],[100.82983,13.89606],[100.82983,13.89597],[100.82979,13.89583],[100.82968,13.89565],[100.82943,13.89525],[100.82942,13.89522],[100.82939,13.8952],[100.82892,13.89478],[100.8289,13.89475]]]}},{"type":"Feature","properties":{"name_th":"สน.ลุมพินี","name_en":"LUMPHINI","type":"สน.","area_km2":6.323},"geometry":{"type":"Polygon","coordinates":[[[100.55417,13.74813],[100.55437,13.74817],[100.55597,13.74815],[100.55691,13.74822],[100.5588,13.7484],[100.5604,13.74825],[100.56124,13.74815],[100.56204,13.74791],[100.5631,13.74771],[100.56288,13.74671],[100.56216,13.74354],[100.56208,13.74294],[100.5618,13.73935],[100.56139,13.73762],[100.5612,13.73661],[100.56115,13.73635],[100.56107,13.73583],[100.56091,13.73523],[100.56076,13.73492],[100.56034,13.73428],[100.55991,13.73359],[100.55975,13.7331],[100.55965,13.73264],[100.55966,13.73125],[100.55974,13.72984],[100.56026,13.72592],[100.56034,13.72504],[100.56026,13.72416],[100.55999,13.72308],[100.55902,13.72039],[100.55409,13.7224],[100.55289,13.72291],[100.55221,13.72319],[100.54968,13.72423],[100.54573,13.7259],[100.54374,13.72672],[100.54112,13.72781],[100.53665,13.72969],[100.53659,13.72972],[100.53687,13.73041],[100.53851,13.73454],[100.53873,13.7352],[100.53936,13.7393],[100.54013,13.74447],[100.54067,13.7478],[100.54093,13.7493],[100.54106,13.74929],[100.54135,13.74929],[100.54177,13.74922],[100.54295,13.74884],[100.54344,13.74873],[100.54408,13.74864],[100.5446,13.74859],[100.54562,13.74848],[100.54641,13.74837],[100.54747,13.74828],[100.54784,13.74832],[100.55008,13.74829],[100.55016,13.74829],[100.55042,13.74828],[100.55065,13.74831],[100.55124,13.74825],[100.55219,13.74821],[100.55299,13.74818],[100.55417,13.74813]]]}},{"type":"Feature","properties":{"name_th":"สน.วังทองหลาง","name_en":"WANG THONG LANG","type":"สน.","area_km2":13.263},"geometry":{"type":"Polygon","coordinates":[[[100.61965,13.78025],[100.61966,13.78025],[100.62041,13.77983],[100.62827,13.77544],[100.62838,13.77489],[100.62858,13.7739],[100.62893,13.77253],[100.62884,13.77203],[100.62916,13.77028],[100.62941,13.76929],[100.63004,13.76603],[100.6301,13.76526],[100.6303,13.76438],[100.63045,13.76324],[100.63046,13.76319],[100.62924,13.76295],[100.62679,13.76277],[100.62238,13.76228],[100.62055,13.76213],[100.62011,13.76195],[100.61965,13.76188],[100.61853,13.7617],[100.61741,13.76164],[100.61663,13.76159],[100.61538,13.76123],[100.61406,13.76055],[100.61333,13.75968],[100.61153,13.75801],[100.61073,13.75725],[100.60845,13.75511],[100.60542,13.75244],[100.60416,13.75124],[100.60413,13.75122],[100.60208,13.74917],[100.60172,13.74884],[100.59907,13.74972],[100.59533,13.75091],[100.59471,13.75118],[100.59082,13.75242],[100.58731,13.75357],[100.58555,13.7541],[100.5839,13.75456],[100.58267,13.75477],[100.58152,13.75489],[100.58108,13.75491],[100.58107,13.75492],[100.58104,13.75501],[100.58087,13.75562],[100.58082,13.75579],[100.58081,13.756],[100.58079,13.75639],[100.58085,13.7567],[100.58124,13.75863],[100.58127,13.75921],[100.58128,13.75925],[100.58145,13.75983],[100.58147,13.75991],[100.58163,13.76011],[100.58187,13.76043],[100.58222,13.76084],[100.58233,13.76098],[100.58284,13.76139],[100.58348,13.7617],[100.58367,13.76174],[100.58409,13.76182],[100.58414,13.76183],[100.58416,13.76183],[100.58447,13.76187],[100.58461,13.76191],[100.58464,13.76191],[100.58486,13.76197],[100.58493,13.76197],[100.58506,13.76197],[100.58513,13.76193],[100.5853,13.76184],[100.58543,13.76181],[100.58545,13.76181],[100.58562,13.76178],[100.58581,13.7618],[100.58603,13.76183],[100.58606,13.76183],[100.58615,13.76188],[100.58622,13.76193],[100.58654,13.76216],[100.58657,13.76219],[100.5872,13.76255],[100.58786,13.76302],[100.58788,13.76303],[100.58788,13.76303],[100.58789,13.76303],[100.58798,13.76305],[100.58799,13.76306],[100.58836,13.76298],[100.58877,13.76287],[100.58902,13.76282],[100.58916,13.76278],[100.58916,13.76278],[100.58942,13.7628],[100.58944,13.7628],[100.58965,13.76289],[100.58966,13.7629],[100.58967,13.7629],[100.58992,13.76293],[100.59002,13.76294],[100.59041,13.76292],[100.59043,13.76291],[100.59083,13.763],[100.591,13.76301],[100.59117,13.76302],[100.59165,13.76302],[100.5917,13.76303],[100.59199,13.76312],[100.5921,13.76315],[100.59241,13.76324],[100.59248,13.76324],[100.59286,13.76327],[100.59302,13.76331],[100.59342,13.76339],[100.59376,13.76351],[100.59413,13.76372],[100.5943,13.76388],[100.59435,13.7639],[100.59441,13.76392],[100.59461,13.76399],[100.59465,13.76416],[100.59466,13.7648],[100.59464,13.76549],[100.59462,13.76593],[100.59451,13.76644],[100.59431,13.76705],[100.59408,13.76761],[100.59365,13.76873],[100.59347,13.76986],[100.59331,13.7708],[100.59301,13.77269],[100.593,13.77349],[100.59302,13.7742],[100.59311,13.775],[100.59328,13.77576],[100.5935,13.77695],[100.5935,13.77758],[100.59345,13.77899],[100.59339,13.77937],[100.5933,13.7796],[100.59302,13.78005],[100.59216,13.78129],[100.59191,13.78175],[100.59151,13.78299],[100.59135,13.78353],[100.59116,13.78403],[100.59091,13.78455],[100.59054,13.78535],[100.59018,13.78616],[100.59002,13.78678],[100.58993,13.78745],[100.58993,13.78822],[100.58999,13.78878],[100.59,13.78889],[100.59009,13.78889],[100.59013,13.78889],[100.59064,13.78887],[100.59351,13.7889],[100.59368,13.78893],[100.59975,13.78912],[100.59974,13.79137],[100.60159,13.79034],[100.6079,13.7868],[100.61255,13.78423],[100.61965,13.78025]]]}},{"type":"Feature","properties":{"name_th":"สน.วัดพระยาไกร","name_en":"WAT PHRAYAKRAI","type":"สน.","area_km2":8.155},"geometry":{"type":"Polygon","coordinates":[[[100.52864,13.7059],[100.53073,13.70065],[100.53141,13.69896],[100.53278,13.69547],[100.53268,13.69538],[100.53262,13.69533],[100.52929,13.69408],[100.52903,13.69393],[100.52881,13.69385],[100.52853,13.69379],[100.52802,13.6936],[100.52797,13.69359],[100.52642,13.69339],[100.52522,13.69324],[100.52464,13.69289],[100.52408,13.69236],[100.52369,13.6918],[100.5227,13.69046],[100.52241,13.69003],[100.52219,13.68958],[100.52181,13.68843],[100.52135,13.68781],[100.52076,13.68707],[100.52033,13.68658],[100.5196,13.68602],[100.51939,13.68573],[100.51901,13.6855],[100.51824,13.68441],[100.51818,13.68444],[100.5165,13.68532],[100.51437,13.68606],[100.51136,13.68667],[100.50875,13.68704],[100.50549,13.68751],[100.50204,13.68783],[100.50043,13.68813],[100.50005,13.6882],[100.49796,13.6889],[100.49544,13.69023],[100.49285,13.69186],[100.49148,13.69344],[100.49086,13.69541],[100.49108,13.6978],[100.49225,13.6992],[100.49333,13.70018],[100.49607,13.70179],[100.49943,13.7035],[100.49964,13.70361],[100.50387,13.70672],[100.50609,13.7087],[100.50728,13.70982],[100.50742,13.70974],[100.50778,13.70959],[100.50798,13.70935],[100.50842,13.70894],[100.50866,13.70897],[100.50871,13.70895],[100.50874,13.7089],[100.50871,13.70874],[100.50873,13.70864],[100.50892,13.7087],[100.50903,13.70866],[100.50906,13.70862],[100.50906,13.70854],[100.50903,13.70841],[100.50906,13.70834],[100.50915,13.70829],[100.50926,13.70821],[100.51121,13.70999],[100.51146,13.71],[100.51212,13.70976],[100.51244,13.70966],[100.51281,13.70959],[100.51306,13.7095],[100.51328,13.70937],[100.51357,13.70924],[100.51422,13.70903],[100.51502,13.70879],[100.51598,13.70848],[100.51641,13.70832],[100.51645,13.70831],[100.51721,13.70811],[100.51846,13.70785],[100.51882,13.7078],[100.51895,13.70778],[100.52324,13.70697],[100.52864,13.7059]]]}},{"type":"Feature","properties":{"name_th":"สน.ศาลาแดง","name_en":"SALA DAENG","type":"สน.","area_km2":20.372},"geometry":{"type":"Polygon","coordinates":[[[100.38694,13.76474],[100.38833,13.76443],[100.39093,13.76388],[100.39289,13.76356],[100.39366,13.76339],[100.39491,13.7631],[100.39567,13.76294],[100.39609,13.76288],[100.39621,13.75669],[100.39627,13.75323],[100.39631,13.75131],[100.39642,13.74484],[100.39646,13.74115],[100.39429,13.74104],[100.39355,13.74101],[100.39049,13.74074],[100.38788,13.74056],[100.38455,13.74025],[100.38256,13.74003],[100.38098,13.73994],[100.37731,13.73962],[100.37485,13.7394],[100.37152,13.73909],[100.3698,13.73892],[100.36592,13.73857],[100.36034,13.73806],[100.36014,13.73804],[100.35984,13.738],[100.35937,13.73798],[100.35881,13.73796],[100.35839,13.73792],[100.35806,13.73787],[100.35795,13.73781],[100.35737,13.73779],[100.35703,13.73781],[100.35703,13.73781],[100.35701,13.73781],[100.35657,13.73777],[100.35627,13.73775],[100.35603,13.73773],[100.35492,13.73767],[100.35465,13.73757],[100.35442,13.73753],[100.35387,13.73757],[100.35355,13.73752],[100.35245,13.7375],[100.35162,13.73741],[100.35005,13.73729],[100.34946,13.73724],[100.34899,13.73716],[100.34869,13.73713],[100.34866,13.73713],[100.34842,13.7371],[100.34792,13.73709],[100.34734,13.73706],[100.34657,13.73703],[100.34638,13.73696],[100.34508,13.73697],[100.3448,13.73694],[100.34468,13.73693],[100.34444,13.7369],[100.3437,13.73684],[100.34283,13.73679],[100.34218,13.73676],[100.3409,13.73667],[100.34045,13.73661],[100.34018,13.73652],[100.33971,13.73639],[100.33909,13.73629],[100.33905,13.73628],[100.33869,13.7362],[100.33852,13.73617],[100.33842,13.73616],[100.33817,13.73613],[100.33814,13.73613],[100.33774,13.73851],[100.33773,13.73859],[100.33719,13.73987],[100.33702,13.74026],[100.33699,13.7405],[100.3366,13.74342],[100.3366,13.74344],[100.33614,13.74625],[100.3361,13.7465],[100.33609,13.74651],[100.33656,13.74689],[100.33655,13.74781],[100.33654,13.74843],[100.33647,13.75325],[100.33646,13.75338],[100.33644,13.75354],[100.33561,13.75368],[100.33501,13.75492],[100.33499,13.75498],[100.33496,13.75504],[100.3349,13.75518],[100.3349,13.75519],[100.33448,13.75619],[100.33411,13.7575],[100.3341,13.75751],[100.33408,13.75755],[100.33404,13.75761],[100.33376,13.75807],[100.33367,13.75822],[100.33337,13.7587],[100.33302,13.75926],[100.33129,13.76205],[100.33101,13.76248],[100.33112,13.76323],[100.33122,13.76383],[100.33113,13.76442],[100.33104,13.76507],[100.33103,13.76513],[100.33104,13.76513],[100.3312,13.76507],[100.33167,13.76481],[100.33258,13.76429],[100.33278,13.76419],[100.33291,13.76414],[100.33305,13.7641],[100.3332,13.76408],[100.33404,13.76409],[100.33436,13.76415],[100.33468,13.76426],[100.3352,13.76454],[100.33541,13.76462],[100.33563,13.7647],[100.33592,13.76478],[100.33635,13.76488],[100.33665,13.76493],[100.33687,13.76494],[100.33882,13.76493],[100.33967,13.76518],[100.33994,13.76523],[100.3404,13.76527],[100.3408,13.76532],[100.3411,13.76536],[100.34145,13.76542],[100.3419,13.76553],[100.34349,13.76593],[100.34484,13.76623],[100.34648,13.76658],[100.34681,13.7667],[100.35398,13.76826],[100.35421,13.76845],[100.35466,13.7692],[100.35486,13.76931],[100.3602,13.76893],[100.36091,13.76888],[100.36487,13.76878],[100.36791,13.76861],[100.37065,13.76808],[100.37447,13.76724],[100.37588,13.76696],[100.37769,13.76653],[100.38243,13.76566],[100.38694,13.76474]]]}},{"type":"Feature","properties":{"name_th":"สน.สมเด็จเจ้าพระยา","name_en":"SOMDETCHAOPHRAYA","type":"สน.","area_km2":2.166},"geometry":{"type":"Polygon","coordinates":[[[100.51121,13.71969],[100.5071,13.72072],[100.50581,13.7209],[100.50457,13.72102],[100.50106,13.72114],[100.49548,13.72133],[100.49548,13.72194],[100.49553,13.723],[100.49555,13.72354],[100.49552,13.72385],[100.4955,13.72421],[100.49546,13.72475],[100.49537,13.72539],[100.49507,13.72677],[100.49506,13.72684],[100.50079,13.72823],[100.50223,13.7323],[100.50226,13.73237],[100.50388,13.73699],[100.50449,13.73673],[100.50618,13.73623],[100.50751,13.7357],[100.50839,13.73516],[100.50898,13.73457],[100.50967,13.73384],[100.51016,13.73291],[100.51082,13.73154],[100.5112,13.7306],[100.51121,13.73056],[100.51142,13.72953],[100.51169,13.72822],[100.51187,13.72587],[100.51188,13.72447],[100.51182,13.72318],[100.51169,13.72197],[100.5115,13.72075],[100.51121,13.71969]]]}},{"type":"Feature","properties":{"name_th":"สน.สามเสน","name_en":"SAMSEN","type":"สน.","area_km2":3.711},"geometry":{"type":"Polygon","coordinates":[[[100.52743,13.78936],[100.5274,13.78928],[100.52687,13.78829],[100.52619,13.78703],[100.52534,13.78547],[100.52428,13.78353],[100.52351,13.78208],[100.52306,13.78127],[100.52255,13.78029],[100.52191,13.77916],[100.52135,13.77812],[100.52089,13.77839],[100.52064,13.77866],[100.52046,13.77888],[100.52019,13.77903],[100.51957,13.77919],[100.51916,13.77931],[100.51858,13.77941],[100.51808,13.77945],[100.51736,13.77977],[100.51701,13.78027],[100.51674,13.78049],[100.51646,13.78062],[100.51592,13.78056],[100.51542,13.78069],[100.51485,13.78119],[100.51468,13.78157],[100.51445,13.78188],[100.51425,13.78198],[100.51422,13.78191],[100.51327,13.77999],[100.5131,13.77961],[100.51184,13.77698],[100.51001,13.7732],[100.50824,13.76956],[100.50689,13.76681],[100.50688,13.76666],[100.50682,13.76656],[100.50675,13.76663],[100.50606,13.76743],[100.50567,13.76786],[100.50483,13.76883],[100.50404,13.76972],[100.5039,13.76983],[100.50338,13.77025],[100.50289,13.77061],[100.50228,13.77111],[100.50186,13.77143],[100.50118,13.77188],[100.50029,13.77235],[100.50135,13.77452],[100.50219,13.77703],[100.50281,13.77916],[100.50362,13.78049],[100.50429,13.78183],[100.50499,13.78323],[100.50604,13.78509],[100.50651,13.78568],[100.50759,13.78702],[100.50934,13.78882],[100.51182,13.79124],[100.51356,13.79314],[100.51636,13.79166],[100.51674,13.79147],[100.51703,13.79214],[100.51722,13.79245],[100.51811,13.79205],[100.51924,13.79148],[100.51931,13.79146],[100.51962,13.7913],[100.51985,13.79172],[100.52001,13.79194],[100.52021,13.79228],[100.52028,13.79233],[100.52082,13.79227],[100.52152,13.79221],[100.52163,13.79219],[100.52237,13.7921],[100.523,13.79203],[100.52309,13.79199],[100.52304,13.79172],[100.52296,13.79134],[100.52291,13.79117],[100.52281,13.79078],[100.52279,13.7907],[100.52314,13.79062],[100.52362,13.79053],[100.5241,13.79042],[100.52426,13.79041],[100.52433,13.79042],[100.52439,13.79043],[100.52459,13.7904],[100.52579,13.78991],[100.52612,13.7898],[100.52646,13.7897],[100.52747,13.78944],[100.52743,13.78936]]]}},{"type":"Feature","properties":{"name_th":"สน.สายไหม","name_en":"SAI MAI","type":"สน.","area_km2":14.651},"geometry":{"type":"Polygon","coordinates":[[[100.61965,13.91433],[100.61966,13.91433],[100.61974,13.91447],[100.62025,13.91534],[100.62063,13.91595],[100.62112,13.91679],[100.62174,13.91789],[100.62227,13.91877],[100.62263,13.91937],[100.62263,13.91937],[100.62264,13.91939],[100.62314,13.92024],[100.62358,13.92098],[100.62425,13.9221],[100.62467,13.92281],[100.62493,13.92328],[100.62516,13.92361],[100.62556,13.92429],[100.62595,13.92492],[100.62626,13.92546],[100.62644,13.92581],[100.62655,13.92613],[100.62661,13.92635],[100.62666,13.92673],[100.62662,13.92714],[100.62628,13.9291],[100.62576,13.9319],[100.62561,13.93283],[100.62522,13.93498],[100.62886,13.93485],[100.63954,13.93441],[100.63952,13.93321],[100.63952,13.93291],[100.6395,13.9325],[100.63955,13.93224],[100.63966,13.93204],[100.63994,13.93183],[100.64016,13.93171],[100.64017,13.9317],[100.64038,13.93158],[100.64072,13.93144],[100.64103,13.93136],[100.6412,13.93132],[100.64163,13.93123],[100.64166,13.93123],[100.64172,13.93122],[100.64189,13.93121],[100.64275,13.93114],[100.64474,13.93109],[100.64517,13.93108],[100.64523,13.93107],[100.64529,13.93107],[100.65196,13.9308],[100.65771,13.93059],[100.65808,13.93054],[100.65903,13.93054],[100.65983,13.93051],[100.66361,13.9303],[100.66495,13.93024],[100.66495,13.92989],[100.66508,13.92933],[100.66533,13.92866],[100.66539,13.92821],[100.66541,13.92798],[100.6655,13.92783],[100.66551,13.92766],[100.66559,13.92742],[100.66567,13.92718],[100.66581,13.92698],[100.66605,13.92672],[100.66653,13.92627],[100.66668,13.92613],[100.66669,13.92569],[100.6667,13.92533],[100.6664,13.92475],[100.6659,13.924],[100.66562,13.92373],[100.6654,13.92364],[100.66512,13.92358],[100.66494,13.92357],[100.66477,13.92361],[100.66388,13.92393],[100.66364,13.92401],[100.66356,13.92397],[100.66348,13.92388],[100.66324,13.92342],[100.66294,13.92282],[100.66226,13.92165],[100.66152,13.92029],[100.66141,13.92015],[100.66126,13.92013],[100.66099,13.92012],[100.66064,13.91984],[100.66049,13.91961],[100.65992,13.91918],[100.65983,13.91904],[100.6598,13.91888],[100.65976,13.91822],[100.65981,13.91718],[100.66009,13.91591],[100.65999,13.91571],[100.66001,13.91549],[100.65967,13.91542],[100.65903,13.91534],[100.65902,13.91517],[100.65898,13.91489],[100.65892,13.91467],[100.65897,13.91428],[100.65912,13.9137],[100.65947,13.91308],[100.65974,13.91248],[100.65995,13.91204],[100.66039,13.91127],[100.66055,13.91071],[100.66059,13.90976],[100.66056,13.90876],[100.66033,13.90752],[100.66014,13.90662],[100.66,13.90612],[100.65973,13.90549],[100.65914,13.90486],[100.6587,13.90441],[100.65839,13.90462],[100.65815,13.90471],[100.65786,13.90474],[100.65721,13.90471],[100.65653,13.90466],[100.65616,13.90459],[100.6535,13.9041],[100.65258,13.90402],[100.65175,13.90397],[100.6508,13.90398],[100.64887,13.90395],[100.64822,13.90394],[100.64798,13.90389],[100.64547,13.90254],[100.64326,13.90163],[100.64322,13.90162],[100.64159,13.90126],[100.63985,13.90087],[100.63783,13.90044],[100.63607,13.90021],[100.63508,13.9001],[100.63157,13.89958],[100.63105,13.89955],[100.63061,13.89953],[100.63021,13.89955],[100.62972,13.89957],[100.6293,13.89961],[100.62438,13.90015],[100.62429,13.90018],[100.62418,13.90024],[100.62411,13.90031],[100.62406,13.90039],[100.62403,13.90048],[100.62357,13.90243],[100.62336,13.90344],[100.62334,13.90347],[100.6233,13.90351],[100.62327,13.90352],[100.62323,13.90352],[100.62317,13.90352],[100.62294,13.90344],[100.62292,13.90344],[100.62289,13.90345],[100.62287,13.90347],[100.62284,13.90349],[100.62256,13.90423],[100.6221,13.90544],[100.61965,13.90454],[100.61671,13.90346],[100.61115,13.89991],[100.61122,13.90004],[100.61154,13.90058],[100.61207,13.90149],[100.61253,13.90227],[100.61305,13.90314],[100.61362,13.90411],[100.6142,13.90509],[100.61522,13.90682],[100.61638,13.90878],[100.61701,13.90985],[100.61807,13.91164],[100.61851,13.91239],[100.61897,13.91315],[100.61965,13.91433]]]}},{"type":"Feature","properties":{"name_th":"สน.สำเหร่","name_en":"SAMREH","type":"สน.","area_km2":3.499},"geometry":{"type":"Polygon","coordinates":[[[100.49548,13.72133],[100.50106,13.72114],[100.50457,13.72102],[100.50581,13.7209],[100.5071,13.72072],[100.51121,13.71969],[100.51116,13.71954],[100.51094,13.71875],[100.51069,13.71805],[100.5097,13.71604],[100.50858,13.71437],[100.50753,13.71305],[100.50606,13.71135],[100.50288,13.70893],[100.50122,13.70807],[100.49973,13.70729],[100.49776,13.70641],[100.49756,13.70632],[100.49594,13.70557],[100.49442,13.70496],[100.49283,13.70377],[100.49156,13.70247],[100.49069,13.70178],[100.48854,13.70317],[100.48575,13.70481],[100.48758,13.70999],[100.49098,13.71979],[100.49083,13.71975],[100.49071,13.71972],[100.49115,13.72098],[100.49184,13.72111],[100.49288,13.72126],[100.49288,13.72126],[100.49386,13.72134],[100.49474,13.72135],[100.49548,13.72133]]]}},{"type":"Feature","properties":{"name_th":"สน.สุทธิสาร","name_en":"SUTTHISAN","type":"สน.","area_km2":9.372},"geometry":{"type":"Polygon","coordinates":[[[100.58912,13.79732],[100.58918,13.79681],[100.58926,13.79613],[100.58931,13.79532],[100.5893,13.79449],[100.58931,13.79342],[100.58935,13.79253],[100.58936,13.79179],[100.58951,13.79095],[100.58966,13.7904],[100.58999,13.78937],[100.59,13.78889],[100.58999,13.78878],[100.58993,13.78822],[100.58993,13.78745],[100.59002,13.78678],[100.59018,13.78616],[100.59054,13.78535],[100.59091,13.78455],[100.59116,13.78403],[100.59135,13.78353],[100.59151,13.78299],[100.59191,13.78175],[100.59103,13.78158],[100.59063,13.78162],[100.58884,13.78138],[100.58736,13.7812],[100.58595,13.78103],[100.58485,13.78115],[100.58469,13.78044],[100.58437,13.77905],[100.58431,13.7786],[100.58415,13.77795],[100.58297,13.77719],[100.58179,13.77755],[100.58178,13.77756],[100.5803,13.77792],[100.57991,13.77725],[100.57867,13.77782],[100.57693,13.77862],[100.57462,13.77865],[100.57396,13.77864],[100.57363,13.77854],[100.5728,13.77831],[100.57204,13.77817],[100.57153,13.77931],[100.57114,13.78015],[100.57078,13.78019],[100.56935,13.78027],[100.56808,13.78036],[100.56718,13.78033],[100.56683,13.78033],[100.56674,13.77965],[100.56646,13.77849],[100.56585,13.77859],[100.5651,13.77871],[100.56462,13.77881],[100.56393,13.77893],[100.56307,13.779],[100.56254,13.77904],[100.56159,13.77909],[100.56144,13.77873],[100.5614,13.77839],[100.56142,13.77805],[100.56146,13.77789],[100.56066,13.7779],[100.55889,13.77787],[100.55778,13.7784],[100.55784,13.77855],[100.55782,13.77867],[100.55694,13.7791],[100.55651,13.77938],[100.55637,13.77946],[100.55829,13.78283],[100.55932,13.78455],[100.5601,13.78589],[100.56083,13.78728],[100.56117,13.78825],[100.56132,13.78881],[100.56146,13.78948],[100.56151,13.78994],[100.56151,13.79054],[100.56148,13.79127],[100.56139,13.79214],[100.56133,13.793],[100.56119,13.7941],[100.56111,13.79506],[100.5611,13.79513],[100.56077,13.79809],[100.56033,13.80244],[100.56001,13.80536],[100.55977,13.80818],[100.55936,13.81204],[100.56001,13.81294],[100.56024,13.81331],[100.56031,13.81338],[100.56039,13.81339],[100.57498,13.80523],[100.57516,13.80514],[100.58077,13.802],[100.58912,13.79732]]]}},{"type":"Feature","properties":{"name_th":"สน.สุวินทวงศ์","name_en":"SUWINTHAWONG","type":"สน.","area_km2":44.935},"geometry":{"type":"Polygon","coordinates":[[[100.90816,13.8376],[100.90909,13.83697],[100.91004,13.83625],[100.91124,13.83535],[100.91322,13.83388],[100.91526,13.83233],[100.91577,13.83186],[100.91668,13.83119],[100.91735,13.83061],[100.9182,13.82999],[100.92013,13.82848],[100.92228,13.82685],[100.92601,13.82392],[100.92801,13.8224],[100.92952,13.82126],[100.93076,13.8203],[100.93195,13.8194],[100.9325,13.81896],[100.93359,13.81782],[100.93454,13.81677],[100.93541,13.81607],[100.93628,13.81567],[100.93712,13.81515],[100.93753,13.81461],[100.93761,13.81383],[100.9374,13.81315],[100.93643,13.81189],[100.93521,13.81028],[100.93433,13.80914],[100.93352,13.80807],[100.9328,13.8071],[100.93193,13.80597],[100.93127,13.80517],[100.9304,13.80388],[100.92951,13.80287],[100.92901,13.80199],[100.9288,13.8018],[100.92863,13.80153],[100.92787,13.80101],[100.92696,13.80045],[100.92642,13.80014],[100.92547,13.79976],[100.92358,13.79863],[100.91994,13.79635],[100.91885,13.79573],[100.91685,13.79458],[100.91549,13.79379],[100.91381,13.79296],[100.91277,13.79218],[100.91202,13.7919],[100.91078,13.7912],[100.91019,13.79083],[100.90981,13.79052],[100.90865,13.78846],[100.9075,13.78654],[100.90743,13.78642],[100.90682,13.78527],[100.9054,13.78261],[100.90398,13.78018],[100.90357,13.77939],[100.90288,13.77807],[100.90096,13.77479],[100.90057,13.77417],[100.90029,13.77342],[100.90029,13.77341],[100.90028,13.7734],[100.8996,13.77233],[100.89878,13.77093],[100.89781,13.76909],[100.89692,13.76745],[100.89587,13.76572],[100.89503,13.76426],[100.89421,13.76267],[100.89271,13.76007],[100.8905,13.75621],[100.8905,13.75621],[100.89049,13.7562],[100.88861,13.75329],[100.88784,13.75206],[100.88666,13.75011],[100.88591,13.74895],[100.88514,13.74768],[100.8839,13.74573],[100.88348,13.74499],[100.88246,13.74358],[100.88212,13.74296],[100.88175,13.74245],[100.8814,13.74185],[100.88113,13.74135],[100.88078,13.74075],[100.88035,13.74004],[100.87962,13.74037],[100.87899,13.74068],[100.87848,13.74092],[100.87789,13.74115],[100.87694,13.74153],[100.87667,13.74159],[100.87629,13.74172],[100.87593,13.74183],[100.87546,13.742],[100.875,13.74232],[100.8748,13.74258],[100.8746,13.74265],[100.87415,13.74268],[100.8738,13.74281],[100.87344,13.74308],[100.87265,13.74388],[100.87201,13.74469],[100.87194,13.74475],[100.87144,13.74528],[100.87078,13.74599],[100.86989,13.74712],[100.86949,13.74755],[100.8691,13.74817],[100.86882,13.74864],[100.86885,13.74869],[100.869,13.74893],[100.86907,13.74909],[100.86911,13.74921],[100.86915,13.74935],[100.86916,13.74954],[100.86919,13.75094],[100.86927,13.75293],[100.8694,13.75622],[100.86955,13.75968],[100.86964,13.76162],[100.86984,13.76594],[100.87016,13.77284],[100.8704,13.77863],[100.87045,13.78054],[100.87055,13.78142],[100.87111,13.78562],[100.87153,13.7889],[100.87171,13.79078],[100.87218,13.79429],[100.87255,13.79677],[100.87255,13.79698],[100.87247,13.79738],[100.87243,13.79755],[100.87232,13.79942],[100.87225,13.80054],[100.87222,13.80115],[100.87212,13.80232],[100.87203,13.80356],[100.87214,13.80371],[100.87198,13.80606],[100.8717,13.80969],[100.87171,13.80979],[100.87176,13.81009],[100.87171,13.81116],[100.87141,13.81442],[100.87129,13.816],[100.8713,13.81606],[100.87138,13.81698],[100.87135,13.81768],[100.87112,13.82038],[100.87088,13.82293],[100.87053,13.82682],[100.87004,13.83309],[100.86952,13.83957],[100.87041,13.83962],[100.87094,13.83959],[100.87156,13.83953],[100.87238,13.83961],[100.87298,13.83958],[100.87384,13.83955],[100.8748,13.83959],[100.87563,13.83945],[100.87616,13.8394],[100.87681,13.83937],[100.87757,13.83923],[100.87809,13.83919],[100.87843,13.83917],[100.87864,13.83907],[100.87959,13.8385],[100.88053,13.8382],[100.88096,13.83798],[100.88167,13.83763],[100.8835,13.83696],[100.88585,13.83612],[100.88657,13.83597],[100.88772,13.83599],[100.88881,13.83604],[100.88977,13.83591],[100.89077,13.83576],[100.89175,13.83555],[100.89236,13.83535],[100.89294,13.83495],[100.89355,13.83482],[100.89402,13.83489],[100.89439,13.83471],[100.89509,13.83454],[100.89536,13.83454],[100.89591,13.83467],[100.89707,13.83485],[100.89827,13.83505],[100.89877,13.83505],[100.89958,13.83504],[100.90048,13.83487],[100.90063,13.83497],[100.90149,13.83585],[100.90179,13.836],[100.90228,13.83613],[100.90264,13.83626],[100.90297,13.8364],[100.90336,13.83635],[100.90389,13.83648],[100.9044,13.83665],[100.9049,13.83663],[100.90569,13.83649],[100.90619,13.8365],[100.90705,13.83669],[100.90788,13.8371],[100.90809,13.83736],[100.90816,13.8376]]]}},{"type":"Feature","properties":{"name_th":"สน.หนองค้างพลู","name_en":"NONG KHANG PHLU","type":"สน.","area_km2":11.389},"geometry":{"type":"Polygon","coordinates":[[[100.33649,13.71102],[100.33647,13.71115],[100.33655,13.71116],[100.33656,13.71116],[100.33655,13.71118],[100.3365,13.71124],[100.33665,13.71134],[100.33673,13.71142],[100.33677,13.71146],[100.33678,13.71147],[100.33682,13.7115],[100.33694,13.7116],[100.3371,13.71171],[100.33724,13.71182],[100.33729,13.71185],[100.33732,13.71188],[100.33741,13.71194],[100.33754,13.71205],[100.33756,13.71207],[100.3377,13.71218],[100.33777,13.71224],[100.33778,13.71225],[100.3378,13.71226],[100.33782,13.71228],[100.33785,13.71229],[100.33786,13.7123],[100.3379,13.71232],[100.33795,13.71234],[100.338,13.71236],[100.33806,13.71239],[100.33812,13.71242],[100.33816,13.71243],[100.33821,13.71246],[100.33823,13.71247],[100.3383,13.71251],[100.3386,13.71267],[100.33876,13.71276],[100.33877,13.71277],[100.33875,13.71281],[100.33872,13.71285],[100.33867,13.71293],[100.33863,13.71299],[100.33859,13.71306],[100.33853,13.71314],[100.3385,13.7132],[100.33841,13.71333],[100.33838,13.71339],[100.33837,13.71342],[100.33835,13.71346],[100.33834,13.71347],[100.33828,13.71361],[100.33825,13.71369],[100.33815,13.71391],[100.33809,13.71405],[100.33787,13.71435],[100.33755,13.7148],[100.33715,13.71493],[100.33674,13.71507],[100.33648,13.71516],[100.33608,13.71546],[100.33628,13.71576],[100.33643,13.71602],[100.33654,13.7162],[100.33664,13.71635],[100.33671,13.71647],[100.33646,13.71678],[100.33644,13.7168],[100.33641,13.71684],[100.33637,13.7169],[100.33635,13.71694],[100.3363,13.71699],[100.33627,13.71703],[100.33623,13.71709],[100.33619,13.71713],[100.33616,13.71716],[100.33614,13.7172],[100.3361,13.71724],[100.33605,13.71729],[100.33599,13.71736],[100.33591,13.71744],[100.33585,13.7175],[100.33575,13.7176],[100.33568,13.71769],[100.33562,13.71775],[100.33556,13.7178],[100.33548,13.7179],[100.33542,13.71796],[100.33537,13.71801],[100.33533,13.71804],[100.33532,13.71805],[100.33528,13.71806],[100.33517,13.71813],[100.33506,13.71819],[100.33501,13.71822],[100.33495,13.71825],[100.33489,13.71828],[100.33485,13.71831],[100.3348,13.71835],[100.33475,13.71838],[100.3347,13.71841],[100.33469,13.71842],[100.33468,13.71844],[100.33463,13.7185],[100.33457,13.71856],[100.33453,13.71862],[100.33449,13.71867],[100.33444,13.71874],[100.33439,13.7188],[100.33434,13.71885],[100.33431,13.7189],[100.33427,13.71894],[100.33425,13.71897],[100.33424,13.71899],[100.33421,13.71903],[100.33418,13.71909],[100.33414,13.71914],[100.33411,13.7192],[100.33406,13.71928],[100.33403,13.71932],[100.334,13.71937],[100.33393,13.71947],[100.33388,13.71954],[100.33373,13.71977],[100.3336,13.71996],[100.33357,13.72003],[100.33329,13.72054],[100.33294,13.72114],[100.33329,13.7213],[100.3333,13.72131],[100.33405,13.72175],[100.33418,13.72181],[100.33423,13.72184],[100.33436,13.72189],[100.33455,13.72197],[100.33477,13.72206],[100.33499,13.72216],[100.33521,13.72225],[100.33543,13.72234],[100.33557,13.72241],[100.33558,13.72241],[100.33551,13.72267],[100.33549,13.72278],[100.33569,13.72287],[100.33573,13.72289],[100.33586,13.72295],[100.33614,13.72308],[100.33648,13.72322],[100.33648,13.72322],[100.33645,13.72342],[100.33642,13.72358],[100.33639,13.72372],[100.33636,13.72388],[100.33633,13.72405],[100.3363,13.72421],[100.33629,13.72428],[100.33628,13.72435],[100.33626,13.72445],[100.33624,13.72452],[100.33622,13.72462],[100.3362,13.72471],[100.33619,13.72476],[100.33615,13.72489],[100.33611,13.72508],[100.33611,13.7251],[100.33609,13.72582],[100.33609,13.72596],[100.33609,13.72621],[100.33619,13.72622],[100.33631,13.72624],[100.33646,13.72626],[100.33657,13.72628],[100.33664,13.72629],[100.33664,13.72629],[100.33661,13.72638],[100.33658,13.72647],[100.33656,13.72652],[100.33654,13.72657],[100.33652,13.7266],[100.33651,13.72663],[100.3365,13.72665],[100.33648,13.7267],[100.33643,13.72681],[100.33636,13.72693],[100.33626,13.72715],[100.33623,13.72722],[100.33621,13.72725],[100.33619,13.72729],[100.33617,13.72734],[100.33614,13.72743],[100.33605,13.72764],[100.33603,13.72764],[100.33597,13.72764],[100.33593,13.72768],[100.3359,13.72777],[100.33587,13.72786],[100.3361,13.72794],[100.33614,13.72798],[100.33614,13.72798],[100.33615,13.72799],[100.33617,13.728],[100.3362,13.72801],[100.33627,13.72802],[100.33637,13.72803],[100.33646,13.72805],[100.33653,13.72806],[100.33659,13.72807],[100.33669,13.72809],[100.33676,13.72811],[100.33686,13.72813],[100.33693,13.72815],[100.33698,13.72816],[100.33702,13.72817],[100.33709,13.72819],[100.33713,13.72821],[100.33719,13.72823],[100.33729,13.72826],[100.3374,13.72829],[100.33747,13.72832],[100.33754,13.72834],[100.3376,13.72836],[100.33766,13.72837],[100.33771,13.72838],[100.33776,13.7284],[100.33785,13.72842],[100.33795,13.72845],[100.33824,13.72852],[100.33824,13.72852],[100.33822,13.7289],[100.33819,13.72964],[100.33815,13.73033],[100.33797,13.73087],[100.33796,13.73089],[100.33794,13.73093],[100.33792,13.731],[100.33788,13.7312],[100.33782,13.73146],[100.33777,13.73172],[100.33773,13.73188],[100.33771,13.73204],[100.33768,13.7322],[100.33767,13.73233],[100.33766,13.73244],[100.33764,13.73259],[100.33762,13.73275],[100.33759,13.73301],[100.33756,13.7333],[100.33754,13.73348],[100.33752,13.73361],[100.3375,13.73371],[100.33749,13.73381],[100.33748,13.73394],[100.33747,13.73423],[100.33745,13.73458],[100.33744,13.73485],[100.33736,13.73517],[100.33734,13.73527],[100.33724,13.73575],[100.33719,13.73602],[100.33718,13.73604],[100.33743,13.73607],[100.33753,13.73608],[100.3377,13.73611],[100.33806,13.73619],[100.3381,13.7362],[100.33872,13.7363],[100.3392,13.73643],[100.33947,13.73652],[100.33992,13.73658],[100.34119,13.73667],[100.34185,13.7367],[100.34271,13.73675],[100.34345,13.73681],[100.34382,13.73685],[100.34409,13.73688],[100.34539,13.73687],[100.34559,13.73694],[100.34635,13.73698],[100.34694,13.737],[100.34744,13.73701],[100.34767,13.73704],[100.3477,13.73704],[100.348,13.73708],[100.34847,13.73715],[100.34906,13.73721],[100.35063,13.73732],[100.35147,13.73742],[100.35256,13.73743],[100.35289,13.73748],[100.35344,13.73744],[100.35367,13.73749],[100.35394,13.73758],[100.35504,13.73764],[100.35528,13.73766],[100.35559,13.73768],[100.35603,13.73772],[100.35604,13.73772],[100.35605,13.73772],[100.35638,13.7377],[100.35696,13.73772],[100.35708,13.73778],[100.35741,13.73784],[100.35782,13.73787],[100.35839,13.73789],[100.35885,13.73791],[100.35915,13.73795],[100.35988,13.73645],[100.36098,13.73416],[100.36276,13.73033],[100.36371,13.72833],[100.36488,13.72589],[100.37003,13.71498],[100.3735,13.70782],[100.36718,13.70736],[100.36082,13.70685],[100.35008,13.70597],[100.34491,13.70553],[100.34485,13.70573],[100.34213,13.70549],[100.3356,13.70497],[100.3325,13.70476],[100.33256,13.70493],[100.3326,13.70508],[100.33276,13.70532],[100.33297,13.70564],[100.33321,13.706],[100.33325,13.70609],[100.33343,13.70649],[100.33323,13.70657],[100.33323,13.70664],[100.33321,13.70664],[100.33326,13.70688],[100.33321,13.7069],[100.33307,13.70692],[100.33309,13.70695],[100.3331,13.70698],[100.33314,13.70704],[100.33316,13.70707],[100.33317,13.70708],[100.33318,13.7071],[100.33319,13.70713],[100.3332,13.70715],[100.33321,13.70717],[100.33321,13.70718],[100.33322,13.7072],[100.33323,13.70722],[100.33324,13.70725],[100.33325,13.7073],[100.33327,13.70737],[100.33329,13.70744],[100.3333,13.70748],[100.33332,13.70761],[100.33334,13.70769],[100.33336,13.70775],[100.33338,13.70785],[100.33339,13.70785],[100.3334,13.70785],[100.33341,13.70795],[100.33344,13.70811],[100.33346,13.70821],[100.33348,13.70839],[100.33348,13.70842],[100.33348,13.7087],[100.33348,13.70885],[100.33348,13.70902],[100.33348,13.70926],[100.33343,13.70926],[100.33343,13.70945],[100.33342,13.70954],[100.3334,13.70976],[100.33337,13.70984],[100.33331,13.71001],[100.33323,13.71025],[100.33314,13.71047],[100.33309,13.71098],[100.3329,13.71155],[100.33266,13.71189],[100.33243,13.71228],[100.33233,13.71247],[100.33256,13.71255],[100.33277,13.71262],[100.33324,13.71278],[100.33356,13.71288],[100.33399,13.71302],[100.33415,13.71307],[100.33427,13.71278],[100.33443,13.71242],[100.3345,13.71227],[100.33461,13.71208],[100.33464,13.71204],[100.33471,13.71194],[100.33481,13.7118],[100.33486,13.7117],[100.33491,13.71162],[100.33499,13.71147],[100.33509,13.71125],[100.3352,13.711],[100.33542,13.71055],[100.33632,13.71094],[100.33649,13.71102],[100.33649,13.71102]]]}},{"type":"Feature","properties":{"name_th":"สน.หนองจอก","name_en":"NONG CHOK","type":"สน.","area_km2":65.875},"geometry":{"type":"Polygon","coordinates":[[[100.89536,13.83454],[100.89439,13.83471],[100.89402,13.83489],[100.89355,13.83482],[100.89294,13.83495],[100.89236,13.83535],[100.89175,13.83555],[100.89077,13.83576],[100.88881,13.83604],[100.88772,13.83599],[100.88657,13.83597],[100.88585,13.83612],[100.8835,13.83696],[100.88167,13.83763],[100.88053,13.8382],[100.87959,13.8385],[100.87843,13.83917],[100.87757,13.83923],[100.87681,13.83937],[100.87563,13.83945],[100.8748,13.83959],[100.87384,13.83955],[100.87238,13.83961],[100.87156,13.83953],[100.87041,13.83962],[100.86952,13.83957],[100.86845,13.83946],[100.86793,13.83955],[100.86779,13.83927],[100.86688,13.8388],[100.86604,13.8387],[100.86509,13.83863],[100.86226,13.83898],[100.86113,13.83909],[100.85873,13.83879],[100.85745,13.83868],[100.85623,13.83825],[100.85546,13.83745],[100.85449,13.83676],[100.8536,13.83638],[100.8528,13.83623],[100.85076,13.83604],[100.84858,13.83575],[100.84736,13.83579],[100.84662,13.83559],[100.84483,13.83443],[100.84437,13.83402],[100.84284,13.83294],[100.84177,13.83211],[100.8409,13.83111],[100.84054,13.83014],[100.84017,13.82877],[100.83955,13.82596],[100.83902,13.82374],[100.83841,13.82246],[100.83817,13.82176],[100.83817,13.82049],[100.83804,13.81954],[100.83807,13.81866],[100.83804,13.81848],[100.83739,13.81842],[100.8363,13.81815],[100.83472,13.81771],[100.83406,13.81772],[100.83309,13.81801],[100.83241,13.81811],[100.83213,13.81824],[100.83111,13.81909],[100.83009,13.82017],[100.82952,13.82055],[100.82931,13.82072],[100.82916,13.82089],[100.82906,13.82108],[100.82897,13.82141],[100.8288,13.8219],[100.82866,13.82223],[100.82854,13.82242],[100.82833,13.82265],[100.82811,13.82285],[100.82759,13.82323],[100.82721,13.82341],[100.82643,13.82377],[100.82622,13.82393],[100.8256,13.8246],[100.825,13.82518],[100.8241,13.82651],[100.82367,13.82693],[100.82351,13.82671],[100.82295,13.82427],[100.82231,13.8229],[100.82195,13.82241],[100.82121,13.8212],[100.82098,13.82076],[100.82061,13.82021],[100.81968,13.81924],[100.81947,13.81898],[100.81913,13.81837],[100.81863,13.81771],[100.81762,13.81719],[100.81685,13.81693],[100.81612,13.8166],[100.81514,13.81608],[100.81407,13.81527],[100.81349,13.81466],[100.8126,13.81357],[100.81188,13.81287],[100.81056,13.81118],[100.80976,13.81002],[100.80953,13.8096],[100.80143,13.8104],[100.80146,13.81063],[100.80137,13.81214],[100.80143,13.81311],[100.80142,13.81396],[100.80126,13.8153],[100.80134,13.8155],[100.80142,13.81621],[100.80132,13.81653],[100.8009,13.81713],[100.80088,13.8174],[100.80107,13.81822],[100.80118,13.81935],[100.80142,13.82053],[100.80209,13.82185],[100.80229,13.82253],[100.8028,13.82355],[100.80347,13.82461],[100.80363,13.82505],[100.80384,13.82588],[100.80406,13.82601],[100.80528,13.826],[100.8056,13.82604],[100.80591,13.8262],[100.8057,13.82666],[100.80562,13.82743],[100.80583,13.82868],[100.80579,13.82967],[100.80587,13.83022],[100.80662,13.83229],[100.80686,13.83377],[100.80748,13.83547],[100.80774,13.83607],[100.80792,13.83677],[100.80796,13.83735],[100.8079,13.83815],[100.80772,13.83939],[100.80685,13.8422],[100.80668,13.84312],[100.80637,13.84452],[100.80643,13.84559],[100.8065,13.84602],[100.80735,13.84763],[100.80764,13.84836],[100.80803,13.84976],[100.80844,13.85071],[100.8085,13.85139],[100.80838,13.85315],[100.8084,13.85341],[100.81053,13.85347],[100.81366,13.85359],[100.81551,13.85383],[100.817,13.8541],[100.81948,13.85436],[100.82251,13.85471],[100.82563,13.85508],[100.82735,13.85533],[100.82748,13.85548],[100.82757,13.85701],[100.82783,13.85742],[100.82851,13.85806],[100.8297,13.85889],[100.83003,13.85922],[100.83023,13.85957],[100.83034,13.86033],[100.83028,13.86055],[100.82987,13.86131],[100.82976,13.86238],[100.82957,13.86304],[100.82932,13.86357],[100.82874,13.8643],[100.82779,13.86413],[100.82738,13.86389],[100.82686,13.86397],[100.82546,13.86547],[100.82483,13.86573],[100.82405,13.86585],[100.82334,13.8658],[100.82295,13.86598],[100.82273,13.86634],[100.82267,13.86731],[100.82254,13.86765],[100.82207,13.868],[100.82112,13.86889],[100.82056,13.86966],[100.81997,13.87069],[100.81952,13.87158],[100.81872,13.87245],[100.81871,13.87277],[100.81886,13.873],[100.81982,13.873],[100.821,13.87286],[100.82142,13.873],[100.82228,13.87348],[100.82283,13.8737],[100.82313,13.87396],[100.82398,13.87546],[100.82449,13.87612],[100.82489,13.8765],[100.82614,13.87717],[100.82669,13.87774],[100.82762,13.87825],[100.82886,13.87858],[100.8292,13.87874],[100.83022,13.87951],[100.83077,13.87971],[100.83174,13.88015],[100.83189,13.88038],[100.83206,13.88115],[100.83207,13.88161],[100.83199,13.88195],[100.83173,13.88246],[100.83118,13.88426],[100.83065,13.8858],[100.8304,13.88662],[100.82941,13.88801],[100.82927,13.88842],[100.82934,13.88916],[100.82928,13.88972],[100.82877,13.89173],[100.82881,13.8924],[100.82877,13.8929],[100.82847,13.89347],[100.82837,13.8938],[100.82846,13.89416],[100.82883,13.89469],[100.82942,13.89522],[100.82979,13.89583],[100.82981,13.89608],[100.83048,13.897],[100.83165,13.89843],[100.83301,13.90035],[100.83375,13.9013],[100.83465,13.90215],[100.83537,13.90276],[100.83629,13.90372],[100.83672,13.90447],[100.83679,13.90509],[100.83715,13.90561],[100.8376,13.90602],[100.83806,13.90672],[100.83866,13.907],[100.8395,13.90734],[100.84041,13.90734],[100.84168,13.90696],[100.8424,13.90673],[100.84277,13.90674],[100.84337,13.9069],[100.84374,13.90708],[100.84453,13.90795],[100.84498,13.90833],[100.84601,13.90882],[100.847,13.90909],[100.84737,13.90914],[100.84785,13.9089],[100.84828,13.90832],[100.84866,13.90753],[100.84926,13.90641],[100.8499,13.90543],[100.85053,13.90459],[100.85053,13.9043],[100.85036,13.90362],[100.85011,13.90306],[100.85014,13.90226],[100.85036,13.90167],[100.8503,13.90049],[100.85023,13.90012],[100.84968,13.89908],[100.84952,13.89856],[100.84915,13.89785],[100.84912,13.89756],[100.84923,13.89703],[100.84959,13.89627],[100.84965,13.89516],[100.85007,13.89236],[100.85019,13.89108],[100.85019,13.89067],[100.85047,13.89062],[100.85054,13.89024],[100.85075,13.88988],[100.85077,13.88952],[100.85067,13.8893],[100.84942,13.88727],[100.84928,13.88656],[100.84932,13.88631],[100.84961,13.88584],[100.8499,13.88556],[100.8513,13.88514],[100.85259,13.88491],[100.853,13.88479],[100.85406,13.88421],[100.85444,13.88394],[100.85538,13.88351],[100.85631,13.88331],[100.85707,13.88303],[100.85771,13.88265],[100.85852,13.88266],[100.85939,13.88182],[100.86161,13.88321],[100.86308,13.88514],[100.86314,13.88567],[100.86355,13.88571],[100.86361,13.88806],[100.87015,13.8889],[100.87075,13.88928],[100.87125,13.88943],[100.87198,13.88997],[100.87279,13.89017],[100.87644,13.89131],[100.87789,13.8903],[100.88097,13.8897],[100.88213,13.88912],[100.88518,13.88595],[100.88723,13.8855],[100.8895,13.88627],[100.89207,13.8864],[100.89295,13.88682],[100.89406,13.88889],[100.89576,13.89102],[100.89628,13.89194],[100.89732,13.89258],[100.89806,13.89379],[100.89931,13.89485],[100.89993,13.89857],[100.9011,13.89899],[100.90432,13.8986],[100.90665,13.89744],[100.90745,13.89679],[100.90806,13.89702],[100.90797,13.89685],[100.90785,13.89525],[100.90751,13.89159],[100.90724,13.88914],[100.90704,13.88707],[100.90688,13.88641],[100.90687,13.88585],[100.90663,13.88322],[100.90658,13.88216],[100.90647,13.88125],[100.90642,13.87991],[100.90643,13.87902],[100.90636,13.87708],[100.90635,13.87593],[100.90629,13.87524],[100.9063,13.87412],[100.90624,13.87142],[100.90627,13.87059],[100.90617,13.86867],[100.90618,13.86791],[100.90634,13.86595],[100.90632,13.86525],[100.90637,13.86311],[100.90629,13.86104],[100.90621,13.86043],[100.90579,13.85996],[100.90557,13.85933],[100.90541,13.85912],[100.90484,13.85904],[100.90451,13.85871],[100.90392,13.85628],[100.90342,13.85441],[100.90314,13.85317],[100.90299,13.85236],[100.90269,13.85138],[100.90265,13.85091],[100.90247,13.85028],[100.90243,13.84958],[100.90217,13.8488],[100.91269,13.8468],[100.9117,13.84493],[100.91053,13.84356],[100.90957,13.8423],[100.90887,13.84093],[100.90794,13.83852],[100.90758,13.83815],[100.90816,13.8376],[100.90788,13.8371],[100.90705,13.83669],[100.90619,13.8365],[100.90569,13.83649],[100.9049,13.83663],[100.9044,13.83665],[100.90336,13.83635],[100.90297,13.8364],[100.90149,13.83585],[100.90063,13.83497],[100.90048,13.83487],[100.89958,13.83504],[100.89827,13.83505],[100.89591,13.83467],[100.89536,13.83454]]]}},{"type":"Feature","properties":{"name_th":"สน.หนองแขม","name_en":"HNONG KHAEM","type":"สน.","area_km2":24.589},"geometry":{"type":"Polygon","coordinates":[[[100.33939,13.65518],[100.33939,13.6552],[100.33938,13.65527],[100.33938,13.65543],[100.33939,13.65559],[100.33939,13.65566],[100.3394,13.65577],[100.3394,13.65579],[100.3394,13.6559],[100.33944,13.65622],[100.33946,13.65638],[100.3395,13.65659],[100.33957,13.65684],[100.33964,13.65712],[100.33968,13.65731],[100.3397,13.65739],[100.33977,13.65766],[100.33984,13.65784],[100.3399,13.65795],[100.33991,13.65798],[100.33993,13.658],[100.33995,13.65802],[100.33998,13.65805],[100.34024,13.65824],[100.3406,13.65849],[100.3406,13.65849],[100.34062,13.65851],[100.34063,13.65851],[100.34069,13.65856],[100.34081,13.65872],[100.34088,13.65887],[100.34089,13.6589],[100.3409,13.6589],[100.34091,13.65893],[100.34091,13.65893],[100.34091,13.65895],[100.34093,13.65913],[100.34094,13.65926],[100.34094,13.65933],[100.34096,13.65958],[100.34105,13.66004],[100.34106,13.66008],[100.34106,13.66009],[100.34107,13.66014],[100.34107,13.66014],[100.34109,13.66021],[100.34111,13.6603],[100.34112,13.66033],[100.34117,13.66043],[100.34118,13.66044],[100.34124,13.66057],[100.34128,13.66069],[100.3413,13.66083],[100.34129,13.66102],[100.34126,13.66127],[100.34117,13.66167],[100.34108,13.66201],[100.34091,13.66245],[100.34089,13.66251],[100.34078,13.66279],[100.3407,13.66313],[100.34064,13.66351],[100.34061,13.66365],[100.34038,13.66424],[100.34028,13.66467],[100.34026,13.66476],[100.34023,13.66489],[100.34018,13.66508],[100.34014,13.66532],[100.34013,13.66549],[100.34016,13.6659],[100.34017,13.66636],[100.34015,13.66655],[100.34012,13.6667],[100.34008,13.66681],[100.34,13.66691],[100.33989,13.66704],[100.33985,13.66709],[100.33958,13.66742],[100.33951,13.66749],[100.3395,13.66751],[100.33942,13.6676],[100.33935,13.66771],[100.33932,13.6678],[100.33926,13.66841],[100.33917,13.66874],[100.33905,13.66903],[100.339,13.66914],[100.339,13.66915],[100.33894,13.66929],[100.33888,13.66943],[100.33882,13.66964],[100.33879,13.66982],[100.33875,13.67025],[100.33874,13.67027],[100.33874,13.67027],[100.33872,13.67035],[100.33872,13.67036],[100.33872,13.67036],[100.3387,13.67061],[100.33868,13.67079],[100.33864,13.67124],[100.3386,13.67156],[100.33854,13.67216],[100.33844,13.67322],[100.3384,13.67353],[100.3384,13.67361],[100.33839,13.67363],[100.33838,13.67374],[100.33838,13.67374],[100.33835,13.67401],[100.33834,13.67424],[100.33834,13.67427],[100.33832,13.6746],[100.33832,13.67466],[100.33832,13.67467],[100.33827,13.67498],[100.3382,13.67526],[100.33795,13.67609],[100.3379,13.67624],[100.33786,13.67643],[100.33783,13.67652],[100.33783,13.67655],[100.33781,13.67664],[100.3378,13.67665],[100.33775,13.67684],[100.3377,13.67702],[100.33766,13.67714],[100.33763,13.67727],[100.33761,13.67732],[100.3376,13.67734],[100.33758,13.67736],[100.33756,13.67736],[100.33761,13.67737],[100.33753,13.67735],[100.33611,13.67697],[100.33608,13.67698],[100.33598,13.6773],[100.33588,13.67758],[100.33569,13.67788],[100.33532,13.67847],[100.33529,13.67852],[100.33529,13.67853],[100.33526,13.67858],[100.33525,13.67859],[100.33516,13.67875],[100.33514,13.67879],[100.33513,13.6788],[100.33504,13.67895],[100.33498,13.67906],[100.33466,13.67958],[100.33461,13.67965],[100.33455,13.67975],[100.33442,13.67997],[100.33429,13.68018],[100.33427,13.68021],[100.3341,13.68051],[100.33402,13.68063],[100.33398,13.6807],[100.33396,13.68073],[100.33379,13.681],[100.33364,13.68129],[100.3336,13.68139],[100.33356,13.6815],[100.33355,13.68161],[100.33355,13.6818],[100.33356,13.68199],[100.33359,13.68221],[100.33361,13.68233],[100.33361,13.68235],[100.33363,13.68243],[100.33365,13.6825],[100.3337,13.68262],[100.3337,13.68265],[100.33372,13.68273],[100.33373,13.68281],[100.33377,13.68296],[100.3338,13.68311],[100.33387,13.68341],[100.33387,13.68343],[100.33384,13.68362],[100.33379,13.68382],[100.33373,13.68412],[100.33365,13.68439],[100.33354,13.68468],[100.33346,13.68498],[100.33343,13.68509],[100.33342,13.68515],[100.33337,13.68529],[100.33331,13.68549],[100.33331,13.6855],[100.3333,13.68551],[100.33326,13.68566],[100.33325,13.68571],[100.33324,13.68573],[100.33313,13.68608],[100.33309,13.68625],[100.33307,13.68635],[100.333,13.68658],[100.3328,13.68705],[100.33276,13.68716],[100.33276,13.68718],[100.33271,13.68737],[100.33265,13.68755],[100.33259,13.68774],[100.33259,13.68775],[100.33258,13.68779],[100.33255,13.68803],[100.33252,13.68818],[100.33244,13.68839],[100.33242,13.68866],[100.33239,13.68893],[100.33236,13.68929],[100.33233,13.6894],[100.33231,13.68956],[100.33229,13.68968],[100.33227,13.6898],[100.33224,13.68998],[100.33223,13.69003],[100.33219,13.69022],[100.33215,13.69042],[100.3321,13.69072],[100.33208,13.69085],[100.33205,13.69114],[100.33205,13.6913],[100.33203,13.69149],[100.33204,13.69168],[100.33206,13.69185],[100.33207,13.69195],[100.33208,13.69207],[100.33211,13.69228],[100.33211,13.69238],[100.3321,13.69249],[100.3321,13.69254],[100.3321,13.69267],[100.3321,13.69271],[100.33209,13.69276],[100.33206,13.6928],[100.332,13.69288],[100.33194,13.693],[100.33188,13.69318],[100.33182,13.69341],[100.33181,13.69345],[100.3318,13.69352],[100.33179,13.6936],[100.33179,13.6936],[100.33179,13.69363],[100.33177,13.69372],[100.33176,13.6938],[100.33174,13.69397],[100.33173,13.69406],[100.33172,13.69413],[100.33171,13.6942],[100.33164,13.6947],[100.33159,13.69515],[100.33156,13.69528],[100.33148,13.69586],[100.33146,13.69602],[100.33144,13.69624],[100.33144,13.69624],[100.33142,13.69641],[100.33139,13.69662],[100.33139,13.69663],[100.33136,13.69689],[100.33134,13.69698],[100.33128,13.69746],[100.33124,13.69758],[100.33119,13.69776],[100.33113,13.69792],[100.33104,13.69809],[100.33101,13.69818],[100.33095,13.69833],[100.33088,13.69846],[100.33077,13.69869],[100.33077,13.69869],[100.33089,13.69873],[100.33221,13.69908],[100.33219,13.69944],[100.33217,13.69993],[100.33217,13.69993],[100.33217,13.70004],[100.33213,13.70098],[100.33208,13.7011],[100.33209,13.70256],[100.33221,13.70324],[100.33223,13.7034],[100.33225,13.70353],[100.33226,13.70372],[100.33227,13.70392],[100.33231,13.70418],[100.33243,13.70453],[100.3325,13.70476],[100.3356,13.70497],[100.34213,13.70549],[100.34485,13.70573],[100.34491,13.70553],[100.35008,13.70597],[100.36082,13.70685],[100.36718,13.70736],[100.3735,13.70782],[100.37605,13.70253],[100.37699,13.70051],[100.37928,13.69557],[100.37938,13.69535],[100.37938,13.69535],[100.37991,13.6942],[100.38114,13.69173],[100.38125,13.69152],[100.3814,13.69155],[100.38148,13.6913],[100.38155,13.69097],[100.3818,13.68969],[100.3819,13.6892],[100.38224,13.68852],[100.38229,13.68835],[100.38245,13.68741],[100.3827,13.6859],[100.38281,13.68424],[100.38282,13.68415],[100.38309,13.68278],[100.38332,13.6818],[100.38381,13.67971],[100.38526,13.67582],[100.38489,13.67321],[100.3848,13.67248],[100.3848,13.67229],[100.38482,13.67133],[100.38408,13.67148],[100.38375,13.67158],[100.38353,13.67166],[100.38334,13.67165],[100.38313,13.67151],[100.38284,13.67136],[100.38254,13.67126],[100.38169,13.67087],[100.38124,13.6707],[100.3808,13.67047],[100.38041,13.67027],[100.38001,13.67011],[100.37958,13.66989],[100.37928,13.6697],[100.37878,13.6696],[100.37832,13.66936],[100.37785,13.66914],[100.3777,13.66907],[100.37711,13.66876],[100.3768,13.6687],[100.37647,13.66854],[100.37616,13.66843],[100.37565,13.66822],[100.37553,13.66816],[100.37534,13.66804],[100.3746,13.66771],[100.3741,13.66748],[100.37353,13.66719],[100.37253,13.6668],[100.37173,13.66648],[100.37123,13.66622],[100.37006,13.66571],[100.36946,13.66536],[100.36922,13.66531],[100.36905,13.66526],[100.36893,13.66517],[100.36867,13.66507],[100.36849,13.66501],[100.36825,13.66489],[100.36805,13.66479],[100.3676,13.66456],[100.36726,13.66442],[100.36694,13.66432],[100.36681,13.66427],[100.36654,13.66411],[100.36632,13.66402],[100.36625,13.66395],[100.36615,13.66394],[100.36602,13.66388],[100.36584,13.66378],[100.36544,13.66362],[100.36529,13.66358],[100.36512,13.66349],[100.36489,13.6634],[100.36432,13.66314],[100.36377,13.66293],[100.36261,13.66242],[100.36182,13.66208],[100.36073,13.66164],[100.36066,13.6615],[100.36063,13.66129],[100.36053,13.66123],[100.3598,13.66122],[100.35938,13.66121],[100.35902,13.66124],[100.35871,13.66136],[100.35843,13.6614],[100.35815,13.66142],[100.35754,13.66158],[100.35725,13.66159],[100.35708,13.6615],[100.35689,13.66117],[100.35683,13.66088],[100.35677,13.66072],[100.35667,13.66033],[100.35666,13.66003],[100.35665,13.65985],[100.35654,13.65982],[100.35636,13.65979],[100.35603,13.65967],[100.35561,13.65953],[100.3553,13.65934],[100.35491,13.6591],[100.35457,13.65887],[100.35427,13.6587],[100.35392,13.65855],[100.35332,13.65833],[100.3531,13.65821],[100.35296,13.6581],[100.35245,13.65788],[100.35229,13.65784],[100.35164,13.65765],[100.35145,13.65757],[100.35114,13.65745],[100.35111,13.65743],[100.3511,13.65738],[100.35123,13.65691],[100.35139,13.65659],[100.3511,13.65635],[100.35027,13.65573],[100.34995,13.65541],[100.34976,13.65524],[100.34957,13.65509],[100.34872,13.65475],[100.3483,13.65471],[100.34781,13.65475],[100.34773,13.6548],[100.34762,13.65517],[100.34745,13.65534],[100.34712,13.65535],[100.34684,13.65536],[100.34669,13.65532],[100.34656,13.65527],[100.34633,13.65517],[100.34598,13.65501],[100.34579,13.65492],[100.34565,13.65483],[100.34552,13.65477],[100.34538,13.65474],[100.34511,13.65473],[100.34485,13.65474],[100.3445,13.65473],[100.34422,13.65474],[100.344,13.65475],[100.34348,13.65479],[100.34292,13.65482],[100.34271,13.65487],[100.34246,13.65488],[100.34195,13.65493],[100.34183,13.65493],[100.34174,13.65491],[100.34145,13.65492],[100.34111,13.65493],[100.34082,13.65495],[100.34054,13.65493],[100.33982,13.65492],[100.33958,13.65493],[100.33942,13.65495],[100.33941,13.65497],[100.3394,13.65499],[100.33939,13.65518]],[[100.34099,13.65964],[100.34097,13.65955],[100.34106,13.65993],[100.34103,13.65979],[100.34099,13.65964]],[[100.34059,13.66376],[100.34046,13.66411],[100.34055,13.66388],[100.34059,13.66376]],[[100.33941,13.66767],[100.33934,13.6678],[100.33938,13.66772],[100.33941,13.66767]],[[100.33933,13.66795],[100.33929,13.66839],[100.3393,13.66819],[100.33933,13.66795]],[[100.33815,13.6755],[100.33795,13.67614],[100.33805,13.67583],[100.33815,13.6755]],[[100.33568,13.67793],[100.33572,13.67786],[100.33576,13.67781],[100.33568,13.67793]],[[100.33505,13.67895],[100.33507,13.67892],[100.33513,13.67883],[100.33505,13.67895]],[[100.33513,13.67883],[100.33518,13.67874],[100.33525,13.67863],[100.33513,13.67883]],[[100.33482,13.67933],[100.33469,13.67955],[100.33473,13.67949],[100.33476,13.67944],[100.33482,13.67933]],[[100.33453,13.6798],[100.33457,13.67974],[100.33461,13.67967],[100.33453,13.6798]],[[100.33428,13.68022],[100.33428,13.68022],[100.33433,13.68014],[100.33428,13.68022]],[[100.33433,13.68014],[100.33439,13.68004],[100.33445,13.67995],[100.33433,13.68014]],[[100.33408,13.68058],[100.33411,13.68051],[100.33417,13.68041],[100.33408,13.68058]],[[100.33385,13.68326],[100.33388,13.6834],[100.33387,13.68335],[100.33385,13.68326]],[[100.33388,13.6834],[100.33386,13.68356],[100.33388,13.68345],[100.33388,13.6834]],[[100.33385,13.68326],[100.33382,13.68314],[100.33381,13.68307],[100.33385,13.68326]],[[100.33357,13.68462],[100.33359,13.68458],[100.33361,13.68452],[100.33357,13.68462]],[[100.33361,13.68452],[100.33363,13.68445],[100.33367,13.68437],[100.33361,13.68452]],[[100.33367,13.68437],[100.33369,13.68431],[100.33372,13.68421],[100.33367,13.68437]],[[100.33366,13.6825],[100.33365,13.68246],[100.33364,13.68242],[100.33366,13.6825]],[[100.33363,13.68233],[100.33361,13.68224],[100.3336,13.68215],[100.33359,13.6821],[100.33363,13.68233]],[[100.33352,13.68482],[100.33355,13.6847],[100.33356,13.68467],[100.33352,13.68482]],[[100.33309,13.68631],[100.3331,13.68628],[100.33312,13.6862],[100.33314,13.68611],[100.33317,13.686],[100.33309,13.68631]],[[100.33317,13.686],[100.33321,13.68589],[100.33324,13.68579],[100.33325,13.68573],[100.33317,13.686]],[[100.33301,13.68659],[100.33303,13.68652],[100.33303,13.6865],[100.33306,13.68642],[100.33301,13.68659]],[[100.33254,13.68812],[100.33255,13.68804],[100.33257,13.68799],[100.33254,13.68812]],[[100.33236,13.68929],[100.33237,13.68917],[100.3324,13.68892],[100.33236,13.68929]],[[100.33233,13.68946],[100.33233,13.68941],[100.33234,13.68935],[100.33233,13.68946]],[[100.33228,13.68979],[100.33228,13.68976],[100.33231,13.68965],[100.33228,13.68979]],[[100.33231,13.68965],[100.33232,13.68954],[100.33232,13.68951],[100.33231,13.68965]],[[100.33221,13.69025],[100.33222,13.69018],[100.33223,13.69008],[100.33221,13.69025]],[[100.33211,13.69254],[100.33211,13.69249],[100.33211,13.69247],[100.33211,13.69254]],[[100.33211,13.69219],[100.3321,13.69211],[100.33208,13.69197],[100.33206,13.69181],[100.33211,13.69219]],[[100.33171,13.69429],[100.33172,13.69425],[100.33173,13.69418],[100.33173,13.69416],[100.33171,13.69429]],[[100.33161,13.69499],[100.33161,13.69497],[100.33162,13.69493],[100.33161,13.69499]],[[100.33154,13.69552],[100.33154,13.69549],[100.33155,13.69544],[100.33155,13.69538],[100.33156,13.69534],[100.33156,13.6953],[100.33157,13.69525],[100.33154,13.69552]],[[100.3315,13.69579],[100.3315,13.69576],[100.33151,13.69569],[100.33152,13.69564],[100.3315,13.69579]],[[100.33145,13.69621],[100.33146,13.69612],[100.33148,13.69599],[100.33148,13.69593],[100.33149,13.69587],[100.33145,13.69621]],[[100.33138,13.69675],[100.33138,13.69674],[100.33139,13.69671],[100.33138,13.69675]],[[100.33129,13.69737],[100.33128,13.69747],[100.33128,13.69744],[100.3313,13.69731],[100.33129,13.69737]],[[100.3313,13.69731],[100.33132,13.69721],[100.33133,13.69713],[100.33133,13.69708],[100.33134,13.69701],[100.3313,13.69731]],[[100.33134,13.69701],[100.33135,13.69696],[100.33137,13.6969],[100.33134,13.69701]],[[100.33122,13.6977],[100.33122,13.69768],[100.33124,13.69763],[100.33122,13.6977]]]}},{"type":"Feature","properties":{"name_th":"สน.หลักสอง","name_en":"LAKSONG","type":"สน.","area_km2":21.385},"geometry":{"type":"Polygon","coordinates":[[[100.4248,13.73208],[100.42495,13.72926],[100.4252,13.72505],[100.42536,13.72201],[100.42552,13.71931],[100.42562,13.71731],[100.42571,13.71558],[100.42575,13.71457],[100.42577,13.71401],[100.42584,13.71292],[100.42589,13.71246],[100.4259,13.71221],[100.4259,13.7121],[100.42329,13.71189],[100.41574,13.71129],[100.412,13.71094],[100.4022,13.71017],[100.3906,13.70922],[100.3827,13.70859],[100.37822,13.70822],[100.37361,13.70783],[100.3735,13.70782],[100.37003,13.71498],[100.36488,13.72589],[100.36371,13.72833],[100.36276,13.73033],[100.36098,13.73416],[100.35988,13.73645],[100.35915,13.73795],[100.35936,13.73797],[100.36493,13.73848],[100.36881,13.73883],[100.37053,13.739],[100.37386,13.73931],[100.37632,13.73953],[100.37999,13.73985],[100.38157,13.73994],[100.38357,13.74016],[100.3869,13.74047],[100.38951,13.74065],[100.39257,13.74092],[100.3933,13.74095],[100.39548,13.74106],[100.39632,13.74107],[100.39845,13.74113],[100.40042,13.74112],[100.40072,13.74109],[100.40288,13.74109],[100.40325,13.74111],[100.40458,13.74116],[100.40551,13.74112],[100.40623,13.74084],[100.40675,13.74071],[100.40752,13.74054],[100.4098,13.73998],[100.41002,13.73988],[100.41062,13.73972],[100.41159,13.73945],[100.41249,13.73925],[100.41292,13.73911],[100.41413,13.73884],[100.41442,13.73876],[100.4145,13.73874],[100.41471,13.73869],[100.41474,13.73868],[100.41477,13.73867],[100.41504,13.73856],[100.4151,13.73853],[100.41527,13.73845],[100.41599,13.73825],[100.4174,13.73797],[100.41748,13.73797],[100.41906,13.73969],[100.42003,13.74065],[100.42047,13.74114],[100.42098,13.74116],[100.42109,13.74111],[100.42225,13.74004],[100.42248,13.73995],[100.42261,13.73994],[100.42274,13.73996],[100.42289,13.73999],[100.42364,13.74023],[100.4243,13.74046],[100.42446,13.73819],[100.42463,13.73511],[100.42472,13.73347],[100.4248,13.73214],[100.4248,13.73208]]]}},{"type":"Feature","properties":{"name_th":"สน.หัวหมาก","name_en":"HUA MARK","type":"สน.","area_km2":17.262},"geometry":{"type":"Polygon","coordinates":[[[100.61965,13.76188],[100.61966,13.76188],[100.62011,13.76195],[100.62055,13.76213],[100.62238,13.76228],[100.62679,13.76277],[100.62924,13.76295],[100.63046,13.76319],[100.63391,13.7635],[100.638,13.76403],[100.64199,13.76447],[100.64532,13.76482],[100.64754,13.76503],[100.64838,13.76523],[100.64951,13.76577],[100.65149,13.76739],[100.65233,13.76803],[100.65469,13.76991],[100.65631,13.77082],[100.65705,13.7712],[100.65717,13.77127],[100.66203,13.77385],[100.66464,13.77537],[100.6653,13.77396],[100.66585,13.77291],[100.66687,13.77082],[100.66756,13.76942],[100.66823,13.76794],[100.66859,13.76719],[100.66886,13.76638],[100.66894,13.76541],[100.66915,13.76456],[100.66922,13.76406],[100.66925,13.76363],[100.66934,13.76325],[100.66939,13.76175],[100.66944,13.76115],[100.66949,13.76031],[100.66947,13.75993],[100.6696,13.75885],[100.66964,13.75751],[100.66964,13.75677],[100.66964,13.75645],[100.66974,13.75623],[100.66994,13.75604],[100.67,13.75601],[100.67025,13.75586],[100.67128,13.75538],[100.67297,13.7546],[100.67351,13.75442],[100.67607,13.75324],[100.67621,13.75318],[100.67636,13.75312],[100.67648,13.75307],[100.67725,13.75275],[100.67746,13.75266],[100.67891,13.75205],[100.67895,13.75179],[100.6787,13.75139],[100.67839,13.75088],[100.67817,13.75037],[100.67812,13.75017],[100.67806,13.74997],[100.67786,13.74961],[100.67751,13.74915],[100.67727,13.74903],[100.67693,13.74889],[100.6765,13.74875],[100.67619,13.74867],[100.67593,13.74863],[100.67562,13.74855],[100.67522,13.74855],[100.67521,13.74855],[100.67503,13.74855],[100.67456,13.74869],[100.67409,13.74886],[100.67333,13.74921],[100.67283,13.7494],[100.67263,13.74943],[100.67248,13.7494],[100.67222,13.74932],[100.67195,13.74918],[100.67168,13.74895],[100.67149,13.74879],[100.67125,13.74852],[100.67114,13.74838],[100.67098,13.74811],[100.67084,13.74797],[100.67064,13.7478],[100.67047,13.74769],[100.67025,13.74766],[100.67006,13.74766],[100.66944,13.74772],[100.66923,13.74772],[100.66874,13.74773],[100.66846,13.74764],[100.66814,13.74756],[100.66786,13.74747],[100.66739,13.74733],[100.667,13.74718],[100.66699,13.74718],[100.66686,13.74713],[100.66649,13.74699],[100.66623,13.74685],[100.66609,13.74671],[100.66605,13.74668],[100.66593,13.74647],[100.66592,13.74646],[100.66574,13.74622],[100.66571,13.74623],[100.66536,13.7463],[100.66445,13.74633],[100.66276,13.74643],[100.66141,13.74677],[100.65825,13.74753],[100.65766,13.74762],[100.65662,13.74779],[100.65492,13.74812],[100.65303,13.74851],[100.65207,13.74871],[100.65138,13.74891],[100.64965,13.74961],[100.64916,13.74983],[100.64876,13.75007],[100.64812,13.75045],[100.64711,13.751],[100.6453,13.75195],[100.64447,13.74919],[100.64396,13.74731],[100.64379,13.7466],[100.64364,13.746],[100.64257,13.74169],[100.64177,13.73829],[100.6237,13.74028],[100.61965,13.74073],[100.59885,13.74307],[100.59884,13.74307],[100.59904,13.74374],[100.59926,13.74422],[100.59959,13.74514],[100.59996,13.74633],[100.60014,13.74694],[100.60038,13.74737],[100.60063,13.74764],[100.60108,13.748],[100.60193,13.74877],[100.60172,13.74884],[100.60208,13.74917],[100.60413,13.75122],[100.60416,13.75124],[100.60542,13.75244],[100.60845,13.75511],[100.61073,13.75725],[100.61153,13.75801],[100.61333,13.75968],[100.61406,13.76055],[100.61538,13.76123],[100.61663,13.76159],[100.61741,13.76164],[100.61853,13.7617],[100.61965,13.76188]]]}},{"type":"Feature","properties":{"name_th":"สน.ห้วยขวาง","name_en":"HUAI KHWANG","type":"สน.","area_km2":7.934},"geometry":{"type":"Polygon","coordinates":[[[100.58107,13.75492],[100.58114,13.75475],[100.58116,13.7547],[100.58111,13.75436],[100.5809,13.75388],[100.58081,13.75384],[100.58079,13.75383],[100.58071,13.7538],[100.58012,13.75387],[100.5795,13.75394],[100.57881,13.75404],[100.57828,13.75413],[100.57825,13.75413],[100.57758,13.75413],[100.57757,13.75413],[100.57753,13.75413],[100.57664,13.75423],[100.57629,13.75423],[100.57615,13.75421],[100.57588,13.75418],[100.57579,13.75417],[100.57322,13.75445],[100.57271,13.75448],[100.5721,13.75458],[100.57161,13.7546],[100.57147,13.75458],[100.5714,13.75455],[100.57136,13.75454],[100.57131,13.75452],[100.57115,13.75452],[100.57097,13.75455],[100.57071,13.75464],[100.57033,13.75466],[100.57016,13.75466],[100.57001,13.75467],[100.5699,13.75467],[100.56964,13.75468],[100.56948,13.75466],[100.56939,13.75466],[100.56924,13.75464],[100.56886,13.75471],[100.5685,13.7548],[100.56832,13.75487],[100.56817,13.75491],[100.56798,13.75494],[100.56752,13.75502],[100.56684,13.75505],[100.56656,13.75497],[100.56616,13.75499],[100.56579,13.75504],[100.56499,13.75512],[100.56494,13.75513],[100.56491,13.75513],[100.56484,13.75515],[100.56476,13.75517],[100.56472,13.75518],[100.5646,13.7552],[100.56385,13.75537],[100.56294,13.75544],[100.56218,13.75549],[100.56174,13.75552],[100.561,13.75561],[100.56045,13.75565],[100.56044,13.75565],[100.56047,13.75588],[100.56046,13.75604],[100.56073,13.75726],[100.56103,13.75851],[100.56122,13.7593],[100.56139,13.76004],[100.56186,13.76219],[100.56197,13.76274],[100.56264,13.76539],[100.5628,13.76598],[100.56299,13.76671],[100.56305,13.76686],[100.56312,13.76701],[100.56323,13.76736],[100.56346,13.7682],[100.56361,13.76867],[100.564,13.76967],[100.564,13.7697],[100.56404,13.7698],[100.56403,13.76983],[100.56325,13.77008],[100.56329,13.77027],[100.56331,13.77052],[100.56334,13.77099],[100.56331,13.77127],[100.56329,13.77158],[100.5633,13.77196],[100.56331,13.77213],[100.56342,13.77261],[100.56346,13.77288],[100.56346,13.77316],[100.56343,13.77362],[100.56356,13.77435],[100.56381,13.77436],[100.56455,13.77452],[100.56531,13.77464],[100.56535,13.77467],[100.56555,13.77548],[100.56575,13.77581],[100.56585,13.77604],[100.56597,13.77641],[100.56615,13.77707],[100.56646,13.77849],[100.56674,13.77965],[100.56683,13.78033],[100.56718,13.78033],[100.56808,13.78036],[100.56935,13.78027],[100.57078,13.78019],[100.57114,13.78015],[100.57153,13.77931],[100.57204,13.77817],[100.5728,13.77831],[100.57363,13.77854],[100.57396,13.77864],[100.57462,13.77865],[100.57693,13.77862],[100.57867,13.77782],[100.57991,13.77725],[100.5803,13.77792],[100.58178,13.77756],[100.58179,13.77755],[100.58297,13.77719],[100.58415,13.77795],[100.58431,13.7786],[100.58437,13.77905],[100.58469,13.78044],[100.58485,13.78115],[100.58595,13.78103],[100.58736,13.7812],[100.58884,13.78138],[100.59063,13.78162],[100.59103,13.78158],[100.59191,13.78175],[100.59216,13.78129],[100.59302,13.78005],[100.5933,13.7796],[100.59339,13.77937],[100.59345,13.77899],[100.5935,13.77758],[100.5935,13.77695],[100.59328,13.77576],[100.59311,13.775],[100.59302,13.7742],[100.593,13.77349],[100.59301,13.77269],[100.59331,13.7708],[100.59347,13.76986],[100.59365,13.76873],[100.59408,13.76761],[100.59431,13.76705],[100.59451,13.76644],[100.59462,13.76593],[100.59464,13.76549],[100.59466,13.7648],[100.59465,13.76416],[100.59461,13.76399],[100.59441,13.76392],[100.59435,13.7639],[100.5943,13.76388],[100.59413,13.76372],[100.59376,13.76351],[100.59342,13.76339],[100.59302,13.76331],[100.59286,13.76327],[100.59248,13.76324],[100.59241,13.76324],[100.5921,13.76315],[100.59199,13.76312],[100.5917,13.76303],[100.59165,13.76302],[100.59117,13.76302],[100.591,13.76301],[100.59083,13.763],[100.59043,13.76291],[100.59041,13.76292],[100.59002,13.76294],[100.58992,13.76293],[100.58967,13.7629],[100.58966,13.7629],[100.58965,13.76289],[100.58944,13.7628],[100.58942,13.7628],[100.58916,13.76278],[100.58916,13.76278],[100.58902,13.76282],[100.58877,13.76287],[100.58836,13.76298],[100.58799,13.76306],[100.58798,13.76305],[100.58789,13.76303],[100.58788,13.76303],[100.58788,13.76303],[100.58786,13.76302],[100.5872,13.76255],[100.58657,13.76219],[100.58654,13.76216],[100.58622,13.76193],[100.58615,13.76188],[100.58606,13.76183],[100.58603,13.76183],[100.58581,13.7618],[100.58562,13.76178],[100.58545,13.76181],[100.58543,13.76181],[100.5853,13.76184],[100.58513,13.76193],[100.58506,13.76197],[100.58493,13.76197],[100.58486,13.76197],[100.58464,13.76191],[100.58461,13.76191],[100.58447,13.76187],[100.58416,13.76183],[100.58414,13.76183],[100.58409,13.76182],[100.58367,13.76174],[100.58348,13.7617],[100.58284,13.76139],[100.58233,13.76098],[100.58222,13.76084],[100.58187,13.76043],[100.58163,13.76011],[100.58147,13.75991],[100.58145,13.75983],[100.58128,13.75925],[100.58127,13.75921],[100.58124,13.75863],[100.58085,13.7567],[100.58079,13.75639],[100.58081,13.756],[100.58082,13.75579],[100.58087,13.75562],[100.58104,13.75501],[100.58107,13.75492]]]}},{"type":"Feature","properties":{"name_th":"สน.อุดมสุข","name_en":"UDOM SUK","type":"สน.","area_km2":22.663},"geometry":{"type":"Polygon","coordinates":[[[100.66594,13.68311],[100.66594,13.68311],[100.67379,13.6968],[100.67436,13.69796],[100.67456,13.69944],[100.67462,13.70034],[100.67463,13.70043],[100.67488,13.70043],[100.67509,13.70044],[100.67535,13.70051],[100.67616,13.70053],[100.6779,13.70056],[100.67797,13.70057],[100.67853,13.70062],[100.67856,13.70062],[100.68035,13.70066],[100.68092,13.70068],[100.68405,13.70074],[100.68415,13.70072],[100.68451,13.70045],[100.68463,13.70051],[100.68464,13.70051],[100.68492,13.7015],[100.68591,13.70494],[100.68594,13.70495],[100.68677,13.7051],[100.68698,13.70513],[100.68699,13.70514],[100.68722,13.70528],[100.68723,13.70528],[100.68767,13.70506],[100.68774,13.70503],[100.68863,13.70471],[100.68864,13.70471],[100.68919,13.70465],[100.69042,13.70408],[100.69146,13.70643],[100.69268,13.70917],[100.69371,13.71135],[100.69504,13.7141],[100.6953,13.71451],[100.69605,13.71538],[100.69691,13.71641],[100.69792,13.71806],[100.69798,13.71834],[100.69783,13.72139],[100.69772,13.72385],[100.70446,13.7239],[100.70889,13.72386],[100.70892,13.72375],[100.709,13.72318],[100.70911,13.72249],[100.70917,13.72195],[100.70933,13.72118],[100.70951,13.71981],[100.7097,13.71838],[100.71013,13.71572],[100.71017,13.71552],[100.7102,13.71542],[100.71022,13.71505],[100.71023,13.71497],[100.71042,13.71366],[100.71056,13.71289],[100.71057,13.71286],[100.71057,13.71283],[100.71065,13.71243],[100.71086,13.71113],[100.71093,13.71035],[100.71093,13.71028],[100.71122,13.70852],[100.71124,13.70826],[100.71128,13.70793],[100.71129,13.70782],[100.71137,13.7076],[100.71137,13.70758],[100.71139,13.7075],[100.7115,13.70716],[100.71155,13.70698],[100.71156,13.70686],[100.71157,13.70662],[100.71157,13.70657],[100.71155,13.70607],[100.71156,13.70603],[100.7116,13.7058],[100.71176,13.70496],[100.71189,13.7043],[100.71192,13.70411],[100.71192,13.70409],[100.71195,13.70392],[100.71197,13.7037],[100.712,13.70358],[100.71205,13.7033],[100.71207,13.7031],[100.71211,13.70282],[100.71212,13.70263],[100.7122,13.70211],[100.71236,13.7013],[100.71236,13.7013],[100.71236,13.7013],[100.7123,13.70124],[100.71106,13.70125],[100.71094,13.7012],[100.71071,13.69996],[100.71053,13.69894],[100.71039,13.69825],[100.7101,13.69664],[100.70986,13.6952],[100.71015,13.6951],[100.71017,13.6951],[100.71016,13.69508],[100.71016,13.69508],[100.71007,13.69391],[100.70982,13.69093],[100.70982,13.69093],[100.70982,13.69092],[100.70977,13.69073],[100.70942,13.68973],[100.70898,13.68847],[100.70894,13.68834],[100.70889,13.68823],[100.70889,13.68822],[100.7088,13.68807],[100.70879,13.68804],[100.70855,13.6876],[100.70848,13.68743],[100.70842,13.6873],[100.70838,13.68717],[100.70838,13.68716],[100.70829,13.687],[100.70828,13.68698],[100.7081,13.68669],[100.70797,13.68644],[100.70784,13.68608],[100.70775,13.68579],[100.70762,13.68548],[100.70731,13.68487],[100.70726,13.68455],[100.70724,13.68444],[100.70723,13.68442],[100.70713,13.68393],[100.70712,13.68386],[100.70692,13.68293],[100.7068,13.6821],[100.70671,13.68134],[100.70666,13.68091],[100.70656,13.68011],[100.70656,13.68003],[100.70648,13.67946],[100.70648,13.67944],[100.7064,13.67888],[100.70637,13.67865],[100.70631,13.67865],[100.70549,13.67882],[100.70523,13.67762],[100.70479,13.67563],[100.70469,13.67511],[100.70464,13.67484],[100.70463,13.6748],[100.70463,13.67479],[100.70469,13.67472],[100.7047,13.67471],[100.70481,13.67467],[100.70495,13.67462],[100.70512,13.67455],[100.70516,13.67443],[100.70489,13.67379],[100.7048,13.67347],[100.70474,13.67324],[100.70462,13.67294],[100.70431,13.67222],[100.70412,13.67179],[100.70395,13.67146],[100.70385,13.67127],[100.70372,13.67108],[100.70344,13.67065],[100.70323,13.67029],[100.70303,13.66994],[100.70282,13.6696],[100.70271,13.66938],[100.70258,13.66914],[100.70238,13.66877],[100.70227,13.66858],[100.70218,13.66842],[100.70207,13.66822],[100.70193,13.66809],[100.70183,13.6679],[100.70168,13.66763],[100.70145,13.66717],[100.7012,13.66663],[100.70109,13.66636],[100.70092,13.66618],[100.70076,13.66587],[100.70037,13.66511],[100.70006,13.66466],[100.69998,13.66452],[100.69996,13.66439],[100.69993,13.66428],[100.6999,13.66425],[100.69972,13.66406],[100.69961,13.66389],[100.69955,13.66365],[100.69959,13.6635],[100.69947,13.66312],[100.69923,13.66244],[100.69915,13.66212],[100.69913,13.66182],[100.69881,13.66068],[100.69873,13.66018],[100.69865,13.65973],[100.69857,13.65913],[100.6985,13.65867],[100.69844,13.65799],[100.69839,13.65759],[100.69833,13.65694],[100.69826,13.65633],[100.69823,13.65598],[100.69822,13.65585],[100.69794,13.6559],[100.69779,13.65592],[100.69744,13.65598],[100.69499,13.65667],[100.69433,13.65685],[100.69394,13.657],[100.69343,13.65719],[100.69326,13.65725],[100.69157,13.65763],[100.69064,13.65781],[100.69058,13.65783],[100.68997,13.65802],[100.68862,13.65827],[100.68793,13.65844],[100.68528,13.65929],[100.68124,13.66064],[100.68,13.66102],[100.67817,13.6616],[100.6779,13.66175],[100.67698,13.66231],[100.67582,13.66349],[100.6752,13.66366],[100.6752,13.66366],[100.67505,13.66373],[100.67468,13.6639],[100.6737,13.66417],[100.67235,13.66463],[100.67231,13.66467],[100.6723,13.66473],[100.6723,13.66491],[100.67225,13.66506],[100.6703,13.66582],[100.66711,13.66703],[100.66649,13.66726],[100.66649,13.66728],[100.66681,13.66795],[100.66683,13.66815],[100.66691,13.66828],[100.66691,13.66829],[100.66724,13.66887],[100.66726,13.66892],[100.66729,13.66901],[100.6673,13.66907],[100.66741,13.66945],[100.66746,13.66953],[100.66795,13.67015],[100.66796,13.67017],[100.66796,13.67017],[100.66806,13.67035],[100.66848,13.67122],[100.66866,13.67153],[100.66885,13.67172],[100.66897,13.67195],[100.66905,13.67219],[100.66912,13.67253],[100.66917,13.67288],[100.66924,13.67299],[100.6694,13.67333],[100.66966,13.67411],[100.66957,13.67419],[100.66701,13.67522],[100.66692,13.67531],[100.66688,13.67543],[100.6671,13.67629],[100.66703,13.67646],[100.6664,13.67671],[100.66544,13.67714],[100.66308,13.67809],[100.66489,13.68129],[100.66594,13.68311]]]}},{"type":"Feature","properties":{"name_th":"สน.เตาปูน","name_en":"TAO PUN","type":"สน.","area_km2":8.436},"geometry":{"type":"Polygon","coordinates":[[[100.54438,13.8162],[100.54417,13.81568],[100.54396,13.81513],[100.54373,13.81429],[100.54338,13.81285],[100.54333,13.81271],[100.54227,13.81005],[100.54154,13.80828],[100.54079,13.80639],[100.53943,13.80287],[100.53733,13.79785],[100.53729,13.79775],[100.53519,13.7925],[100.53337,13.78795],[100.53303,13.78712],[100.53148,13.78774],[100.53003,13.78833],[100.52762,13.7893],[100.52743,13.78936],[100.52747,13.78944],[100.52646,13.7897],[100.52612,13.7898],[100.52579,13.78991],[100.52459,13.7904],[100.52439,13.79043],[100.52433,13.79042],[100.52426,13.79041],[100.5241,13.79042],[100.52362,13.79053],[100.52314,13.79062],[100.52279,13.7907],[100.52281,13.79078],[100.52291,13.79117],[100.52296,13.79134],[100.52304,13.79172],[100.52309,13.79199],[100.523,13.79203],[100.52237,13.7921],[100.52163,13.79219],[100.52152,13.79221],[100.52082,13.79227],[100.52028,13.79233],[100.52021,13.79228],[100.52001,13.79194],[100.51985,13.79172],[100.51962,13.7913],[100.51931,13.79146],[100.51924,13.79148],[100.51811,13.79205],[100.51722,13.79245],[100.51703,13.79214],[100.51674,13.79147],[100.51636,13.79166],[100.51356,13.79314],[100.51367,13.79326],[100.51466,13.79436],[100.51551,13.79559],[100.51648,13.79734],[100.51719,13.79903],[100.5177,13.80029],[100.51802,13.80108],[100.51868,13.80381],[100.51878,13.80597],[100.51864,13.80781],[100.51852,13.80868],[100.51835,13.80973],[100.51807,13.81072],[100.51772,13.81162],[100.5173,13.81242],[100.51682,13.8131],[100.51602,13.81396],[100.51841,13.81606],[100.52179,13.81917],[100.52299,13.8202],[100.52381,13.82082],[100.52476,13.82134],[100.52584,13.82181],[100.52699,13.82214],[100.52784,13.82228],[100.52879,13.82234],[100.52949,13.82233],[100.53147,13.82215],[100.54193,13.82111],[100.54193,13.82111],[100.54194,13.82111],[100.54258,13.82095],[100.54266,13.82093],[100.54281,13.82085],[100.54297,13.82078],[100.54321,13.82066],[100.54339,13.82053],[100.5438,13.82021],[100.54382,13.8202],[100.54382,13.82019],[100.54432,13.81965],[100.54435,13.81961],[100.54438,13.81957],[100.54467,13.81906],[100.54487,13.81856],[100.54496,13.81808],[100.54496,13.81807],[100.54496,13.81804],[100.54493,13.81776],[100.54492,13.81764],[100.54489,13.81756],[100.54477,13.81719],[100.54446,13.81641],[100.54438,13.8162]]]}},{"type":"Feature","properties":{"name_th":"สน.เทียนทะเล","name_en":"THIAN THALE","type":"สน.","area_km2":65.907},"geometry":{"type":"Polygon","coordinates":[[[100.4467,13.58356],[100.44675,13.58215],[100.44586,13.5722],[100.44567,13.56939],[100.44534,13.56559],[100.44528,13.56397],[100.44482,13.55848],[100.44463,13.55539],[100.44451,13.55451],[100.4453,13.54901],[100.44563,13.54818],[100.44595,13.54642],[100.44612,13.5442],[100.44668,13.5409],[100.44742,13.53742],[100.44751,13.53591],[100.44786,13.53436],[100.44857,13.53054],[100.44881,13.52845],[100.44915,13.52669],[100.4513,13.51524],[100.45209,13.51154],[100.4541,13.49981],[100.45283,13.49952],[100.45232,13.49909],[100.45183,13.49905],[100.45146,13.49852],[100.45068,13.49826],[100.45026,13.49827],[100.44893,13.4976],[100.44869,13.49774],[100.44778,13.49738],[100.44729,13.49754],[100.4465,13.4973],[100.44602,13.49734],[100.44579,13.49809],[100.44589,13.49717],[100.44521,13.49702],[100.44499,13.49794],[100.44504,13.49714],[100.44473,13.49721],[100.4446,13.49685],[100.44398,13.49685],[100.44365,13.4971],[100.44314,13.4966],[100.44291,13.49696],[100.44267,13.49661],[100.44224,13.49692],[100.44211,13.49659],[100.44139,13.49659],[100.44091,13.49611],[100.44067,13.49626],[100.44007,13.49596],[100.43951,13.49626],[100.43903,13.49593],[100.43854,13.49624],[100.4382,13.49595],[100.43785,13.49607],[100.43751,13.49577],[100.43733,13.49597],[100.43703,13.49566],[100.43636,13.49571],[100.43627,13.49546],[100.43577,13.49568],[100.4347,13.4953],[100.43395,13.49525],[100.43365,13.49544],[100.43288,13.49499],[100.43239,13.4952],[100.43206,13.49496],[100.4315,13.49514],[100.43096,13.4949],[100.43039,13.49511],[100.42966,13.4949],[100.42916,13.495],[100.42774,13.49453],[100.42665,13.49464],[100.42581,13.49418],[100.42454,13.49394],[100.42375,13.49367],[100.4236,13.49465],[100.42363,13.49368],[100.42261,13.49337],[100.4223,13.49383],[100.42172,13.49359],[100.42074,13.49357],[100.42049,13.49317],[100.41991,13.49369],[100.41927,13.49346],[100.41827,13.49357],[100.4177,13.49314],[100.41748,13.49335],[100.41684,13.49318],[100.41665,13.49334],[100.41604,13.4931],[100.4155,13.49321],[100.41493,13.49298],[100.41415,13.49318],[100.41397,13.493],[100.41367,13.49335],[100.41325,13.49302],[100.41293,13.49349],[100.41298,13.49298],[100.41266,13.49314],[100.41213,13.49301],[100.41158,13.49314],[100.41144,13.49278],[100.41113,13.49287],[100.4109,13.49258],[100.41053,13.49286],[100.41004,13.49274],[100.40963,13.49489],[100.40858,13.49942],[100.40648,13.50835],[100.40659,13.5089],[100.40662,13.51299],[100.40673,13.51476],[100.40666,13.51749],[100.4064,13.51821],[100.40581,13.51906],[100.40587,13.52091],[100.40589,13.52297],[100.40694,13.52309],[100.40703,13.52404],[100.40707,13.52946],[100.40853,13.52954],[100.40857,13.53183],[100.40869,13.53579],[100.41036,13.53587],[100.41381,13.53578],[100.41409,13.53595],[100.41487,13.53778],[100.41464,13.53835],[100.41505,13.53909],[100.41586,13.53958],[100.41693,13.53986],[100.41812,13.54035],[100.41848,13.54077],[100.4188,13.54168],[100.41955,13.54298],[100.41997,13.54452],[100.41994,13.54541],[100.41941,13.54688],[100.41901,13.54749],[100.41812,13.54831],[100.4179,13.54874],[100.41745,13.54908],[100.41676,13.5501],[100.41622,13.55054],[100.41508,13.55087],[100.41475,13.55111],[100.41451,13.55198],[100.41478,13.55253],[100.41499,13.55567],[100.41523,13.55644],[100.41507,13.55692],[100.41538,13.55726],[100.41592,13.55747],[100.41619,13.55801],[100.41659,13.55821],[100.41731,13.55902],[100.41716,13.55927],[100.41608,13.56209],[100.41385,13.56184],[100.41309,13.56162],[100.41219,13.56083],[100.41103,13.5603],[100.40927,13.55987],[100.40671,13.56031],[100.40552,13.56014],[100.40386,13.55976],[100.40169,13.55946],[100.40026,13.55909],[100.39866,13.55839],[100.39702,13.55761],[100.39636,13.55755],[100.39536,13.55793],[100.39491,13.5578],[100.39434,13.55796],[100.39343,13.55846],[100.39302,13.55938],[100.39256,13.56085],[100.39307,13.56126],[100.39308,13.56151],[100.39205,13.56316],[100.3913,13.56323],[100.39138,13.56421],[100.39122,13.56515],[100.39076,13.5656],[100.39098,13.56619],[100.39064,13.56732],[100.39069,13.56777],[100.39129,13.56797],[100.39147,13.56821],[100.39135,13.56898],[100.39061,13.56899],[100.39052,13.56941],[100.38974,13.56953],[100.38949,13.56977],[100.38928,13.57058],[100.38941,13.57126],[100.38894,13.57173],[100.3889,13.57233],[100.3887,13.57251],[100.38792,13.57256],[100.3875,13.5735],[100.38794,13.57431],[100.3869,13.57419],[100.38665,13.57476],[100.387,13.57547],[100.38645,13.57562],[100.38613,13.57631],[100.38692,13.57664],[100.38661,13.57794],[100.38596,13.5784],[100.38561,13.5784],[100.38506,13.57895],[100.38498,13.57928],[100.38553,13.58019],[100.38521,13.58031],[100.38505,13.58097],[100.38569,13.5815],[100.3855,13.58185],[100.38553,13.58249],[100.38516,13.58271],[100.38543,13.58307],[100.38521,13.58386],[100.38543,13.58401],[100.38596,13.58509],[100.38583,13.58543],[100.38512,13.5855],[100.38571,13.58585],[100.38484,13.58615],[100.3853,13.58657],[100.38478,13.58702],[100.38512,13.5874],[100.38457,13.58745],[100.38417,13.58777],[100.38441,13.58818],[100.38435,13.58878],[100.38799,13.59015],[100.39095,13.59137],[100.39296,13.59203],[100.3955,13.59249],[100.39618,13.59293],[100.39646,13.59344],[100.39668,13.5946],[100.3972,13.59478],[100.39859,13.59379],[100.39941,13.59359],[100.39987,13.59385],[100.40016,13.59429],[100.40014,13.59473],[100.39934,13.59609],[100.39942,13.59632],[100.4005,13.59652],[100.40098,13.59681],[100.40202,13.59812],[100.40357,13.5993],[100.40566,13.60079],[100.40675,13.60176],[100.40743,13.60216],[100.40915,13.60276],[100.40965,13.60312],[100.41039,13.60456],[100.4114,13.60506],[100.41232,13.6053],[100.41326,13.60574],[100.41588,13.60785],[100.41616,13.60831],[100.41711,13.60904],[100.4193,13.60988],[100.42013,13.6104],[100.42076,13.61093],[100.42156,13.61203],[100.42236,13.61289],[100.42553,13.61424],[100.42616,13.61467],[100.42634,13.61501],[100.42634,13.61603],[100.42652,13.61626],[100.42771,13.61652],[100.42902,13.61694],[100.42951,13.6173],[100.43027,13.61853],[100.43161,13.61911],[100.43274,13.61989],[100.43382,13.62016],[100.43427,13.62078],[100.4343,13.62173],[100.43463,13.62214],[100.43505,13.622],[100.43529,13.62095],[100.43593,13.62077],[100.4364,13.62117],[100.43684,13.62184],[100.43675,13.6225],[100.43617,13.62315],[100.43615,13.62345],[100.43675,13.62416],[100.43726,13.62428],[100.43833,13.62382],[100.43892,13.62381],[100.43961,13.6242],[100.44029,13.62509],[100.44034,13.62561],[100.43983,13.62689],[100.43993,13.62756],[100.44022,13.62801],[100.44074,13.62823],[100.44172,13.62823],[100.44224,13.62847],[100.44272,13.62935],[100.4432,13.62944],[100.44398,13.62891],[100.44493,13.62899],[100.44547,13.63007],[100.44619,13.62976],[100.44696,13.6298],[100.44707,13.63008],[100.44673,13.63066],[100.44681,13.63149],[100.44737,13.63185],[100.44796,13.63152],[100.44827,13.63052],[100.44825,13.62989],[100.44857,13.62941],[100.44869,13.62805],[100.44825,13.62774],[100.4482,13.62719],[100.44885,13.62697],[100.44873,13.62626],[100.44916,13.62569],[100.44864,13.62536],[100.44866,13.62506],[100.4493,13.62503],[100.4494,13.62451],[100.44888,13.62457],[100.44863,13.6243],[100.44892,13.62364],[100.44966,13.62347],[100.44977,13.62312],[100.44915,13.623],[100.44898,13.62271],[100.44924,13.62224],[100.44982,13.62263],[100.45005,13.62183],[100.4494,13.62138],[100.4501,13.62139],[100.45025,13.62115],[100.44963,13.62043],[100.44993,13.6202],[100.45015,13.61891],[100.45009,13.61807],[100.45032,13.61726],[100.4502,13.61673],[100.45057,13.61585],[100.45119,13.61564],[100.45143,13.61507],[100.45118,13.61467],[100.45116,13.61321],[100.45123,13.61183],[100.45141,13.61141],[100.45129,13.61095],[100.45165,13.61037],[100.45164,13.60976],[100.45188,13.60936],[100.45236,13.60776],[100.45288,13.60708],[100.45305,13.60607],[100.45376,13.60598],[100.45359,13.60534],[100.45373,13.60439],[100.4533,13.60307],[100.45267,13.60238],[100.45235,13.60171],[100.45228,13.6009],[100.4521,13.60059],[100.45204,13.59953],[100.45213,13.59834],[100.45184,13.59806],[100.45087,13.59661],[100.45101,13.59603],[100.45086,13.59471],[100.4501,13.59355],[100.44984,13.59253],[100.4492,13.59214],[100.44934,13.59105],[100.44908,13.59047],[100.44844,13.58987],[100.44834,13.58959],[100.44769,13.58912],[100.4476,13.58804],[100.44733,13.5876],[100.44664,13.58713],[100.44677,13.58649],[100.44668,13.58588],[100.44628,13.58495],[100.44638,13.58422],[100.4467,13.58356]]]}},{"type":"Feature","properties":{"name_th":"สน.เพชรเกษม","name_en":"PHET KASEM","type":"สน.","area_km2":18.922},"geometry":{"type":"Polygon","coordinates":[[[100.4262,13.70727],[100.42623,13.70713],[100.42626,13.70675],[100.42635,13.70469],[100.4264,13.70363],[100.42648,13.70233],[100.42657,13.70103],[100.42661,13.70011],[100.42662,13.69989],[100.42665,13.69964],[100.42665,13.69934],[100.42664,13.69904],[100.42659,13.69857],[100.42651,13.69815],[100.42652,13.69769],[100.42654,13.69697],[100.42652,13.69671],[100.42657,13.69568],[100.42662,13.69501],[100.42666,13.69456],[100.42676,13.69389],[100.42677,13.69356],[100.4268,13.69335],[100.42715,13.691],[100.42726,13.69055],[100.42748,13.68989],[100.42777,13.68759],[100.42777,13.68757],[100.42658,13.68689],[100.42604,13.68654],[100.42537,13.68616],[100.42499,13.68593],[100.42459,13.68564],[100.4243,13.68553],[100.42383,13.68529],[100.42342,13.68505],[100.42314,13.68485],[100.42274,13.68469],[100.42253,13.68452],[100.42251,13.6845],[100.4222,13.6843],[100.42204,13.6842],[100.42126,13.68376],[100.42101,13.68361],[100.41973,13.68296],[100.41926,13.6827],[100.4192,13.68267],[100.41826,13.68215],[100.41725,13.68164],[100.41573,13.68089],[100.41529,13.68065],[100.4148,13.68041],[100.4141,13.68004],[100.41302,13.67958],[100.4122,13.67913],[100.41084,13.67841],[100.40939,13.67765],[100.40866,13.67727],[100.40758,13.67674],[100.4068,13.67636],[100.40613,13.67597],[100.40525,13.6756],[100.4048,13.67533],[100.40289,13.67436],[100.40287,13.67432],[100.40279,13.67425],[100.40266,13.67418],[100.40256,13.67414],[100.40241,13.67411],[100.40215,13.67395],[100.40191,13.67385],[100.40163,13.67368],[100.40064,13.67321],[100.39897,13.67241],[100.39787,13.67184],[100.39743,13.67158],[100.39632,13.67102],[100.39602,13.67089],[100.39562,13.67065],[100.3952,13.67048],[100.3948,13.67029],[100.39438,13.66997],[100.39401,13.66963],[100.39358,13.66934],[100.3932,13.66918],[100.39274,13.66895],[100.39235,13.66885],[100.39192,13.66871],[100.39066,13.66866],[100.39013,13.66853],[100.39001,13.66852],[100.3895,13.66835],[100.38893,13.66813],[100.38836,13.66799],[100.38802,13.66897],[100.38759,13.66997],[100.38744,13.67034],[100.38733,13.67044],[100.38682,13.67064],[100.38641,13.67087],[100.38607,13.67092],[100.38541,13.6711],[100.38527,13.67113],[100.38514,13.67119],[100.38506,13.67125],[100.38496,13.67131],[100.38482,13.67133],[100.38482,13.6714],[100.3848,13.67229],[100.3848,13.67248],[100.38483,13.67271],[100.38489,13.67321],[100.38526,13.67582],[100.38381,13.67971],[100.38332,13.6818],[100.38309,13.68278],[100.38308,13.68285],[100.38282,13.68415],[100.38281,13.68421],[100.38281,13.68424],[100.3827,13.6859],[100.38267,13.68608],[100.38245,13.68741],[100.38229,13.68835],[100.38224,13.68852],[100.38221,13.68859],[100.3819,13.6892],[100.3819,13.68921],[100.38184,13.68948],[100.3818,13.68969],[100.38155,13.69097],[100.38148,13.6913],[100.3814,13.69155],[100.38139,13.69155],[100.38125,13.69152],[100.38114,13.69173],[100.37991,13.6942],[100.37938,13.69535],[100.37928,13.69557],[100.37699,13.70051],[100.37605,13.70253],[100.3735,13.70782],[100.37361,13.70783],[100.37822,13.70822],[100.3827,13.70859],[100.3906,13.70922],[100.4022,13.71017],[100.412,13.71094],[100.41574,13.71129],[100.42329,13.71189],[100.4259,13.7121],[100.42605,13.71085],[100.4261,13.70974],[100.42615,13.7087],[100.4262,13.70727]]]}},{"type":"Feature","properties":{"name_th":"สน.แสมดำ","name_en":"SAEM DAM","type":"สน.","area_km2":29.637},"geometry":{"type":"MultiPolygon","coordinates":[[[[100.38066,13.59818],[100.38074,13.59806],[100.38074,13.59806],[100.38066,13.59818]]],[[[100.38074,13.59806],[100.3806,13.59828],[100.38013,13.59902],[100.38001,13.59921],[100.37967,13.59976],[100.37954,13.59988],[100.37951,13.59992],[100.37919,13.60046],[100.37894,13.60091],[100.37868,13.60134],[100.37856,13.60127],[100.37849,13.60126],[100.3784,13.60129],[100.37835,13.60137],[100.37833,13.60146],[100.37836,13.60159],[100.37842,13.6017],[100.37842,13.6018],[100.37843,13.602],[100.3784,13.60217],[100.37833,13.60237],[100.37825,13.60262],[100.37823,13.60267],[100.37818,13.60287],[100.37807,13.60324],[100.37796,13.60355],[100.37789,13.6038],[100.37775,13.60428],[100.37748,13.60522],[100.37742,13.60543],[100.37737,13.60556],[100.37734,13.60571],[100.37729,13.60585],[100.37719,13.60619],[100.37715,13.60637],[100.37724,13.60642],[100.37717,13.60639],[100.37715,13.60638],[100.37715,13.60638],[100.37717,13.60639],[100.37724,13.60642],[100.37777,13.60659],[100.37788,13.60662],[100.3779,13.60662],[100.37828,13.60681],[100.37829,13.60685],[100.37827,13.60709],[100.37826,13.60724],[100.37821,13.608],[100.37821,13.60807],[100.37817,13.60834],[100.37808,13.60914],[100.37807,13.60927],[100.37813,13.60958],[100.37822,13.61017],[100.37823,13.61028],[100.37814,13.61042],[100.37801,13.61058],[100.37798,13.61059],[100.37775,13.61081],[100.37765,13.61071],[100.3776,13.61181],[100.37757,13.61259],[100.37715,13.61711],[100.37713,13.61853],[100.3771,13.62012],[100.37737,13.62037],[100.37724,13.62025],[100.37738,13.62038],[100.37739,13.62039],[100.37776,13.62073],[100.37797,13.62091],[100.37785,13.62103],[100.37724,13.62091],[100.37714,13.6215],[100.3767,13.62144],[100.37636,13.62135],[100.37624,13.62131],[100.3758,13.62116],[100.37514,13.62096],[100.37432,13.62069],[100.37399,13.62059],[100.37387,13.62059],[100.3737,13.62064],[100.37355,13.62068],[100.37322,13.62071],[100.37308,13.62071],[100.37278,13.62069],[100.37265,13.62067],[100.37234,13.62061],[100.37214,13.62059],[100.37204,13.62062],[100.37202,13.62066],[100.372,13.62077],[100.37187,13.62166],[100.3712,13.62455],[100.37132,13.62467],[100.37132,13.62467],[100.37133,13.62468],[100.37146,13.62479],[100.37149,13.62481],[100.37149,13.62481],[100.37155,13.62489],[100.37113,13.62553],[100.37107,13.62559],[100.37098,13.62565],[100.37092,13.62564],[100.3708,13.62555],[100.37064,13.62546],[100.37046,13.62539],[100.37038,13.62537],[100.37025,13.62538],[100.37017,13.62541],[100.36998,13.62551],[100.36984,13.62557],[100.36963,13.62561],[100.36948,13.62563],[100.36931,13.62561],[100.36918,13.62563],[100.36907,13.62566],[100.36866,13.62571],[100.36773,13.62604],[100.36739,13.62621],[100.3672,13.62629],[100.36716,13.62634],[100.36717,13.6265],[100.36732,13.62706],[100.36755,13.62762],[100.36749,13.628],[100.36731,13.62905],[100.36729,13.62919],[100.3671,13.63029],[100.36707,13.63041],[100.36698,13.63057],[100.36692,13.63073],[100.36684,13.63097],[100.36671,13.63137],[100.36667,13.63147],[100.36644,13.63199],[100.36643,13.63203],[100.36651,13.63215],[100.3665,13.63231],[100.36639,13.63276],[100.36696,13.63321],[100.36762,13.63375],[100.3682,13.63415],[100.3698,13.63544],[100.37182,13.6371],[100.37201,13.63708],[100.37265,13.63758],[100.37413,13.6387],[100.37488,13.63919],[100.37521,13.63948],[100.37567,13.63981],[100.3766,13.64037],[100.3771,13.64077],[100.37738,13.64104],[100.378,13.64141],[100.37842,13.64177],[100.37876,13.64207],[100.37946,13.64253],[100.37994,13.64296],[100.3812,13.64378],[100.38195,13.64415],[100.38274,13.64468],[100.3836,13.6452],[100.38434,13.64564],[100.38489,13.64584],[100.38531,13.64608],[100.38597,13.64657],[100.38648,13.64691],[100.38726,13.64732],[100.38858,13.64803],[100.38902,13.64834],[100.3896,13.64869],[100.39011,13.64899],[100.39106,13.64963],[100.39256,13.65045],[100.39372,13.65116],[100.39473,13.65173],[100.39604,13.65242],[100.39677,13.65267],[100.39725,13.65282],[100.39777,13.65329],[100.39796,13.65353],[100.39822,13.65374],[100.39842,13.65387],[100.39867,13.65399],[100.39942,13.6544],[100.40023,13.65487],[100.40119,13.65538],[100.40226,13.65599],[100.40346,13.65675],[100.40425,13.65723],[100.40489,13.65761],[100.40465,13.65375],[100.40472,13.6528],[100.40498,13.65174],[100.40539,13.65074],[100.40736,13.6474],[100.40891,13.6447],[100.40927,13.64437],[100.41039,13.64234],[100.41065,13.64204],[100.41229,13.64332],[100.41329,13.64409],[100.41434,13.64229],[100.41524,13.64087],[100.41538,13.64069],[100.41589,13.6403],[100.4166,13.63979],[100.41694,13.63941],[100.41762,13.63856],[100.41862,13.63724],[100.4199,13.63503],[100.42022,13.63472],[100.4205,13.63454],[100.42278,13.63419],[100.42339,13.63415],[100.42481,13.63406],[100.42512,13.63401],[100.42527,13.63395],[100.42561,13.63377],[100.42831,13.63246],[100.4299,13.63168],[100.43014,13.63153],[100.4312,13.63067],[100.43131,13.63062],[100.43196,13.63053],[100.43209,13.63049],[100.43222,13.63043],[100.43306,13.62964],[100.43315,13.6296],[100.43418,13.62971],[100.43454,13.628],[100.4349,13.62622],[100.4352,13.62492],[100.43531,13.62461],[100.43537,13.62456],[100.43628,13.62365],[100.43615,13.62345],[100.43617,13.62315],[100.4364,13.62278],[100.43675,13.6225],[100.4369,13.62217],[100.43684,13.62184],[100.4364,13.62117],[100.43593,13.62077],[100.43559,13.62076],[100.43529,13.62095],[100.43505,13.62157],[100.43505,13.622],[100.43492,13.62214],[100.43463,13.62214],[100.43442,13.62199],[100.4343,13.62173],[100.43428,13.62122],[100.43427,13.62078],[100.43406,13.62041],[100.43382,13.62016],[100.43329,13.62005],[100.43274,13.61989],[100.43233,13.6196],[100.43191,13.61929],[100.43161,13.61911],[100.43067,13.61876],[100.43027,13.61853],[100.42986,13.61799],[100.42951,13.6173],[100.42902,13.61694],[100.42771,13.61652],[100.42697,13.6164],[100.42652,13.61626],[100.42634,13.61603],[100.42637,13.61541],[100.42634,13.61501],[100.42616,13.61467],[100.42553,13.61424],[100.42464,13.61383],[100.42365,13.61346],[100.42296,13.61317],[100.42236,13.61289],[100.42156,13.61203],[100.42076,13.61093],[100.42013,13.6104],[100.4193,13.60988],[100.41834,13.60954],[100.41766,13.60929],[100.41711,13.60904],[100.4166,13.6087],[100.41616,13.60831],[100.41607,13.60816],[100.41588,13.60785],[100.41543,13.60746],[100.4143,13.60654],[100.41326,13.60574],[100.41232,13.6053],[100.4114,13.60506],[100.41078,13.60482],[100.41039,13.60456],[100.41018,13.60419],[100.40991,13.60356],[100.40965,13.60312],[100.40915,13.60276],[100.40841,13.60249],[100.40743,13.60216],[100.40675,13.60176],[100.40566,13.60079],[100.40357,13.5993],[100.40272,13.59864],[100.40202,13.59812],[100.40165,13.59775],[100.40129,13.59724],[100.40098,13.59681],[100.4005,13.59652],[100.4,13.59649],[100.3997,13.59646],[100.39942,13.59632],[100.39934,13.59609],[100.39948,13.59575],[100.39984,13.59532],[100.40014,13.59473],[100.40016,13.59429],[100.39987,13.59385],[100.39941,13.59359],[100.39859,13.59379],[100.39771,13.59444],[100.3972,13.59478],[100.3969,13.5948],[100.39668,13.5946],[100.3966,13.59416],[100.39646,13.59344],[100.39618,13.59293],[100.39586,13.59264],[100.3955,13.59249],[100.39427,13.59228],[100.39296,13.59203],[100.39095,13.59137],[100.38799,13.59015],[100.38435,13.58878],[100.38436,13.58891],[100.38439,13.58915],[100.38439,13.5892],[100.38437,13.58933],[100.38439,13.58936],[100.3844,13.58949],[100.3844,13.58962],[100.38436,13.58966],[100.38427,13.58965],[100.38423,13.58961],[100.38422,13.58959],[100.38421,13.58959],[100.38422,13.58959],[100.38423,13.5896],[100.3842,13.58958],[100.38412,13.58955],[100.38395,13.58959],[100.38381,13.58959],[100.38371,13.58954],[100.38359,13.58955],[100.3834,13.58971],[100.38313,13.58996],[100.38311,13.59001],[100.38308,13.59011],[100.38302,13.59018],[100.38278,13.59029],[100.38271,13.59029],[100.38258,13.59025],[100.38249,13.59028],[100.3824,13.59041],[100.38228,13.59053],[100.38216,13.59063],[100.38212,13.5907],[100.3821,13.5908],[100.38206,13.59083],[100.38193,13.59085],[100.38178,13.59093],[100.38167,13.59095],[100.38163,13.59099],[100.3816,13.59112],[100.38157,13.59119],[100.38153,13.59122],[100.38141,13.59125],[100.38131,13.59131],[100.38122,13.59139],[100.38111,13.59138],[100.38101,13.59139],[100.38098,13.59143],[100.38098,13.59148],[100.38103,13.59163],[100.38103,13.5917],[100.381,13.59177],[100.38102,13.59184],[100.3812,13.59221],[100.38131,13.5925],[100.38138,13.5926],[100.38153,13.5927],[100.38143,13.59267],[100.38144,13.59267],[100.38154,13.59271],[100.38165,13.59273],[100.38265,13.59315],[100.38322,13.59341],[100.38328,13.59344],[100.38333,13.59349],[100.38336,13.59365],[100.38336,13.59373],[100.38335,13.59377],[100.38298,13.59438],[100.3829,13.59448],[100.38269,13.59482],[100.38263,13.59491],[100.38248,13.59519],[100.38243,13.59525],[100.38223,13.59559],[100.38221,13.59564],[100.38208,13.59583],[100.38163,13.59659],[100.38136,13.59706],[100.38094,13.59778],[100.38082,13.59802],[100.38074,13.59806]]]]}},{"type":"Feature","properties":{"name_th":"สน.โคกคราม","name_en":"KHOK KHRAM","type":"สน.","area_km2":14.488},"geometry":{"type":"Polygon","coordinates":[[[100.64058,13.85038],[100.64337,13.84884],[100.64607,13.84737],[100.64804,13.8463],[100.65015,13.84516],[100.65364,13.84326],[100.66092,13.83931],[100.66246,13.83848],[100.66343,13.83766],[100.66759,13.8336],[100.67524,13.82616],[100.67561,13.8258],[100.67493,13.82553],[100.6741,13.82521],[100.67357,13.82493],[100.67155,13.82317],[100.67102,13.82372],[100.67034,13.82362],[100.66499,13.82276],[100.666,13.81813],[100.66124,13.8171],[100.6612,13.8171],[100.66011,13.81711],[100.65796,13.8171],[100.65541,13.81708],[100.65542,13.81747],[100.6538,13.81818],[100.65301,13.81636],[100.65114,13.81204],[100.64973,13.80875],[100.64921,13.80755],[100.64884,13.80677],[100.64835,13.80716],[100.64798,13.80736],[100.64763,13.80758],[100.64732,13.80781],[100.64727,13.80788],[100.64715,13.80794],[100.64669,13.80854],[100.64596,13.80952],[100.64536,13.81034],[100.64504,13.81067],[100.64491,13.81092],[100.64488,13.81113],[100.64474,13.8114],[100.64471,13.81152],[100.64459,13.81174],[100.64452,13.81188],[100.64436,13.81211],[100.6441,13.81237],[100.6432,13.81327],[100.64256,13.81394],[100.64203,13.8145],[100.64118,13.81546],[100.64073,13.81618],[100.64064,13.81641],[100.64029,13.81728],[100.6398,13.8189],[100.63973,13.81897],[100.63905,13.81896],[100.63831,13.81898],[100.63722,13.81899],[100.63651,13.81902],[100.6358,13.81906],[100.63534,13.81905],[100.63457,13.81905],[100.63387,13.81907],[100.63318,13.81907],[100.6322,13.81912],[100.63135,13.81917],[100.63124,13.81918],[100.63023,13.81926],[100.62936,13.81926],[100.62886,13.81935],[100.6287,13.81936],[100.62864,13.81936],[100.62858,13.81936],[100.62839,13.81934],[100.62791,13.81926],[100.62769,13.81924],[100.62735,13.81921],[100.62695,13.81924],[100.62605,13.81924],[100.62605,13.81928],[100.62608,13.81943],[100.62618,13.81973],[100.62628,13.82007],[100.62637,13.82048],[100.62642,13.82072],[100.62653,13.82108],[100.62664,13.82151],[100.62683,13.82182],[100.62749,13.82292],[100.62797,13.82374],[100.62888,13.82605],[100.62948,13.82748],[100.62977,13.82876],[100.62984,13.82903],[100.62998,13.82907],[100.63048,13.8293],[100.63058,13.82939],[100.63064,13.82954],[100.63067,13.82998],[100.63063,13.83024],[100.63066,13.83117],[100.63067,13.8314],[100.63065,13.83204],[100.63083,13.83251],[100.63116,13.83326],[100.63148,13.83392],[100.63144,13.83397],[100.6312,13.8341],[100.63092,13.83424],[100.63091,13.83429],[100.6309,13.83436],[100.63092,13.83468],[100.63094,13.83479],[100.63094,13.83503],[100.63095,13.83532],[100.63097,13.83557],[100.631,13.83578],[100.63102,13.83595],[100.631,13.83666],[100.63097,13.83689],[100.63089,13.83741],[100.63076,13.8389],[100.63073,13.8395],[100.6307,13.83953],[100.63064,13.83953],[100.63017,13.83944],[100.62997,13.83945],[100.62982,13.83948],[100.62944,13.83949],[100.62935,13.83954],[100.62929,13.8396],[100.62923,13.83967],[100.6291,13.83997],[100.62898,13.84011],[100.62888,13.84023],[100.62884,13.84036],[100.62889,13.84052],[100.62918,13.84111],[100.62919,13.84118],[100.6292,13.84125],[100.62915,13.84136],[100.62908,13.84149],[100.62893,13.8417],[100.62882,13.84208],[100.62865,13.8425],[100.62866,13.84262],[100.62866,13.84271],[100.62855,13.84292],[100.62851,13.84297],[100.62844,13.84306],[100.62829,13.8432],[100.62806,13.84341],[100.62781,13.84357],[100.62773,13.84362],[100.62716,13.84394],[100.62666,13.84417],[100.6264,13.84432],[100.62629,13.84439],[100.62616,13.84448],[100.62605,13.84454],[100.62588,13.84463],[100.62538,13.84489],[100.62519,13.84498],[100.62453,13.84533],[100.62453,13.84533],[100.62417,13.84552],[100.62352,13.84585],[100.62334,13.84602],[100.6232,13.84616],[100.62317,13.84619],[100.6227,13.84663],[100.62218,13.84695],[100.62213,13.84699],[100.62203,13.84707],[100.62268,13.84764],[100.62344,13.84828],[100.62472,13.84933],[100.62581,13.85019],[100.6262,13.85048],[100.62639,13.85054],[100.6266,13.85058],[100.62893,13.851],[100.62905,13.85106],[100.62913,13.85112],[100.62954,13.85186],[100.63134,13.85533],[100.64058,13.85038]]]}},{"type":"Feature","properties":{"name_th":"สน.โชคชัย","name_en":"CHOK CHAI","type":"สน.","area_km2":27.503},"geometry":{"type":"Polygon","coordinates":[[[100.61965,13.84846],[100.61966,13.84846],[100.6198,13.84843],[100.6207,13.84812],[100.62084,13.84805],[100.62089,13.84803],[100.62091,13.84801],[100.62157,13.84727],[100.62178,13.84711],[100.62185,13.84709],[100.62189,13.84708],[100.62192,13.84707],[100.622,13.84707],[100.62203,13.84707],[100.62213,13.84699],[100.62218,13.84695],[100.6227,13.84663],[100.62317,13.84619],[100.6232,13.84616],[100.62334,13.84602],[100.62352,13.84585],[100.62417,13.84552],[100.62453,13.84533],[100.62453,13.84533],[100.62519,13.84498],[100.62538,13.84489],[100.62588,13.84463],[100.62605,13.84454],[100.62616,13.84448],[100.62629,13.84439],[100.6264,13.84432],[100.62666,13.84417],[100.62716,13.84394],[100.62773,13.84362],[100.62781,13.84357],[100.62806,13.84341],[100.62829,13.8432],[100.62844,13.84306],[100.62851,13.84297],[100.62855,13.84292],[100.62866,13.84271],[100.62866,13.84262],[100.62865,13.8425],[100.62882,13.84208],[100.62893,13.8417],[100.62908,13.84149],[100.62915,13.84136],[100.6292,13.84125],[100.62919,13.84118],[100.62918,13.84111],[100.62889,13.84052],[100.62884,13.84036],[100.62888,13.84023],[100.62898,13.84011],[100.6291,13.83997],[100.62923,13.83967],[100.62929,13.8396],[100.62935,13.83954],[100.62944,13.83949],[100.62982,13.83948],[100.62997,13.83945],[100.63017,13.83944],[100.63064,13.83953],[100.6307,13.83953],[100.63073,13.8395],[100.63076,13.8389],[100.63089,13.83741],[100.63097,13.83689],[100.631,13.83666],[100.63102,13.83595],[100.631,13.83578],[100.63097,13.83557],[100.63095,13.83532],[100.63094,13.83503],[100.63094,13.83479],[100.63092,13.83468],[100.6309,13.83436],[100.63091,13.83429],[100.63092,13.83424],[100.6312,13.8341],[100.63144,13.83397],[100.63148,13.83392],[100.63116,13.83326],[100.63083,13.83251],[100.63065,13.83204],[100.63067,13.8314],[100.63066,13.83117],[100.63063,13.83024],[100.63067,13.82998],[100.63064,13.82954],[100.63058,13.82939],[100.63048,13.8293],[100.62998,13.82907],[100.62984,13.82903],[100.62977,13.82876],[100.62948,13.82748],[100.62888,13.82605],[100.62797,13.82374],[100.62749,13.82292],[100.62683,13.82182],[100.62664,13.82151],[100.62653,13.82108],[100.62642,13.82072],[100.62637,13.82048],[100.62628,13.82007],[100.62618,13.81973],[100.62608,13.81943],[100.62605,13.81928],[100.62605,13.81924],[100.626,13.81915],[100.62592,13.81893],[100.62582,13.81855],[100.62575,13.81833],[100.62571,13.81804],[100.62564,13.81776],[100.62554,13.8175],[100.62548,13.81738],[100.62527,13.81669],[100.62523,13.81638],[100.62485,13.81511],[100.62466,13.81464],[100.62464,13.81446],[100.62447,13.81391],[100.62431,13.8135],[100.62423,13.81315],[100.62408,13.81258],[100.62393,13.81216],[100.62386,13.81185],[100.62372,13.81132],[100.62353,13.81066],[100.62349,13.81042],[100.62342,13.81018],[100.62338,13.81],[100.62323,13.80961],[100.62293,13.8087],[100.62254,13.80813],[100.62206,13.80746],[100.62207,13.80735],[100.62232,13.80704],[100.62243,13.80677],[100.62254,13.80608],[100.623,13.80342],[100.62359,13.80034],[100.62361,13.80021],[100.62391,13.79866],[100.62418,13.79711],[100.6242,13.79701],[100.62424,13.79676],[100.62438,13.79639],[100.62442,13.79581],[100.62462,13.79522],[100.62479,13.79411],[100.62492,13.79337],[100.62509,13.79266],[100.62542,13.7905],[100.62576,13.78864],[100.62595,13.78802],[100.62612,13.78739],[100.62635,13.78567],[100.62655,13.78457],[100.62672,13.78389],[100.62681,13.78317],[100.62723,13.78108],[100.62747,13.78014],[100.62751,13.77957],[100.62764,13.77906],[100.62775,13.77818],[100.62793,13.77727],[100.62799,13.77662],[100.62824,13.7758],[100.62827,13.77544],[100.62041,13.77983],[100.61965,13.78025],[100.61255,13.78423],[100.6079,13.7868],[100.60159,13.79034],[100.59974,13.79137],[100.59975,13.78912],[100.59368,13.78893],[100.59351,13.7889],[100.59064,13.78887],[100.59013,13.78889],[100.59009,13.78889],[100.59,13.78889],[100.58999,13.78937],[100.58966,13.7904],[100.58951,13.79095],[100.58936,13.79179],[100.58935,13.79253],[100.58931,13.79342],[100.5893,13.79449],[100.58931,13.79532],[100.58926,13.79613],[100.58918,13.79681],[100.58912,13.79732],[100.58901,13.79825],[100.58899,13.79905],[100.58899,13.79987],[100.58897,13.80042],[100.5888,13.8012],[100.58871,13.80164],[100.58838,13.80249],[100.58825,13.80291],[100.58828,13.80308],[100.58829,13.80312],[100.58863,13.80415],[100.58866,13.8044],[100.58866,13.80478],[100.58864,13.80558],[100.58864,13.80684],[100.58865,13.80787],[100.58867,13.80865],[100.5888,13.80936],[100.58889,13.80989],[100.58891,13.81047],[100.58878,13.81098],[100.58865,13.81136],[100.58849,13.81166],[100.5884,13.81192],[100.58835,13.81228],[100.58837,13.81261],[100.58849,13.81283],[100.58866,13.81311],[100.58877,13.81333],[100.58883,13.81367],[100.58885,13.8144],[100.58893,13.81512],[100.5892,13.81594],[100.58928,13.81639],[100.58935,13.81709],[100.58939,13.81761],[100.58943,13.81802],[100.58932,13.81854],[100.58924,13.81893],[100.58914,13.81954],[100.58913,13.8199],[100.58916,13.82038],[100.58919,13.82085],[100.58922,13.82133],[100.58923,13.82174],[100.58924,13.82205],[100.58919,13.82249],[100.58922,13.82274],[100.5891,13.8233],[100.58902,13.82385],[100.58899,13.82417],[100.58911,13.82471],[100.58938,13.8256],[100.58948,13.82622],[100.58961,13.82708],[100.58965,13.82755],[100.58975,13.82823],[100.58979,13.82857],[100.58984,13.82917],[100.58982,13.83003],[100.58981,13.83066],[100.58973,13.83111],[100.5897,13.83155],[100.58971,13.83183],[100.58975,13.83212],[100.58978,13.83229],[100.58979,13.83231],[100.58985,13.83273],[100.58993,13.83323],[100.5901,13.8339],[100.59025,13.83434],[100.59034,13.8347],[100.59046,13.83525],[100.5906,13.83568],[100.59075,13.83645],[100.59091,13.83733],[100.59091,13.83794],[100.59081,13.83877],[100.59063,13.83932],[100.59049,13.84002],[100.5902,13.8411],[100.59004,13.84199],[100.58985,13.84284],[100.58967,13.84376],[100.58988,13.84386],[100.59002,13.84394],[100.59051,13.84405],[100.59096,13.84417],[100.59157,13.84439],[100.59183,13.8445],[100.59218,13.84465],[100.59246,13.84477],[100.59304,13.845],[100.59354,13.84516],[100.59398,13.84532],[100.59433,13.84537],[100.59529,13.8456],[100.59531,13.84561],[100.59537,13.84562],[100.59538,13.84562],[100.5956,13.84568],[100.59695,13.84579],[100.59753,13.84609],[100.59777,13.84615],[100.59803,13.84618],[100.59809,13.84618],[100.5983,13.8462],[100.59855,13.84631],[100.59933,13.84642],[100.60049,13.84662],[100.60081,13.84665],[100.60144,13.84669],[100.60181,13.84676],[100.60236,13.84685],[100.60318,13.84738],[100.60409,13.84797],[100.60429,13.84811],[100.60445,13.84818],[100.60478,13.84835],[100.60529,13.84863],[100.60576,13.84886],[100.60588,13.84889],[100.60603,13.84897],[100.6065,13.84916],[100.60701,13.84929],[100.60721,13.84926],[100.60755,13.84926],[100.60775,13.84921],[100.60819,13.84917],[100.60849,13.84909],[100.60862,13.84906],[100.6089,13.8491],[100.60922,13.8491],[100.6094,13.84909],[100.60957,13.8491],[100.60969,13.8491],[100.60972,13.84911],[100.61001,13.84911],[100.61021,13.84912],[100.61022,13.84912],[100.61042,13.84912],[100.61059,13.84909],[100.61095,13.84907],[100.61124,13.8491],[100.61155,13.84913],[100.61243,13.84914],[100.61272,13.84911],[100.61358,13.84911],[100.61418,13.84909],[100.61496,13.84899],[100.61498,13.84899],[100.61515,13.84897],[100.61671,13.84881],[100.61776,13.84872],[100.61889,13.84853],[100.61964,13.84847],[100.61965,13.84846]]]}},{"type":"Feature","properties":{"name_th":"สภ.ตำบลสำโรงใต้","name_en":"SAMRONG TAI","type":"สภ.","area_km2":0.0},"geometry":{"type":"Polygon","coordinates":[[[100.59223,13.66352],[100.59223,13.66352],[100.59222,13.66352],[100.59215,13.66355],[100.58905,13.66478],[100.59223,13.66352]]]}},{"type":"Feature","properties":{"name_th":"สภ.อำเภอพระสมุทรเจดีย์","name_en":"PHRA SAMUT CHEDI","type":"สภ.","area_km2":0.0},"geometry":{"type":"Polygon","coordinates":[[[100.4541,13.49981],[100.45407,13.49998],[100.45411,13.49981],[100.4541,13.49981]]]}},{"type":"Feature","properties":{"name_th":"สภ.อำเภอลำลูกกา","name_en":"LAM LUK KA","type":"สภ.","area_km2":0.001},"geometry":{"type":"Polygon","coordinates":[[[100.79248,13.9315],[100.79198,13.93131],[100.79184,13.93121],[100.79147,13.93111],[100.79139,13.93115],[100.79129,13.93114],[100.7925,13.93151],[100.79284,13.93154],[100.79262,13.93149],[100.7925,13.9315],[100.79248,13.9315]]]}}]}